{
    "config": {
        "task": "img-classification",
        "dataset": "cifar-10",
        "metric": "acc",
        "model": "GenFractalNet-fb859821a2c2e69c4be491a222d69112"
    },
    "hyperparameters": {
        "lr": 0.001,
        "momentum": 0.9,
        "batch": 64,
        "epoch": 1,
        "transform": "norm_32_flip",
        "max_batches": null,
        "uid": "844fa18fcaaac2a828a4ea18152f334d",
        "duration": 37306939599,
        "accuracy": 0.5559,
        "train_loss": 1.2361556206212934,
        "test_loss": 1.245803141290215,
        "train_accuracy": 0.56054,
        "gradient_norm": 0.9745272543447547,
        "samples_per_second": 1340.2417018947356,
        "best_accuracy": 0.5559,
        "best_epoch": 1,
        "cpu_type": "x86_64",
        "cpu_count": 32,
        "total_ram_kb": 131724388.0,
        "gpu_type": "NVIDIA GeForce RTX 3090",
        "gpu_total_memory_kb": 24703168.0,
        "occupied_ram_kb": 17147744.0,
        "ram_usage_percent": 15.3,
        "cpu_usage_percent": 0.6,
        "occupied_gpu_memory_kb": 128317.5,
        "gpu_memory_usage_percent": 0.52,
        "gpu_memory_kb": 5182624.5
    },
    "training_summary": {
        "total_epochs": 1,
        "best_accuracy": 0.5559,
        "final_accuracy": 0.5559
    },
    "uid": "fb859821a2c2e69c4be491a222d69112"
}