{
    "eval_args": {
        "model_package": "/home/ghaffar/nn-dataset/scratch/auto_train_loop/run_Blip2Fast-A4-B0/Blip2Fast-A4-B0",
        "task": "img-captioning",
        "dataset": "coco",
        "metric": "bleu",
        "prm": {
            "lr": 0.0001,
            "batch": 32,
            "dropout": 0.2,
            "momentum": 0.9,
            "transform": "cached_blip2",
            "epoch": 5,
            "limit": 7000,
            "num_workers": 8,
            "pin_memory": false,
            "feature_cache_dir": null,
            "feature_cache_mode": "read",
            "freeze_gpt2": false,
            "uid": "83ed2ee4d2b999adadb2895d63d8dcc7",
            "duration": 1469837158618,
            "accuracy": 0.04366783244480426,
            "train_loss": 1.3400472257309486,
            "test_loss": 1.1132988594472408,
            "train_accuracy": 0.0,
            "gradient_norm": 0.9999994272651247,
            "samples_per_second": 297.1199684024144,
            "best_accuracy": 0.045505557301178806,
            "best_epoch": 2,
            "cpu_type": "x86_64",
            "cpu_count": 16,
            "total_ram_kb": 31935912.0,
            "gpu_type": "NVIDIA GeForce RTX 4090",
            "gpu_total_memory_kb": 24635840.0,
            "occupied_ram_kb": 17725332.0,
            "ram_usage_percent": 55.5,
            "cpu_usage_percent": 6.2,
            "occupied_gpu_memory_kb": 4650805.0,
            "gpu_memory_usage_percent": 18.88,
            "gpu_memory_kb": 8136461.0,
            "metric_bleu": 0.04366783244480426
        }
    },
    "eval_results": [
        "5aca3210ff854f7ef60184af54ac452e",
        0.04366783244480426,
        0.0029028952081278357,
        0.98
    ],
    "cli_args": {
        "task": "img-captioning",
        "dataset": "coco",
        "metric": "bleu"
    }
}