{
    "config": {
        "task": "img-classification",
        "dataset": "cifar-10",
        "metric": "acc",
        "model": "GenFractalNet-e48c572f9a8ba7e66e639187c08a089b"
    },
    "hyperparameters": {
        "lr": 0.01,
        "momentum": 0.75,
        "batch": 64,
        "epoch": 1,
        "transform": "norm_32_flip",
        "max_batches": null,
        "uid": "d091050f01990917d03203023019d417",
        "duration": 32985853229,
        "accuracy": 0.4046,
        "train_loss": 1.6130867530317867,
        "test_loss": 1.6117302156557702,
        "train_accuracy": 0.40146,
        "gradient_norm": 0.806649213832431,
        "samples_per_second": 1515.813239011367,
        "best_accuracy": 0.4046,
        "best_epoch": 1,
        "cpu_type": "x86_64",
        "cpu_count": 32,
        "total_ram_kb": 131724388.0,
        "gpu_type": "NVIDIA GeForce RTX 4090",
        "gpu_total_memory_kb": 24658816.0,
        "occupied_ram_kb": 17338880.0,
        "ram_usage_percent": 15.5,
        "cpu_usage_percent": 0.0,
        "occupied_gpu_memory_kb": 118329.5,
        "gpu_memory_usage_percent": 0.48,
        "gpu_memory_kb": 5660059.5
    },
    "training_summary": {
        "total_epochs": 1,
        "best_accuracy": 0.4046,
        "final_accuracy": 0.4046
    },
    "uid": "e48c572f9a8ba7e66e639187c08a089b"
}