{
    "eval_args": {
        "model_package": "/home/s497466/nn-gpt/out/nngpt/llm/epoch/A0/synth_nn/B18",
        "task": "img-classification",
        "dataset": "imagenette",
        "metric": "acc",
        "prm": {
            "lr": 0.01,
            "batch": 32,
            "dropout": 0.2,
            "momentum": 0.9,
            "transform": "norm_256_flip",
            "stochastic_depth_prob": 0.0,
            "norm_eps": 1e-05,
            "norm_std": 0.5,
            "tie_weights": 0.0,
            "dropout_aux": 0.0,
            "attention_dropout": 0.0,
            "norm_momentum": 0.1,
            "score_thresh": 0.01,
            "nms_thresh": 0.45,
            "iou_thresh": 0.5,
            "detections_per_img": 0.5,
            "topk_candidates": 0.5,
            "neg_to_pos_ratio": 0.5,
            "pretrained": 0.0,
            "patch_size": 0.125,
            "epoch": 1,
            "uid": "b9095d884c36ec05935d296b86e19df1",
            "duration": 155689464751,
            "duration_seconds": 155.69,
            "accuracy": 0.22878980891719744,
            "train_stat": {
                "train_loss": 1.8664685390053235,
                "test_loss": 2.2389059212149642,
                "train_accuracy": 0.34121871369732815,
                "gradient_norm": 2.999999655750318,
                "samples_per_second": 60.822664848992154,
                "best_accuracy": 0.22878980891719744,
                "best_epoch": 1,
                "epoch_max": 1,
                "cpu_count": 128,
                "cpu_type": "x86_64",
                "cpu_usage_percent": 7.2,
                "total_ram_kb": 1056603672.0,
                "occupied_ram_kb": 186260308.0,
                "ram_usage_percent": 17.6,
                "gpu_type": "NVIDIA L40S",
                "gpu_memory_kb": 23051109.0,
                "gpu_total_memory_kb": 46550528.0,
                "occupied_gpu_memory_kb": 220598.0,
                "gpu_memory_usage_percent": 0.47
            },
            "metric_acc": 0.22878980891719744
        }
    },
    "eval_results": {
        "checksum": "FractalFusion-5b-e7e094447713bc6328c373f002f24d05",
        "accuracy": 0.22878980891719744,
        "full_result": "('FractalFusion-5b-e7e094447713bc6328c373f002f24d05', 0.22878980891719744, 0.08272223757925805, 0.59)"
    },
    "cli_args": {
        "task": "img-classification",
        "dataset": "imagenette",
        "metric": "acc",
        "lr": 0.01,
        "batch": 32,
        "dropout": 0.2,
        "momentum": 0.9,
        "transform": "norm_256_flip"
    }
}