{
    "config": {
        "task": "img-classification",
        "dataset": "cifar-10",
        "metric": "acc",
        "model": "GenFractalNet-5506e656d9af8caf37230c664ba49104"
    },
    "hyperparameters": {
        "lr": 0.01,
        "momentum": 0.75,
        "batch": 64,
        "epoch": 1,
        "transform": "norm_32_flip",
        "max_batches": null,
        "uid": "d091050f01990917d03203023019d417",
        "duration": 33107961838,
        "accuracy": 0.3823,
        "train_loss": 1.669925443351726,
        "test_loss": 1.6550796715317257,
        "train_accuracy": 0.37772,
        "gradient_norm": 0.8581610810378962,
        "samples_per_second": 1510.2218560624224,
        "best_accuracy": 0.3823,
        "best_epoch": 1,
        "cpu_type": "x86_64",
        "cpu_count": 32,
        "total_ram_kb": 131724388.0,
        "gpu_type": "NVIDIA GeForce RTX 4090",
        "gpu_total_memory_kb": 24658816.0,
        "occupied_ram_kb": 17300408.0,
        "ram_usage_percent": 15.5,
        "cpu_usage_percent": 3.7,
        "occupied_gpu_memory_kb": 51863.5,
        "gpu_memory_usage_percent": 0.21,
        "gpu_memory_kb": 5660059.5
    },
    "training_summary": {
        "total_epochs": 1,
        "best_accuracy": 0.3823,
        "final_accuracy": 0.3823
    },
    "uid": "5506e656d9af8caf37230c664ba49104"
}