{
    "eval_args": {
        "model_package": "/home/s497466/nn-gpt/out/nngpt/llm/epoch/A0/synth_nn/B66",
        "task": "img-classification",
        "dataset": "imagenette",
        "metric": "acc",
        "prm": {
            "lr": 0.01,
            "batch": 32,
            "dropout": 0.2,
            "momentum": 0.9,
            "transform": "norm_256_flip",
            "stochastic_depth_prob": 0.0,
            "norm_eps": 1e-05,
            "norm_std": 0.5,
            "tie_weights": 0.0,
            "dropout_aux": 0.0,
            "attention_dropout": 0.0,
            "norm_momentum": 0.1,
            "score_thresh": 0.01,
            "nms_thresh": 0.45,
            "iou_thresh": 0.5,
            "detections_per_img": 0.5,
            "topk_candidates": 0.5,
            "neg_to_pos_ratio": 0.5,
            "pretrained": 0.0,
            "patch_size": 0.125,
            "epoch": 1,
            "uid": "b9095d884c36ec05935d296b86e19df1",
            "duration": 129569494784,
            "duration_seconds": 129.57,
            "accuracy": 0.2354140127388535,
            "train_stat": {
                "train_loss": 1.8866211530688648,
                "test_loss": 2.6554833936497446,
                "train_accuracy": 0.3480832189249129,
                "gradient_norm": 2.999999773921227,
                "samples_per_second": 73.08497686239684,
                "best_accuracy": 0.2354140127388535,
                "best_epoch": 1,
                "epoch_max": 1,
                "cpu_count": 128,
                "cpu_type": "x86_64",
                "cpu_usage_percent": 0.2,
                "total_ram_kb": 527801156.0,
                "occupied_ram_kb": 43028608.0,
                "ram_usage_percent": 8.2,
                "gpu_type": "NVIDIA L40",
                "gpu_memory_kb": 16944610.5,
                "gpu_total_memory_kb": 49677504.0,
                "occupied_gpu_memory_kb": 229930.5,
                "gpu_memory_usage_percent": 0.46
            },
            "metric_acc": 0.2354140127388535
        }
    },
    "eval_results": {
        "checksum": "FractalFusion-1b-ca2f0936a456cf43073409f504dfee97",
        "accuracy": 0.2354140127388535,
        "full_result": "('FractalFusion-1b-ca2f0936a456cf43073409f504dfee97', 0.2354140127388535, 0.10451072064809443, 0.59)"
    },
    "cli_args": {
        "task": "img-classification",
        "dataset": "imagenette",
        "metric": "acc",
        "lr": 0.01,
        "batch": 32,
        "dropout": 0.2,
        "momentum": 0.9,
        "transform": "norm_256_flip"
    }
}