{
    "config": {
        "task": "img-classification",
        "dataset": "cifar-10",
        "metric": "acc",
        "model": "GenFractalNet-0ee766f6aa3b39f596d083b8de741c6c"
    },
    "hyperparameters": {
        "lr": 0.001,
        "momentum": 0.95,
        "batch": 64,
        "epoch": 1,
        "transform": "norm_32_flip",
        "max_batches": null,
        "uid": "413233aa5202d01e749eded26a1af0b4",
        "duration": 39866739469,
        "accuracy": 0.3033,
        "train_loss": 1.8256625222123188,
        "test_loss": 1.8243474087138085,
        "train_accuracy": 0.30598,
        "gradient_norm": 0.37500920861164516,
        "samples_per_second": 1254.1888803349234,
        "best_accuracy": 0.3033,
        "best_epoch": 1,
        "cpu_type": "x86_64",
        "cpu_count": 32,
        "total_ram_kb": 131724388.0,
        "gpu_type": "NVIDIA GeForce RTX 3090",
        "gpu_total_memory_kb": 24703168.0,
        "occupied_ram_kb": 17223024.0,
        "ram_usage_percent": 15.3,
        "cpu_usage_percent": 0.0,
        "occupied_gpu_memory_kb": 45423.0,
        "gpu_memory_usage_percent": 0.18,
        "gpu_memory_kb": 4036321.5
    },
    "training_summary": {
        "total_epochs": 1,
        "best_accuracy": 0.3033,
        "final_accuracy": 0.3033
    },
    "uid": "0ee766f6aa3b39f596d083b8de741c6c"
}