{
    "config": {
        "task": "img-classification",
        "dataset": "cifar-10",
        "metric": "acc",
        "model": "GenFractalNet-85356f192086f4630aa88874b4053548"
    },
    "hyperparameters": {
        "lr": 0.003,
        "momentum": 0.95,
        "batch": 64,
        "epoch": 1,
        "transform": "norm_32_flip",
        "max_batches": null,
        "uid": "9ea869fde7b3127470ef4c9a9f95d4c3",
        "duration": 40308695214,
        "accuracy": 0.4784,
        "train_loss": 1.4410106263807059,
        "test_loss": 1.4521409250368738,
        "train_accuracy": 0.4879,
        "gradient_norm": 1.386756761851746,
        "samples_per_second": 1240.4344774737656,
        "best_accuracy": 0.4784,
        "best_epoch": 1,
        "cpu_type": "x86_64",
        "cpu_count": 128,
        "total_ram_kb": 263708948.0,
        "gpu_type": "NVIDIA GeForce RTX 3090",
        "gpu_total_memory_kb": 24703168.0,
        "occupied_ram_kb": 24628948.0,
        "ram_usage_percent": 11.1,
        "cpu_usage_percent": 1.6,
        "occupied_gpu_memory_kb": 115043.5,
        "gpu_memory_usage_percent": 0.47,
        "gpu_memory_kb": 1827162.5
    },
    "training_summary": {
        "total_epochs": 1,
        "best_accuracy": 0.4784,
        "final_accuracy": 0.4784
    },
    "uid": "85356f192086f4630aa88874b4053548"
}