{
    "config": {
        "task": "img-classification",
        "dataset": "cifar-10",
        "metric": "acc",
        "model": "GenFractalNet-8c23448922b1cfa4d192bc2f45922704"
    },
    "hyperparameters": {
        "lr": 0.003,
        "momentum": 0.85,
        "batch": 64,
        "epoch": 1,
        "transform": "norm_32_flip",
        "max_batches": null,
        "uid": "2f2d598760b629b9174e1f9aaeecca8a",
        "duration": 34015997921,
        "accuracy": 0.5122,
        "train_loss": 1.3291992508541897,
        "test_loss": 1.335026399345155,
        "train_accuracy": 0.5148,
        "gradient_norm": 1.2578548492720196,
        "samples_per_second": 1469.9044621533717,
        "best_accuracy": 0.5122,
        "best_epoch": 1,
        "cpu_type": "x86_64",
        "cpu_count": 32,
        "total_ram_kb": 131724388.0,
        "gpu_type": "NVIDIA GeForce RTX 3090",
        "gpu_total_memory_kb": 24703168.0,
        "occupied_ram_kb": 36141452.0,
        "ram_usage_percent": 29.8,
        "cpu_usage_percent": 3.7,
        "occupied_gpu_memory_kb": 18342.0,
        "gpu_memory_usage_percent": 0.07,
        "gpu_memory_kb": 4742913.5
    },
    "training_summary": {
        "total_epochs": 1,
        "best_accuracy": 0.5122,
        "final_accuracy": 0.5122
    },
    "uid": "8c23448922b1cfa4d192bc2f45922704"
}