{
    "config": {
        "task": "img-classification",
        "dataset": "cifar-10",
        "metric": "acc",
        "model": "GenFractalNet-da0ec5c5529898f77da9b6fe88b0e3ed"
    },
    "hyperparameters": {
        "lr": 0.003,
        "momentum": 0.92,
        "batch": 64,
        "epoch": 1,
        "transform": "norm_32_flip",
        "max_batches": null,
        "uid": "69a6050c3922e50596d976d13608a704",
        "duration": 32576112491,
        "accuracy": 0.3379,
        "train_loss": 1.7272493005408656,
        "test_loss": 1.7239096331748234,
        "train_accuracy": 0.33672,
        "gradient_norm": 2.197733309946622,
        "samples_per_second": 1534.8833106209427,
        "best_accuracy": 0.3379,
        "best_epoch": 1,
        "cpu_type": "x86_64",
        "cpu_count": 128,
        "total_ram_kb": 263708948.0,
        "gpu_type": "NVIDIA GeForce RTX 3090",
        "gpu_total_memory_kb": 24703168.0,
        "occupied_ram_kb": 21019380.0,
        "ram_usage_percent": 11.1,
        "cpu_usage_percent": 1.6,
        "occupied_gpu_memory_kb": 17096.5,
        "gpu_memory_usage_percent": 0.07,
        "gpu_memory_kb": 4740034.5
    },
    "training_summary": {
        "total_epochs": 1,
        "best_accuracy": 0.3379,
        "final_accuracy": 0.3379
    },
    "uid": "da0ec5c5529898f77da9b6fe88b0e3ed"
}