{
    "config": {
        "task": "img-classification",
        "dataset": "cifar-10",
        "metric": "acc",
        "model": "GenFractalNet-8f402df8727ae404028e72cdbcf99d1b"
    },
    "hyperparameters": {
        "lr": 0.002,
        "momentum": 0.92,
        "batch": 64,
        "epoch": 1,
        "transform": "norm_32_flip",
        "max_batches": null,
        "uid": "fdc3164628af2fb61d044e254a1789b9",
        "duration": 33426542955,
        "accuracy": 0.4987,
        "train_loss": 1.3760558810380414,
        "test_loss": 1.380545889496044,
        "train_accuracy": 0.50486,
        "gradient_norm": 2.9999995317127195,
        "samples_per_second": 1495.8308927881276,
        "best_accuracy": 0.4987,
        "best_epoch": 1,
        "cpu_type": "x86_64",
        "cpu_count": 32,
        "total_ram_kb": 131724388.0,
        "gpu_type": "NVIDIA GeForce RTX 3090",
        "gpu_total_memory_kb": 24703168.0,
        "occupied_ram_kb": 17389004.0,
        "ram_usage_percent": 15.5,
        "cpu_usage_percent": 1.9,
        "occupied_gpu_memory_kb": 21058.0,
        "gpu_memory_usage_percent": 0.09,
        "gpu_memory_kb": 6190918.0
    },
    "training_summary": {
        "total_epochs": 1,
        "best_accuracy": 0.4987,
        "final_accuracy": 0.4987
    },
    "uid": "8f402df8727ae404028e72cdbcf99d1b"
}