{
    "config": {
        "task": "img-classification",
        "dataset": "cifar-10",
        "metric": "acc",
        "model": "GenFractalNet-f5eb704a544ccc83dee26a3803e0e910"
    },
    "hyperparameters": {
        "lr": 0.005,
        "momentum": 0.85,
        "batch": 64,
        "epoch": 1,
        "transform": "norm_32_flip",
        "max_batches": null,
        "uid": "66c0389308131baca1c2e07779bf8112",
        "duration": 35022085946,
        "accuracy": 0.4754,
        "train_loss": 1.371085920754601,
        "test_loss": 1.3732246130135408,
        "train_accuracy": 0.47756,
        "gradient_norm": 2.098980778697403,
        "samples_per_second": 1427.6788748214988,
        "best_accuracy": 0.4754,
        "best_epoch": 1,
        "cpu_type": "x86_64",
        "cpu_count": 128,
        "total_ram_kb": 263708948.0,
        "gpu_type": "NVIDIA GeForce RTX 3090",
        "gpu_total_memory_kb": 24703168.0,
        "occupied_ram_kb": 34965536.0,
        "ram_usage_percent": 18.0,
        "cpu_usage_percent": 4.4,
        "occupied_gpu_memory_kb": 19091.0,
        "gpu_memory_usage_percent": 0.08,
        "gpu_memory_kb": 4430453.0
    },
    "training_summary": {
        "total_epochs": 1,
        "best_accuracy": 0.4754,
        "final_accuracy": 0.4754
    },
    "uid": "f5eb704a544ccc83dee26a3803e0e910"
}