{
    "config": {
        "task": "img-classification",
        "dataset": "cifar-10",
        "metric": "acc",
        "model": "GenFractalNet-80cba4368692211059c1e75ed068fb43"
    },
    "hyperparameters": {
        "lr": 0.005,
        "momentum": 0.95,
        "batch": 64,
        "epoch": 1,
        "transform": "norm_32_flip",
        "max_batches": null,
        "uid": "c3bab3e9931db53638d2791332ae0024",
        "duration": 30630438842,
        "accuracy": 0.4833,
        "train_loss": 1.4642745278527975,
        "test_loss": 1.4764911148958146,
        "train_accuracy": 0.49242,
        "gradient_norm": 2.0942413475952653,
        "samples_per_second": 1632.3757425196354,
        "best_accuracy": 0.4833,
        "best_epoch": 1,
        "cpu_type": "x86_64",
        "cpu_count": 128,
        "total_ram_kb": 263708948.0,
        "gpu_type": "NVIDIA GeForce RTX 3090",
        "gpu_total_memory_kb": 24703168.0,
        "occupied_ram_kb": 16860700.0,
        "ram_usage_percent": 8.1,
        "cpu_usage_percent": 0.0,
        "occupied_gpu_memory_kb": 57629.5,
        "gpu_memory_usage_percent": 0.23,
        "gpu_memory_kb": 4694452.5
    },
    "training_summary": {
        "total_epochs": 1,
        "best_accuracy": 0.4833,
        "final_accuracy": 0.4833
    },
    "uid": "80cba4368692211059c1e75ed068fb43"
}