{
    "config": {
        "task": "img-classification",
        "dataset": "cifar-10",
        "metric": "acc",
        "model": "GenFractalNet-39116b2d1ff5451724737dcdc3c2c6e8"
    },
    "hyperparameters": {
        "lr": 0.001,
        "momentum": 0.8,
        "batch": 64,
        "epoch": 1,
        "transform": "norm_32_flip",
        "max_batches": null,
        "uid": "718e08aca88d5f13ee47d280389de377",
        "duration": 37508981813,
        "accuracy": 0.5558,
        "train_loss": 1.2085314918966854,
        "test_loss": 1.2221928994367077,
        "train_accuracy": 0.56218,
        "gradient_norm": 2.999999380914313,
        "samples_per_second": 1333.0313854082342,
        "best_accuracy": 0.5558,
        "best_epoch": 1,
        "cpu_type": "x86_64",
        "cpu_count": 128,
        "total_ram_kb": 263708948.0,
        "gpu_type": "NVIDIA GeForce RTX 3090",
        "gpu_total_memory_kb": 24703168.0,
        "occupied_ram_kb": 28425028.0,
        "ram_usage_percent": 12.5,
        "cpu_usage_percent": 5.3,
        "occupied_gpu_memory_kb": 21297.0,
        "gpu_memory_usage_percent": 0.09,
        "gpu_memory_kb": 6272893.5
    },
    "training_summary": {
        "total_epochs": 1,
        "best_accuracy": 0.5558,
        "final_accuracy": 0.5558
    },
    "uid": "39116b2d1ff5451724737dcdc3c2c6e8"
}