{
    "eval_args": {
        "model_package": "/home/s497466/nn-gpt/out/nngpt/llm/epoch/A0/synth_nn/B37",
        "task": "img-classification",
        "dataset": "imagenette",
        "metric": "acc",
        "prm": {
            "lr": 0.01,
            "batch": 32,
            "dropout": 0.2,
            "momentum": 0.9,
            "transform": "norm_256_flip",
            "stochastic_depth_prob": 0.0,
            "norm_eps": 1e-05,
            "norm_std": 0.5,
            "tie_weights": 0.0,
            "dropout_aux": 0.0,
            "attention_dropout": 0.0,
            "norm_momentum": 0.1,
            "score_thresh": 0.01,
            "nms_thresh": 0.45,
            "iou_thresh": 0.5,
            "detections_per_img": 0.5,
            "topk_candidates": 0.5,
            "neg_to_pos_ratio": 0.5,
            "pretrained": 0.0,
            "patch_size": 0.125,
            "epoch": 1,
            "uid": "b9095d884c36ec05935d296b86e19df1",
            "duration": 249677004345,
            "duration_seconds": 249.68,
            "accuracy": 0.16611464968152867,
            "train_stat": {
                "train_loss": 1.8565519076993038,
                "test_loss": 5.44019799794608,
                "train_accuracy": 0.3477663956067166,
                "gradient_norm": 2.9999994960231113,
                "samples_per_second": 37.92635426805056,
                "best_accuracy": 0.16611464968152867,
                "best_epoch": 1,
                "epoch_max": 1,
                "cpu_count": 128,
                "cpu_type": "x86_64",
                "cpu_usage_percent": 17.9,
                "total_ram_kb": 1056603672.0,
                "occupied_ram_kb": 195755700.0,
                "ram_usage_percent": 18.5,
                "gpu_type": "NVIDIA L40S",
                "gpu_memory_kb": 27583695.0,
                "gpu_total_memory_kb": 46550528.0,
                "occupied_gpu_memory_kb": 240240.0,
                "gpu_memory_usage_percent": 0.52
            },
            "metric_acc": 0.16611464968152867
        }
    },
    "eval_results": {
        "checksum": "FractalFusion-5b-129f347ffc99eca3d016556dd63e44f4",
        "accuracy": 0.16611464968152867,
        "full_result": "('FractalFusion-5b-129f347ffc99eca3d016556dd63e44f4', 0.16611464968152867, 0.026480071664978972, 0.59)"
    },
    "cli_args": {
        "task": "img-classification",
        "dataset": "imagenette",
        "metric": "acc",
        "lr": 0.01,
        "batch": 32,
        "dropout": 0.2,
        "momentum": 0.9,
        "transform": "norm_256_flip"
    }
}