{
    "eval_args": {
        "model_package": "/home/s497466/nn-gpt/out/nngpt/llm/epoch/A0/synth_nn/B24",
        "task": "img-classification",
        "dataset": "imagenette",
        "metric": "acc",
        "prm": {
            "lr": 0.01,
            "batch": 32,
            "dropout": 0.2,
            "momentum": 0.9,
            "transform": "norm_256_flip",
            "stochastic_depth_prob": 0.0,
            "norm_eps": 1e-05,
            "norm_std": 0.5,
            "tie_weights": 0.0,
            "dropout_aux": 0.0,
            "attention_dropout": 0.0,
            "norm_momentum": 0.1,
            "score_thresh": 0.01,
            "nms_thresh": 0.45,
            "iou_thresh": 0.5,
            "detections_per_img": 0.5,
            "topk_candidates": 0.5,
            "neg_to_pos_ratio": 0.5,
            "pretrained": 0.0,
            "patch_size": 0.125,
            "epoch": 1,
            "uid": "b9095d884c36ec05935d296b86e19df1",
            "duration": 132225755127,
            "duration_seconds": 132.23,
            "accuracy": 0.23745222929936305,
            "train_stat": {
                "train_loss": 2.214049194616732,
                "test_loss": 2.127159375485366,
                "train_accuracy": 0.19115006864505227,
                "gradient_norm": 3.0000000087477563,
                "samples_per_second": 71.61350702186832,
                "best_accuracy": 0.23745222929936305,
                "best_epoch": 1,
                "epoch_max": 1,
                "cpu_count": 256,
                "cpu_type": "x86_64",
                "cpu_usage_percent": 3.8,
                "total_ram_kb": 527761880.0,
                "occupied_ram_kb": 59638748.0,
                "ram_usage_percent": 11.3,
                "gpu_type": "NVIDIA L40",
                "gpu_memory_kb": 13031790.5,
                "gpu_total_memory_kb": 49677504.0,
                "occupied_gpu_memory_kb": 118982.5,
                "gpu_memory_usage_percent": 0.24
            },
            "metric_acc": 0.23745222929936305
        }
    },
    "eval_results": {
        "checksum": "FractalFusion-1b-a7ba349a8294f606b09a669340ef10fa",
        "accuracy": 0.23745222929936305,
        "full_result": "('FractalFusion-1b-a7ba349a8294f606b09a669340ef10fa', 0.23745222929936305, 0.10395268997884952, 0.58)"
    },
    "cli_args": {
        "task": "img-classification",
        "dataset": "imagenette",
        "metric": "acc",
        "lr": 0.01,
        "batch": 32,
        "dropout": 0.2,
        "momentum": 0.9,
        "transform": "norm_256_flip"
    }
}