{
    "eval_args": {
        "model_package": "/home/s497466/nn-gpt/out/nngpt/llm/epoch/A0/synth_nn/B85",
        "task": "img-classification",
        "dataset": "imagenette",
        "metric": "acc",
        "prm": {
            "lr": 0.01,
            "batch": 32,
            "dropout": 0.2,
            "momentum": 0.9,
            "transform": "norm_256_flip",
            "stochastic_depth_prob": 0.0,
            "norm_eps": 1e-05,
            "norm_std": 0.5,
            "tie_weights": 0.0,
            "dropout_aux": 0.0,
            "attention_dropout": 0.0,
            "norm_momentum": 0.1,
            "score_thresh": 0.01,
            "nms_thresh": 0.45,
            "iou_thresh": 0.5,
            "detections_per_img": 0.5,
            "topk_candidates": 0.5,
            "neg_to_pos_ratio": 0.5,
            "pretrained": 0.0,
            "patch_size": 0.125,
            "epoch": 1,
            "uid": "b9095d884c36ec05935d296b86e19df1",
            "duration": 297166452453,
            "duration_seconds": 297.17,
            "accuracy": 0.4361783439490446,
            "train_stat": {
                "train_loss": 2.0244897629293397,
                "test_loss": 1.6923712937812494,
                "train_accuracy": 0.28588024078572183,
                "gradient_norm": 2.999999586372536,
                "samples_per_second": 31.865363849361636,
                "best_accuracy": 0.4361783439490446,
                "best_epoch": 1,
                "epoch_max": 1,
                "cpu_count": 128,
                "cpu_type": "x86_64",
                "cpu_usage_percent": 12.8,
                "total_ram_kb": 1056603672.0,
                "occupied_ram_kb": 181909840.0,
                "ram_usage_percent": 17.2,
                "gpu_type": "NVIDIA L40S",
                "gpu_memory_kb": 27318589.0,
                "gpu_total_memory_kb": 46550528.0,
                "occupied_gpu_memory_kb": 300409.5,
                "gpu_memory_usage_percent": 0.65
            },
            "metric_acc": 0.4361783439490446
        }
    },
    "eval_results": {
        "checksum": "FractalFusion-2b-9fb9137168c842d599b9aca9c6bef509",
        "accuracy": 0.4361783439490446,
        "full_result": "('FractalFusion-2b-9fb9137168c842d599b9aca9c6bef509', 0.4361783439490446, 0.11312795949004867, 0.57)"
    },
    "cli_args": {
        "task": "img-classification",
        "dataset": "imagenette",
        "metric": "acc",
        "lr": 0.01,
        "batch": 32,
        "dropout": 0.2,
        "momentum": 0.9,
        "transform": "norm_256_flip"
    }
}