{
    "config": {
        "task": "img-classification",
        "dataset": "cifar-10",
        "metric": "acc",
        "model": "GenFractalNet-9c4400ab311ef14e9497f870f99952bd"
    },
    "hyperparameters": {
        "lr": 0.001,
        "momentum": 0.92,
        "batch": 64,
        "epoch": 1,
        "transform": "norm_32_flip",
        "max_batches": null,
        "uid": "54e9167499a10144dbbbdd76b20bb2cc",
        "duration": 65645125828,
        "accuracy": 0.4026,
        "train_loss": 1.5875164928948482,
        "test_loss": 1.5831476465152328,
        "train_accuracy": 0.40124,
        "gradient_norm": 1.0686866911053798,
        "samples_per_second": 761.6767419680283,
        "best_accuracy": 0.4026,
        "best_epoch": 1,
        "cpu_type": "x86_64",
        "cpu_count": 128,
        "total_ram_kb": 263708948.0,
        "gpu_type": "NVIDIA GeForce RTX 3090",
        "gpu_total_memory_kb": 24703168.0,
        "occupied_ram_kb": 31882640.0,
        "ram_usage_percent": 13.8,
        "cpu_usage_percent": 7.0,
        "occupied_gpu_memory_kb": 327565.0,
        "gpu_memory_usage_percent": 1.33,
        "gpu_memory_kb": 3805260.5
    },
    "training_summary": {
        "total_epochs": 1,
        "best_accuracy": 0.4026,
        "final_accuracy": 0.4026
    },
    "uid": "9c4400ab311ef14e9497f870f99952bd"
}