{
    "config": {
        "task": "img-classification",
        "dataset": "cifar-10",
        "metric": "acc",
        "model": "GenFractalNet-07335f1f41ad650e6ef26f197888b9d3"
    },
    "hyperparameters": {
        "lr": 0.01,
        "momentum": 0.95,
        "batch": 64,
        "epoch": 1,
        "transform": "norm_32_flip",
        "max_batches": null,
        "uid": "7e0d9d3a4af27bbe52d1557a4daae329",
        "duration": 52693238912,
        "accuracy": 0.5498,
        "train_loss": 1.2948656201057727,
        "test_loss": 1.3181995844385426,
        "train_accuracy": 0.55632,
        "gradient_norm": 2.779220256087069,
        "samples_per_second": 948.8942253135078,
        "best_accuracy": 0.5498,
        "best_epoch": 1,
        "cpu_type": "x86_64",
        "cpu_count": 128,
        "total_ram_kb": 263708948.0,
        "gpu_type": "NVIDIA GeForce RTX 3090",
        "gpu_total_memory_kb": 24703168.0,
        "occupied_ram_kb": 35220600.0,
        "ram_usage_percent": 15.1,
        "cpu_usage_percent": 8.5,
        "occupied_gpu_memory_kb": 82406.5,
        "gpu_memory_usage_percent": 0.33,
        "gpu_memory_kb": 6272893.5
    },
    "training_summary": {
        "total_epochs": 1,
        "best_accuracy": 0.5498,
        "final_accuracy": 0.5498
    },
    "uid": "07335f1f41ad650e6ef26f197888b9d3"
}