{
    "config": {
        "task": "img-classification",
        "dataset": "cifar-10",
        "metric": "acc",
        "model": "GenFractalNet-2d06a3dc489a0a4e3594b795ec839172"
    },
    "hyperparameters": {
        "lr": 0.01,
        "momentum": 0.92,
        "batch": 64,
        "epoch": 1,
        "transform": "norm_32_flip",
        "max_batches": null,
        "uid": "fb90a55754624e15cc974013a9a25d1f",
        "duration": 36912363596,
        "accuracy": 0.5517,
        "train_loss": 1.2655356433385474,
        "test_loss": 1.280472087632319,
        "train_accuracy": 0.55274,
        "gradient_norm": 2.931078076333896,
        "samples_per_second": 1354.5720682272804,
        "best_accuracy": 0.5517,
        "best_epoch": 1,
        "cpu_type": "x86_64",
        "cpu_count": 32,
        "total_ram_kb": 131724388.0,
        "gpu_type": "NVIDIA GeForce RTX 3090",
        "gpu_total_memory_kb": 24703168.0,
        "occupied_ram_kb": 17256496.0,
        "ram_usage_percent": 15.4,
        "cpu_usage_percent": 0.0,
        "occupied_gpu_memory_kb": 36832.0,
        "gpu_memory_usage_percent": 0.15,
        "gpu_memory_kb": 6192350.0
    },
    "training_summary": {
        "total_epochs": 1,
        "best_accuracy": 0.5517,
        "final_accuracy": 0.5517
    },
    "uid": "2d06a3dc489a0a4e3594b795ec839172"
}