{
    "config": {
        "task": "img-classification",
        "dataset": "cifar-10",
        "metric": "acc",
        "model": "GenFractalNet-2dd4bfb8dcb2f47a0d83800095989d29"
    },
    "hyperparameters": {
        "lr": 0.005,
        "momentum": 0.95,
        "batch": 64,
        "epoch": 1,
        "transform": "norm_32_flip",
        "max_batches": null,
        "uid": "c3bab3e9931db53638d2791332ae0024",
        "duration": 33278804834,
        "accuracy": 0.5513,
        "train_loss": 1.2277212330447438,
        "test_loss": 1.239185139252122,
        "train_accuracy": 0.55452,
        "gradient_norm": 2.9999990808083656,
        "samples_per_second": 1502.4679204061974,
        "best_accuracy": 0.5513,
        "best_epoch": 1,
        "cpu_type": "x86_64",
        "cpu_count": 32,
        "total_ram_kb": 131724388.0,
        "gpu_type": "NVIDIA GeForce RTX 3090",
        "gpu_total_memory_kb": 24703168.0,
        "occupied_ram_kb": 17287628.0,
        "ram_usage_percent": 15.4,
        "cpu_usage_percent": 3.1,
        "occupied_gpu_memory_kb": 23604.5,
        "gpu_memory_usage_percent": 0.1,
        "gpu_memory_kb": 6192350.0
    },
    "training_summary": {
        "total_epochs": 1,
        "best_accuracy": 0.5513,
        "final_accuracy": 0.5513
    },
    "uid": "2dd4bfb8dcb2f47a0d83800095989d29"
}