{
    "config": {
        "task": "img-classification",
        "dataset": "cifar-10",
        "metric": "acc",
        "model": "GenFractalNet-16d368a8468593b30d9eb75c528c5456"
    },
    "hyperparameters": {
        "lr": 0.01,
        "momentum": 0.95,
        "batch": 64,
        "epoch": 1,
        "transform": "norm_32_flip",
        "max_batches": null,
        "uid": "7e0d9d3a4af27bbe52d1557a4daae329",
        "duration": 36488271465,
        "accuracy": 0.4624,
        "train_loss": 1.4234414048816846,
        "test_loss": 1.423273614257764,
        "train_accuracy": 0.46144,
        "gradient_norm": 0.6479106202110156,
        "samples_per_second": 1370.323630116372,
        "best_accuracy": 0.4624,
        "best_epoch": 1,
        "cpu_type": "x86_64",
        "cpu_count": 128,
        "total_ram_kb": 263708948.0,
        "gpu_type": "NVIDIA GeForce RTX 3090",
        "gpu_total_memory_kb": 24703168.0,
        "occupied_ram_kb": 29335660.0,
        "ram_usage_percent": 12.9,
        "cpu_usage_percent": 6.3,
        "occupied_gpu_memory_kb": 20320.0,
        "gpu_memory_usage_percent": 0.08,
        "gpu_memory_kb": 5562392.5
    },
    "training_summary": {
        "total_epochs": 1,
        "best_accuracy": 0.4624,
        "final_accuracy": 0.4624
    },
    "uid": "16d368a8468593b30d9eb75c528c5456"
}