{
    "config": {
        "task": "img-classification",
        "dataset": "cifar-10",
        "metric": "acc",
        "model": "GenFractalNet-56e43485e5d602c760320c5e49bb08ea"
    },
    "hyperparameters": {
        "lr": 0.01,
        "momentum": 0.85,
        "batch": 64,
        "epoch": 1,
        "transform": "norm_32_flip",
        "max_batches": null,
        "uid": "9a0ac318ff9595fe2f49aa22f8b190c4",
        "duration": 77527939132,
        "accuracy": 0.2915,
        "train_loss": 1.8558514833145434,
        "test_loss": 1.853858991033712,
        "train_accuracy": 0.29024,
        "gradient_norm": 0.30110523746949697,
        "samples_per_second": 644.9333330438202,
        "best_accuracy": 0.2915,
        "best_epoch": 1,
        "cpu_type": "x86_64",
        "cpu_count": 128,
        "total_ram_kb": 263708948.0,
        "gpu_type": "NVIDIA GeForce RTX 3090",
        "gpu_total_memory_kb": 24703168.0,
        "occupied_ram_kb": 30426532.0,
        "ram_usage_percent": 13.3,
        "cpu_usage_percent": 5.0,
        "occupied_gpu_memory_kb": 347389.5,
        "gpu_memory_usage_percent": 1.41,
        "gpu_memory_kb": 6272893.5
    },
    "training_summary": {
        "total_epochs": 1,
        "best_accuracy": 0.2915,
        "final_accuracy": 0.2915
    },
    "uid": "56e43485e5d602c760320c5e49bb08ea"
}