{
    "config": {
        "task": "img-classification",
        "dataset": "cifar-10",
        "metric": "acc",
        "model": "GenFractalNet-8e478a562982541c8282c7ab1369e753"
    },
    "hyperparameters": {
        "lr": 0.001,
        "momentum": 0.95,
        "batch": 64,
        "epoch": 1,
        "transform": "norm_32_flip",
        "max_batches": null,
        "uid": "413233aa5202d01e749eded26a1af0b4",
        "duration": 36029494172,
        "accuracy": 0.383,
        "train_loss": 1.6297327092541454,
        "test_loss": 1.6205977360913708,
        "train_accuracy": 0.39032,
        "gradient_norm": 0.5958869998433645,
        "samples_per_second": 1387.766595451256,
        "best_accuracy": 0.383,
        "best_epoch": 1,
        "cpu_type": "x86_64",
        "cpu_count": 128,
        "total_ram_kb": 263708948.0,
        "gpu_type": "NVIDIA GeForce RTX 3090",
        "gpu_total_memory_kb": 24703168.0,
        "occupied_ram_kb": 30286228.0,
        "ram_usage_percent": 13.2,
        "cpu_usage_percent": 5.0,
        "occupied_gpu_memory_kb": 20834.5,
        "gpu_memory_usage_percent": 0.08,
        "gpu_memory_kb": 5562392.5
    },
    "training_summary": {
        "total_epochs": 1,
        "best_accuracy": 0.383,
        "final_accuracy": 0.383
    },
    "uid": "8e478a562982541c8282c7ab1369e753"
}