{
    "eval_args": {
        "model_package": "/home/s497466/nn-gpt/out/nngpt/llm/epoch/A0/synth_nn/B79",
        "task": "img-classification",
        "dataset": "imagenette",
        "metric": "acc",
        "prm": {
            "lr": 0.01,
            "batch": 32,
            "dropout": 0.2,
            "momentum": 0.9,
            "transform": "norm_256_flip",
            "stochastic_depth_prob": 0.0,
            "norm_eps": 1e-05,
            "norm_std": 0.5,
            "tie_weights": 0.0,
            "dropout_aux": 0.0,
            "attention_dropout": 0.0,
            "norm_momentum": 0.1,
            "score_thresh": 0.01,
            "nms_thresh": 0.45,
            "iou_thresh": 0.5,
            "detections_per_img": 0.5,
            "topk_candidates": 0.5,
            "neg_to_pos_ratio": 0.5,
            "pretrained": 0.0,
            "patch_size": 0.125,
            "epoch": 1,
            "uid": "b9095d884c36ec05935d296b86e19df1",
            "duration": 216794807307,
            "duration_seconds": 216.79,
            "accuracy": 0.2588535031847134,
            "train_stat": {
                "train_loss": 2.0227147825593392,
                "test_loss": 3.097647502654936,
                "train_accuracy": 0.3102756362868307,
                "gradient_norm": 2.999999796285812,
                "samples_per_second": 43.67923500650093,
                "best_accuracy": 0.2588535031847134,
                "best_epoch": 1,
                "epoch_max": 1,
                "cpu_count": 128,
                "cpu_type": "x86_64",
                "cpu_usage_percent": 2.0,
                "total_ram_kb": 1056603672.0,
                "occupied_ram_kb": 155728028.0,
                "ram_usage_percent": 14.7,
                "gpu_type": "NVIDIA L40S",
                "gpu_memory_kb": 24048415.0,
                "gpu_total_memory_kb": 46550528.0,
                "occupied_gpu_memory_kb": 227841.5,
                "gpu_memory_usage_percent": 0.49
            },
            "metric_acc": 0.2588535031847134
        }
    },
    "eval_results": {
        "checksum": "FractalFusion-5b-82d679575786409e1d7e58ff6baed113",
        "accuracy": 0.2588535031847134,
        "full_result": "('FractalFusion-5b-82d679575786409e1d7e58ff6baed113', 0.2588535031847134, 0.07327366607990903, 0.57)"
    },
    "cli_args": {
        "task": "img-classification",
        "dataset": "imagenette",
        "metric": "acc",
        "lr": 0.01,
        "batch": 32,
        "dropout": 0.2,
        "momentum": 0.9,
        "transform": "norm_256_flip"
    }
}