{
    "config": {
        "task": "img-classification",
        "dataset": "cifar-10",
        "metric": "acc",
        "model": "GenFractalNet-422786e773d47b1cd6168c393a0dddf7"
    },
    "hyperparameters": {
        "lr": 0.005,
        "momentum": 0.95,
        "batch": 64,
        "epoch": 1,
        "transform": "norm_32_flip",
        "max_batches": null,
        "uid": "c3bab3e9931db53638d2791332ae0024",
        "duration": 30770866309,
        "accuracy": 0.3497,
        "train_loss": 1.6821919937267937,
        "test_loss": 1.686715517833734,
        "train_accuracy": 0.34862,
        "gradient_norm": 1.0901521564771426,
        "samples_per_second": 1624.923209196176,
        "best_accuracy": 0.3497,
        "best_epoch": 1,
        "cpu_type": "x86_64",
        "cpu_count": 128,
        "total_ram_kb": 263708948.0,
        "gpu_type": "NVIDIA GeForce RTX 3090",
        "gpu_total_memory_kb": 24703168.0,
        "occupied_ram_kb": 16908228.0,
        "ram_usage_percent": 8.1,
        "cpu_usage_percent": 0.0,
        "occupied_gpu_memory_kb": 17290.0,
        "gpu_memory_usage_percent": 0.07,
        "gpu_memory_kb": 4694452.5
    },
    "training_summary": {
        "total_epochs": 1,
        "best_accuracy": 0.3497,
        "final_accuracy": 0.3497
    },
    "uid": "422786e773d47b1cd6168c393a0dddf7"
}