{
    "config": {
        "task": "img-classification",
        "dataset": "cifar-10",
        "metric": "acc",
        "model": "GenFractalNet-e7d3936825871f9059cdadba7150c488"
    },
    "hyperparameters": {
        "lr": 0.005,
        "momentum": 0.95,
        "batch": 64,
        "epoch": 1,
        "transform": "norm_32_flip",
        "max_batches": null,
        "uid": "c3bab3e9931db53638d2791332ae0024",
        "duration": 33004704152,
        "accuracy": 0.5164,
        "train_loss": 1.2944301173205266,
        "test_loss": 1.3189459925244569,
        "train_accuracy": 0.5295,
        "gradient_norm": 2.2699087942688783,
        "samples_per_second": 1514.9450419604311,
        "best_accuracy": 0.5164,
        "best_epoch": 1,
        "cpu_type": "x86_64",
        "cpu_count": 32,
        "total_ram_kb": 131724388.0,
        "gpu_type": "NVIDIA GeForce RTX 3090",
        "gpu_total_memory_kb": 24703168.0,
        "occupied_ram_kb": 17495468.0,
        "ram_usage_percent": 15.6,
        "cpu_usage_percent": 3.1,
        "occupied_gpu_memory_kb": 17932.5,
        "gpu_memory_usage_percent": 0.07,
        "gpu_memory_kb": 6268638.0
    },
    "training_summary": {
        "total_epochs": 1,
        "best_accuracy": 0.5164,
        "final_accuracy": 0.5164
    },
    "uid": "e7d3936825871f9059cdadba7150c488"
}