{
    "config": {
        "task": "img-classification",
        "dataset": "cifar-10",
        "metric": "acc",
        "model": "GenFractalNet-80349b305215f8b9cedf0c9307be020a"
    },
    "hyperparameters": {
        "lr": 0.003,
        "momentum": 0.92,
        "batch": 64,
        "epoch": 1,
        "transform": "norm_32_flip",
        "max_batches": null,
        "uid": "69a6050c3922e50596d976d13608a704",
        "duration": 33335676262,
        "accuracy": 0.3736,
        "train_loss": 1.6660389651727798,
        "test_loss": 1.6610717796216345,
        "train_accuracy": 0.37368,
        "gradient_norm": 0.8352604764570797,
        "samples_per_second": 1499.9038814045844,
        "best_accuracy": 0.3736,
        "best_epoch": 1,
        "cpu_type": "x86_64",
        "cpu_count": 32,
        "total_ram_kb": 131724388.0,
        "gpu_type": "NVIDIA GeForce RTX 3090",
        "gpu_total_memory_kb": 24703168.0,
        "occupied_ram_kb": 17463620.0,
        "ram_usage_percent": 15.6,
        "cpu_usage_percent": 0.0,
        "occupied_gpu_memory_kb": 16814.5,
        "gpu_memory_usage_percent": 0.07,
        "gpu_memory_kb": 5791538.5
    },
    "training_summary": {
        "total_epochs": 1,
        "best_accuracy": 0.3736,
        "final_accuracy": 0.3736
    },
    "uid": "80349b305215f8b9cedf0c9307be020a"
}