{
    "config": {
        "task": "img-classification",
        "dataset": "cifar-10",
        "metric": "acc",
        "model": "GenFractalNet-21265c61961d745473aee67bb54cd7d3"
    },
    "hyperparameters": {
        "lr": 0.01,
        "momentum": 0.95,
        "batch": 64,
        "epoch": 1,
        "transform": "norm_32_flip",
        "max_batches": null,
        "uid": "7e0d9d3a4af27bbe52d1557a4daae329",
        "duration": 35057962132,
        "accuracy": 0.5048,
        "train_loss": 1.3454366771461408,
        "test_loss": 1.3651242506731847,
        "train_accuracy": 0.51022,
        "gradient_norm": 1.4179687857757344,
        "samples_per_second": 1426.2176407449454,
        "best_accuracy": 0.5048,
        "best_epoch": 1,
        "cpu_type": "x86_64",
        "cpu_count": 128,
        "total_ram_kb": 263708948.0,
        "gpu_type": "NVIDIA GeForce RTX 3090",
        "gpu_total_memory_kb": 24703168.0,
        "occupied_ram_kb": 29349076.0,
        "ram_usage_percent": 12.9,
        "cpu_usage_percent": 6.1,
        "occupied_gpu_memory_kb": 23239.0,
        "gpu_memory_usage_percent": 0.09,
        "gpu_memory_kb": 6266059.5
    },
    "training_summary": {
        "total_epochs": 1,
        "best_accuracy": 0.5048,
        "final_accuracy": 0.5048
    },
    "uid": "21265c61961d745473aee67bb54cd7d3"
}