{
    "config": {
        "task": "img-classification",
        "dataset": "cifar-10",
        "metric": "acc",
        "model": "GenFractalNet-05217c87d0417881c51bf43eb6905ae1"
    },
    "hyperparameters": {
        "lr": 0.005,
        "momentum": 0.95,
        "batch": 64,
        "epoch": 1,
        "transform": "norm_32_flip",
        "max_batches": null,
        "uid": "c3bab3e9931db53638d2791332ae0024",
        "duration": 41937292471,
        "accuracy": 0.7149,
        "train_loss": 0.7928400622380664,
        "test_loss": 0.8142240149959638,
        "train_accuracy": 0.72236,
        "gradient_norm": 1.2480530982688185,
        "samples_per_second": 1192.2702605701527,
        "best_accuracy": 0.7149,
        "best_epoch": 1,
        "cpu_type": "x86_64",
        "cpu_count": 128,
        "total_ram_kb": 263708948.0,
        "gpu_type": "NVIDIA GeForce RTX 3090",
        "gpu_total_memory_kb": 24703168.0,
        "occupied_ram_kb": 20684444.0,
        "ram_usage_percent": 10.9,
        "cpu_usage_percent": 1.3,
        "occupied_gpu_memory_kb": 32811.0,
        "gpu_memory_usage_percent": 0.13,
        "gpu_memory_kb": 6272893.5
    },
    "training_summary": {
        "total_epochs": 1,
        "best_accuracy": 0.7149,
        "final_accuracy": 0.7149
    },
    "uid": "05217c87d0417881c51bf43eb6905ae1"
}