{
    "config": {
        "task": "img-classification",
        "dataset": "cifar-10",
        "metric": "acc",
        "model": "GenFractalNet-c66732884641e834d405b973709f2211"
    },
    "hyperparameters": {
        "lr": 0.01,
        "momentum": 0.9,
        "batch": 64,
        "epoch": 1,
        "transform": "norm_32_flip",
        "max_batches": null,
        "uid": "fddd85ed21879149faee86627a9f4554",
        "duration": 32028488955,
        "accuracy": 0.2872,
        "train_loss": 1.7473106119029052,
        "test_loss": 1.7465165489038843,
        "train_accuracy": 0.28728,
        "gradient_norm": 0.43370628302227,
        "samples_per_second": 1561.1206729514693,
        "best_accuracy": 0.2872,
        "best_epoch": 1,
        "cpu_type": "x86_64",
        "cpu_count": 128,
        "total_ram_kb": 263708948.0,
        "gpu_type": "NVIDIA GeForce RTX 3090",
        "gpu_total_memory_kb": 24703168.0,
        "occupied_ram_kb": 21101024.0,
        "ram_usage_percent": 11.1,
        "cpu_usage_percent": 1.9,
        "occupied_gpu_memory_kb": 16836.5,
        "gpu_memory_usage_percent": 0.07,
        "gpu_memory_kb": 5663001.0
    },
    "training_summary": {
        "total_epochs": 1,
        "best_accuracy": 0.2872,
        "final_accuracy": 0.2872
    },
    "uid": "c66732884641e834d405b973709f2211"
}