{
    "config": {
        "task": "img-classification",
        "dataset": "cifar-10",
        "metric": "acc",
        "model": "GenFractalNet-33c6f1561581cac689b59fc225cde5d9"
    },
    "hyperparameters": {
        "lr": 0.003,
        "momentum": 0.75,
        "batch": 64,
        "epoch": 1,
        "transform": "norm_32_flip",
        "max_batches": null,
        "uid": "a63387910132d79fd15b7eb6df3c7f86",
        "duration": 34214223081,
        "accuracy": 0.2882,
        "train_loss": 1.8512474313721328,
        "test_loss": 1.847583673562214,
        "train_accuracy": 0.28818,
        "gradient_norm": 2.9999997485990426,
        "samples_per_second": 1461.3976365250294,
        "best_accuracy": 0.2882,
        "best_epoch": 1,
        "cpu_type": "x86_64",
        "cpu_count": 128,
        "total_ram_kb": 263708948.0,
        "gpu_type": "NVIDIA GeForce RTX 3090",
        "gpu_total_memory_kb": 24703168.0,
        "occupied_ram_kb": 27457144.0,
        "ram_usage_percent": 12.2,
        "cpu_usage_percent": 3.0,
        "occupied_gpu_memory_kb": 21749.5,
        "gpu_memory_usage_percent": 0.09,
        "gpu_memory_kb": 2212925.5
    },
    "training_summary": {
        "total_epochs": 1,
        "best_accuracy": 0.2882,
        "final_accuracy": 0.2882
    },
    "uid": "33c6f1561581cac689b59fc225cde5d9"
}