{
    "config": {
        "task": "img-classification",
        "dataset": "cifar-10",
        "metric": "acc",
        "model": "GenFractalNet-ba60072e36f03d9471be3b51a5e8db7a"
    },
    "hyperparameters": {
        "lr": 0.005,
        "momentum": 0.85,
        "batch": 64,
        "epoch": 1,
        "transform": "norm_32_flip",
        "max_batches": null,
        "uid": "66c0389308131baca1c2e07779bf8112",
        "duration": 34046743081,
        "accuracy": 0.3891,
        "train_loss": 1.590626742376391,
        "test_loss": 1.5842927223557879,
        "train_accuracy": 0.38384,
        "gradient_norm": 0.6091887578938895,
        "samples_per_second": 1468.5785633216822,
        "best_accuracy": 0.3891,
        "best_epoch": 1,
        "cpu_type": "x86_64",
        "cpu_count": 32,
        "total_ram_kb": 131724388.0,
        "gpu_type": "NVIDIA GeForce RTX 4090",
        "gpu_total_memory_kb": 24658816.0,
        "occupied_ram_kb": 17112052.0,
        "ram_usage_percent": 15.3,
        "cpu_usage_percent": 0.3,
        "occupied_gpu_memory_kb": 26725.5,
        "gpu_memory_usage_percent": 0.11,
        "gpu_memory_kb": 5131404.0
    },
    "training_summary": {
        "total_epochs": 1,
        "best_accuracy": 0.3891,
        "final_accuracy": 0.3891
    },
    "uid": "ba60072e36f03d9471be3b51a5e8db7a"
}