{
    "config": {
        "task": "img-classification",
        "dataset": "cifar-10",
        "metric": "acc",
        "model": "GenFractalNet-c3042c98a4d89b08dd58188b028c4a1b"
    },
    "hyperparameters": {
        "lr": 0.01,
        "momentum": 0.95,
        "batch": 64,
        "epoch": 1,
        "transform": "norm_32_flip",
        "max_batches": null,
        "uid": "7e0d9d3a4af27bbe52d1557a4daae329",
        "duration": 57208393904,
        "accuracy": 0.4597,
        "train_loss": 1.4697729765301775,
        "test_loss": 1.4802675482573782,
        "train_accuracy": 0.46702,
        "gradient_norm": 0.618880763522554,
        "samples_per_second": 874.0053532493667,
        "best_accuracy": 0.4597,
        "best_epoch": 1,
        "cpu_type": "x86_64",
        "cpu_count": 128,
        "total_ram_kb": 263708948.0,
        "gpu_type": "NVIDIA GeForce RTX 3090",
        "gpu_total_memory_kb": 24703168.0,
        "occupied_ram_kb": 25983400.0,
        "ram_usage_percent": 11.6,
        "cpu_usage_percent": 1.5,
        "occupied_gpu_memory_kb": 100561.0,
        "gpu_memory_usage_percent": 0.41,
        "gpu_memory_kb": 5330199.0
    },
    "training_summary": {
        "total_epochs": 1,
        "best_accuracy": 0.4597,
        "final_accuracy": 0.4597
    },
    "uid": "c3042c98a4d89b08dd58188b028c4a1b"
}