{
    "config": {
        "task": "img-classification",
        "dataset": "cifar-10",
        "metric": "acc",
        "model": "GenFractalNet-60b303f562f170c0edb552919d56bf77"
    },
    "hyperparameters": {
        "lr": 0.003,
        "momentum": 0.9,
        "batch": 64,
        "epoch": 1,
        "transform": "norm_32_flip",
        "max_batches": null,
        "uid": "17beedf8a1b9e90767c2bf884dddc113",
        "duration": 33180271407,
        "accuracy": 0.5131,
        "train_loss": 1.3612204957801057,
        "test_loss": 1.3671122690674606,
        "train_accuracy": 0.51604,
        "gradient_norm": 0.5227497274908199,
        "samples_per_second": 1506.927993781405,
        "best_accuracy": 0.5131,
        "best_epoch": 1,
        "cpu_type": "x86_64",
        "cpu_count": 32,
        "total_ram_kb": 131724388.0,
        "gpu_type": "NVIDIA GeForce RTX 3090",
        "gpu_total_memory_kb": 24703168.0,
        "occupied_ram_kb": 17505676.0,
        "ram_usage_percent": 15.6,
        "cpu_usage_percent": 0.0,
        "occupied_gpu_memory_kb": 26231.0,
        "gpu_memory_usage_percent": 0.11,
        "gpu_memory_kb": 6268638.0
    },
    "training_summary": {
        "total_epochs": 1,
        "best_accuracy": 0.5131,
        "final_accuracy": 0.5131
    },
    "uid": "60b303f562f170c0edb552919d56bf77"
}