{
    "config": {
        "task": "img-classification",
        "dataset": "cifar-10",
        "metric": "acc",
        "model": "GenFractalNet-5b7264f03567586a2192f6f2511e3b81"
    },
    "hyperparameters": {
        "lr": 0.01,
        "momentum": 0.9,
        "batch": 64,
        "epoch": 1,
        "transform": "norm_32_flip",
        "max_batches": null,
        "uid": "fddd85ed21879149faee86627a9f4554",
        "duration": 35838706628,
        "accuracy": 0.3895,
        "train_loss": 1.5994258408656206,
        "test_loss": 1.5978716581490389,
        "train_accuracy": 0.39158,
        "gradient_norm": 1.9732481037332161,
        "samples_per_second": 1395.154507474709,
        "best_accuracy": 0.3895,
        "best_epoch": 1,
        "cpu_type": "x86_64",
        "cpu_count": 128,
        "total_ram_kb": 263708948.0,
        "gpu_type": "NVIDIA GeForce RTX 3090",
        "gpu_total_memory_kb": 24703168.0,
        "occupied_ram_kb": 31730616.0,
        "ram_usage_percent": 13.8,
        "cpu_usage_percent": 5.3,
        "occupied_gpu_memory_kb": 17521.0,
        "gpu_memory_usage_percent": 0.07,
        "gpu_memory_kb": 4728746.0
    },
    "training_summary": {
        "total_epochs": 1,
        "best_accuracy": 0.3895,
        "final_accuracy": 0.3895
    },
    "uid": "5b7264f03567586a2192f6f2511e3b81"
}