{
    "config": {
        "task": "img-classification",
        "dataset": "cifar-10",
        "metric": "acc",
        "model": "GenFractalNet-fc1d45788554113bb461c2134a3582ea"
    },
    "hyperparameters": {
        "lr": 0.005,
        "momentum": 0.8,
        "batch": 64,
        "epoch": 1,
        "transform": "norm_32_flip",
        "max_batches": null,
        "uid": "f4cce3862c7c6d42c62fdd6855331be8",
        "duration": 36591161771,
        "accuracy": 0.3697,
        "train_loss": 1.6451671557963048,
        "test_loss": 1.6457642483863102,
        "train_accuracy": 0.37096,
        "gradient_norm": 1.7346755073823725,
        "samples_per_second": 1366.4652373123336,
        "best_accuracy": 0.3697,
        "best_epoch": 1,
        "cpu_type": "x86_64",
        "cpu_count": 128,
        "total_ram_kb": 263708948.0,
        "gpu_type": "NVIDIA GeForce RTX 3090",
        "gpu_total_memory_kb": 24703168.0,
        "occupied_ram_kb": 21162416.0,
        "ram_usage_percent": 11.3,
        "cpu_usage_percent": 0.9,
        "occupied_gpu_memory_kb": 95859.5,
        "gpu_memory_usage_percent": 0.39,
        "gpu_memory_kb": 5715250.5
    },
    "training_summary": {
        "total_epochs": 1,
        "best_accuracy": 0.3697,
        "final_accuracy": 0.3697
    },
    "uid": "fc1d45788554113bb461c2134a3582ea"
}