{
    "config": {
        "task": "img-classification",
        "dataset": "cifar-10",
        "metric": "acc",
        "model": "GenFractalNet-a42f273d7848640714f228cdc5798118"
    },
    "hyperparameters": {
        "lr": 0.01,
        "momentum": 0.95,
        "batch": 64,
        "epoch": 1,
        "transform": "norm_32_flip",
        "max_batches": null,
        "uid": "7e0d9d3a4af27bbe52d1557a4daae329",
        "duration": 39858440115,
        "accuracy": 0.2995,
        "train_loss": 1.7890759735461086,
        "test_loss": 1.784442695842427,
        "train_accuracy": 0.29638,
        "gradient_norm": 0.36313033597725397,
        "samples_per_second": 1254.4466315493714,
        "best_accuracy": 0.2995,
        "best_epoch": 1,
        "cpu_type": "x86_64",
        "cpu_count": 128,
        "total_ram_kb": 263708948.0,
        "gpu_type": "NVIDIA GeForce RTX 3090",
        "gpu_total_memory_kb": 24703168.0,
        "occupied_ram_kb": 32049968.0,
        "ram_usage_percent": 13.9,
        "cpu_usage_percent": 4.8,
        "occupied_gpu_memory_kb": 128829.5,
        "gpu_memory_usage_percent": 0.52,
        "gpu_memory_kb": 5562392.5
    },
    "training_summary": {
        "total_epochs": 1,
        "best_accuracy": 0.2995,
        "final_accuracy": 0.2995
    },
    "uid": "a42f273d7848640714f228cdc5798118"
}