{
    "eval_args": {
        "model_package": "/home/s497466/nn-gpt/out/nngpt/llm/epoch/A0/synth_nn/B62",
        "task": "img-classification",
        "dataset": "imagenette",
        "metric": "acc",
        "prm": {
            "lr": 0.01,
            "batch": 32,
            "dropout": 0.2,
            "momentum": 0.9,
            "transform": "norm_256_flip",
            "stochastic_depth_prob": 0.0,
            "norm_eps": 1e-05,
            "norm_std": 0.5,
            "tie_weights": 0.0,
            "dropout_aux": 0.0,
            "attention_dropout": 0.0,
            "norm_momentum": 0.1,
            "score_thresh": 0.01,
            "nms_thresh": 0.45,
            "iou_thresh": 0.5,
            "detections_per_img": 0.5,
            "topk_candidates": 0.5,
            "neg_to_pos_ratio": 0.5,
            "pretrained": 0.0,
            "patch_size": 0.125,
            "epoch": 1,
            "uid": "b9095d884c36ec05935d296b86e19df1",
            "duration": 282161049941,
            "duration_seconds": 282.16,
            "accuracy": 0.32789808917197455,
            "train_stat": {
                "train_loss": 2.0151520811374617,
                "test_loss": 2.203756700686323,
                "train_accuracy": 0.28830921955855954,
                "gradient_norm": 2.9999996782178044,
                "samples_per_second": 33.559827310683765,
                "best_accuracy": 0.32789808917197455,
                "best_epoch": 1,
                "epoch_max": 1,
                "cpu_count": 128,
                "cpu_type": "x86_64",
                "cpu_usage_percent": 11.6,
                "total_ram_kb": 1056603672.0,
                "occupied_ram_kb": 187255084.0,
                "ram_usage_percent": 17.7,
                "gpu_type": "NVIDIA L40S",
                "gpu_memory_kb": 37819293.0,
                "gpu_total_memory_kb": 46550528.0,
                "occupied_gpu_memory_kb": 259738.0,
                "gpu_memory_usage_percent": 0.56
            },
            "metric_acc": 0.32789808917197455
        }
    },
    "eval_results": {
        "checksum": "FractalFusion-5b-808cb09b380c5053630cd7431a3ece43",
        "accuracy": 0.32789808917197455,
        "full_result": "('FractalFusion-5b-808cb09b380c5053630cd7431a3ece43', 0.32789808917197455, 0.08076879825178851, 0.57)"
    },
    "cli_args": {
        "task": "img-classification",
        "dataset": "imagenette",
        "metric": "acc",
        "lr": 0.01,
        "batch": 32,
        "dropout": 0.2,
        "momentum": 0.9,
        "transform": "norm_256_flip"
    }
}