{
    "config": {
        "task": "img-classification",
        "dataset": "cifar-10",
        "metric": "acc",
        "model": "GenFractalNet-ef711819bafc22e7a318d2d8516398e8"
    },
    "hyperparameters": {
        "lr": 0.01,
        "momentum": 0.95,
        "batch": 64,
        "epoch": 1,
        "transform": "norm_32_flip",
        "max_batches": null,
        "uid": "7e0d9d3a4af27bbe52d1557a4daae329",
        "duration": 33542082092,
        "accuracy": 0.3761,
        "train_loss": 1.6778878398868433,
        "test_loss": 1.6719500995745324,
        "train_accuracy": 0.36972,
        "gradient_norm": 0.3510685100781951,
        "samples_per_second": 1490.676154905381,
        "best_accuracy": 0.3761,
        "best_epoch": 1,
        "cpu_type": "x86_64",
        "cpu_count": 32,
        "total_ram_kb": 131724388.0,
        "gpu_type": "NVIDIA GeForce RTX 3090",
        "gpu_total_memory_kb": 24703168.0,
        "occupied_ram_kb": 29821240.0,
        "ram_usage_percent": 25.2,
        "cpu_usage_percent": 7.1,
        "occupied_gpu_memory_kb": 22371.5,
        "gpu_memory_usage_percent": 0.09,
        "gpu_memory_kb": 4742913.5
    },
    "training_summary": {
        "total_epochs": 1,
        "best_accuracy": 0.3761,
        "final_accuracy": 0.3761
    },
    "uid": "ef711819bafc22e7a318d2d8516398e8"
}