{
    "config": {
        "task": "img-classification",
        "dataset": "cifar-10",
        "metric": "acc",
        "model": "GenFractalNet-5689b0dd29be66ba1e1cfa11a95b1740"
    },
    "hyperparameters": {
        "lr": 0.01,
        "momentum": 0.75,
        "batch": 64,
        "epoch": 1,
        "transform": "norm_32_flip",
        "max_batches": null,
        "uid": "d091050f01990917d03203023019d417",
        "duration": 33979264397,
        "accuracy": 0.4872,
        "train_loss": 1.3755837317622837,
        "test_loss": 1.3715245032766064,
        "train_accuracy": 0.48684,
        "gradient_norm": 0.7080006052885122,
        "samples_per_second": 1471.4949175317631,
        "best_accuracy": 0.4872,
        "best_epoch": 1,
        "cpu_type": "x86_64",
        "cpu_count": 128,
        "total_ram_kb": 263708948.0,
        "gpu_type": "NVIDIA GeForce RTX 3090",
        "gpu_total_memory_kb": 24703168.0,
        "occupied_ram_kb": 23995160.0,
        "ram_usage_percent": 10.8,
        "cpu_usage_percent": 2.4,
        "occupied_gpu_memory_kb": 18002.0,
        "gpu_memory_usage_percent": 0.07,
        "gpu_memory_kb": 3607862.0
    },
    "training_summary": {
        "total_epochs": 1,
        "best_accuracy": 0.4872,
        "final_accuracy": 0.4872
    },
    "uid": "5689b0dd29be66ba1e1cfa11a95b1740"
}