{
    "eval_args": {
        "model_package": "/home/ghaffar/nn-dataset/scratch/auto_train_loop/run_Blip2Fast-A5-B9/Blip2Fast-A5-B9",
        "task": "img-captioning",
        "dataset": "coco",
        "metric": "bleu",
        "prm": {
            "lr": 0.0001,
            "batch": 32,
            "dropout": 0.2,
            "momentum": 0.9,
            "transform": "cached_blip2",
            "epoch": 5,
            "limit": 7000,
            "num_workers": 8,
            "pin_memory": false,
            "feature_cache_dir": null,
            "feature_cache_mode": "read",
            "freeze_gpt2": false,
            "uid": "14ed6e2504822f5ef1a17c59d58dc8e3",
            "duration": 1230708083759,
            "accuracy": 0.04749208058062032,
            "train_loss": 1.337840332722451,
            "test_loss": 1.1100228354334831,
            "train_accuracy": 0.0,
            "gradient_norm": 0.9999993372260023,
            "samples_per_second": 480.9847406468785,
            "best_accuracy": 0.04749208058062032,
            "best_epoch": 5,
            "cpu_type": "x86_64",
            "cpu_count": 16,
            "total_ram_kb": 31935912.0,
            "gpu_type": "NVIDIA GeForce RTX 4090",
            "gpu_total_memory_kb": 24635840.0,
            "occupied_ram_kb": 19963332.0,
            "ram_usage_percent": 64.2,
            "cpu_usage_percent": 0.6,
            "occupied_gpu_memory_kb": 4595521.0,
            "gpu_memory_usage_percent": 18.65,
            "gpu_memory_kb": 8090718.0,
            "metric_bleu": 0.04749208058062032
        }
    },
    "eval_results": [
        "0774c4861989cccd622e7340b3c49d34",
        0.04749208058062032,
        0.0037776692291333403,
        0.98
    ],
    "cli_args": {
        "task": "img-captioning",
        "dataset": "coco",
        "metric": "bleu"
    }
}