{
    "config": {
        "task": "img-classification",
        "dataset": "cifar-10",
        "metric": "acc",
        "model": "GenFractalNet-de538556232c3e5fd4618209ea10b379"
    },
    "hyperparameters": {
        "lr": 0.003,
        "momentum": 0.95,
        "batch": 64,
        "epoch": 1,
        "transform": "norm_32_flip",
        "max_batches": null,
        "uid": "9ea869fde7b3127470ef4c9a9f95d4c3",
        "duration": 48226180275,
        "accuracy": 0.618,
        "train_loss": 1.0082299661300982,
        "test_loss": 1.0481293983520217,
        "train_accuracy": 0.63232,
        "gradient_norm": 2.9999997011825537,
        "samples_per_second": 1036.7902474398695,
        "best_accuracy": 0.618,
        "best_epoch": 1,
        "cpu_type": "x86_64",
        "cpu_count": 128,
        "total_ram_kb": 263708948.0,
        "gpu_type": "NVIDIA GeForce RTX 3090",
        "gpu_total_memory_kb": 24703168.0,
        "occupied_ram_kb": 31181040.0,
        "ram_usage_percent": 13.6,
        "cpu_usage_percent": 5.4,
        "occupied_gpu_memory_kb": 112159.5,
        "gpu_memory_usage_percent": 0.45,
        "gpu_memory_kb": 4728746.0
    },
    "training_summary": {
        "total_epochs": 1,
        "best_accuracy": 0.618,
        "final_accuracy": 0.618
    },
    "uid": "de538556232c3e5fd4618209ea10b379"
}