{
    "eval_args": {
        "model_package": "/home/s497466/nn-gpt/out/nngpt/llm/epoch/A0/synth_nn/B37",
        "task": "img-classification",
        "dataset": "imagenette",
        "metric": "acc",
        "prm": {
            "lr": 0.01,
            "batch": 32,
            "dropout": 0.2,
            "momentum": 0.9,
            "transform": "norm_256_flip",
            "stochastic_depth_prob": 0.0,
            "norm_eps": 1e-05,
            "norm_std": 0.5,
            "tie_weights": 0.0,
            "dropout_aux": 0.0,
            "attention_dropout": 0.0,
            "norm_momentum": 0.1,
            "score_thresh": 0.01,
            "nms_thresh": 0.45,
            "iou_thresh": 0.5,
            "detections_per_img": 0.5,
            "topk_candidates": 0.5,
            "neg_to_pos_ratio": 0.5,
            "pretrained": 0.0,
            "patch_size": 0.125,
            "epoch": 1,
            "uid": "b9095d884c36ec05935d296b86e19df1",
            "duration": 148129511731,
            "duration_seconds": 148.13,
            "accuracy": 0.16662420382165605,
            "train_stat": {
                "train_loss": 1.8929112725756918,
                "test_loss": 3.243810676462282,
                "train_accuracy": 0.33593832506072446,
                "gradient_norm": 2.9999999171820426,
                "samples_per_second": 63.9281510141856,
                "best_accuracy": 0.16662420382165605,
                "best_epoch": 1,
                "epoch_max": 1,
                "cpu_count": 128,
                "cpu_type": "x86_64",
                "cpu_usage_percent": 24.5,
                "total_ram_kb": 1056603672.0,
                "occupied_ram_kb": 208361260.0,
                "ram_usage_percent": 19.7,
                "gpu_type": "NVIDIA L40S",
                "gpu_memory_kb": 29177853.0,
                "gpu_total_memory_kb": 46550528.0,
                "occupied_gpu_memory_kb": 240240.0,
                "gpu_memory_usage_percent": 0.52
            },
            "metric_acc": 0.16662420382165605
        }
    },
    "eval_results": {
        "checksum": "FractalFusion-2b-129f347ffc99eca3d016556dd63e44f4",
        "accuracy": 0.16662420382165605,
        "full_result": "('FractalFusion-2b-129f347ffc99eca3d016556dd63e44f4', 0.16662420382165605, 0.044976995497456415, 0.59)"
    },
    "cli_args": {
        "task": "img-classification",
        "dataset": "imagenette",
        "metric": "acc",
        "lr": 0.01,
        "batch": 32,
        "dropout": 0.2,
        "momentum": 0.9,
        "transform": "norm_256_flip"
    }
}