{
    "config": {
        "task": "img-classification",
        "dataset": "cifar-10",
        "metric": "acc",
        "model": "GenFractalNet-673e125265df3835e7af267025cd6584"
    },
    "hyperparameters": {
        "lr": 0.002,
        "momentum": 0.8,
        "batch": 64,
        "epoch": 1,
        "transform": "norm_32_flip",
        "max_batches": null,
        "uid": "4fcd674ab8be9d549912bf8de066f45e",
        "duration": 74525541270,
        "accuracy": 0.5743,
        "train_loss": 1.1714302424122305,
        "test_loss": 1.1984104969698912,
        "train_accuracy": 0.58076,
        "gradient_norm": 1.0080285451946982,
        "samples_per_second": 670.9148381989269,
        "best_accuracy": 0.5743,
        "best_epoch": 1,
        "cpu_type": "x86_64",
        "cpu_count": 32,
        "total_ram_kb": 131724388.0,
        "gpu_type": "NVIDIA GeForce RTX 3090",
        "gpu_total_memory_kb": 24703168.0,
        "occupied_ram_kb": 17386688.0,
        "ram_usage_percent": 15.5,
        "cpu_usage_percent": 0.3,
        "occupied_gpu_memory_kb": 359627.0,
        "gpu_memory_usage_percent": 1.46,
        "gpu_memory_kb": 6319711.0
    },
    "training_summary": {
        "total_epochs": 1,
        "best_accuracy": 0.5743,
        "final_accuracy": 0.5743
    },
    "uid": "673e125265df3835e7af267025cd6584"
}