{
    "config": {
        "task": "img-classification",
        "dataset": "cifar-10",
        "metric": "acc",
        "model": "GenFractalNet-b3be9d795c0311b261f04734428dfbac"
    },
    "hyperparameters": {
        "lr": 0.01,
        "momentum": 0.85,
        "batch": 64,
        "epoch": 1,
        "transform": "norm_32_flip",
        "max_batches": null,
        "uid": "9a0ac318ff9595fe2f49aa22f8b190c4",
        "duration": 83432410759,
        "accuracy": 0.5201,
        "train_loss": 1.3133003653772652,
        "test_loss": 1.3169267944469574,
        "train_accuracy": 0.52308,
        "gradient_norm": 0.6670239665479964,
        "samples_per_second": 599.2916402249746,
        "best_accuracy": 0.5201,
        "best_epoch": 1,
        "cpu_type": "x86_64",
        "cpu_count": 128,
        "total_ram_kb": 263708948.0,
        "gpu_type": "NVIDIA GeForce RTX 3090",
        "gpu_total_memory_kb": 24703168.0,
        "occupied_ram_kb": 34471272.0,
        "ram_usage_percent": 14.8,
        "cpu_usage_percent": 6.0,
        "occupied_gpu_memory_kb": 356931.5,
        "gpu_memory_usage_percent": 1.44,
        "gpu_memory_kb": 5542616.0
    },
    "training_summary": {
        "total_epochs": 1,
        "best_accuracy": 0.5201,
        "final_accuracy": 0.5201
    },
    "uid": "b3be9d795c0311b261f04734428dfbac"
}