{
    "config": {
        "task": "img-classification",
        "dataset": "cifar-10",
        "metric": "acc",
        "model": "GenFractalNet-35aa785b8ffe44557c137203d48932b7"
    },
    "hyperparameters": {
        "lr": 0.002,
        "momentum": 0.95,
        "batch": 64,
        "epoch": 1,
        "transform": "norm_32_flip",
        "max_batches": null,
        "uid": "5d4cbfc901888801ca1aca78f120bc98",
        "duration": 35378018493,
        "accuracy": 0.4176,
        "train_loss": 1.5402927342278268,
        "test_loss": 1.5575323082079553,
        "train_accuracy": 0.42488,
        "gradient_norm": 0.8220934699095279,
        "samples_per_second": 1413.316961584977,
        "best_accuracy": 0.4176,
        "best_epoch": 1,
        "cpu_type": "x86_64",
        "cpu_count": 128,
        "total_ram_kb": 263708948.0,
        "gpu_type": "NVIDIA GeForce RTX 3090",
        "gpu_total_memory_kb": 24703168.0,
        "occupied_ram_kb": 33114716.0,
        "ram_usage_percent": 14.5,
        "cpu_usage_percent": 4.4,
        "occupied_gpu_memory_kb": 18282.0,
        "gpu_memory_usage_percent": 0.07,
        "gpu_memory_kb": 5285445.0
    },
    "training_summary": {
        "total_epochs": 1,
        "best_accuracy": 0.4176,
        "final_accuracy": 0.4176
    },
    "uid": "35aa785b8ffe44557c137203d48932b7"
}