{
    "config": {
        "task": "img-classification",
        "dataset": "cifar-10",
        "metric": "acc",
        "model": "GenFractalNet-9c15ed797e8301f0d688457d554b50c5"
    },
    "hyperparameters": {
        "lr": 0.01,
        "momentum": 0.95,
        "batch": 64,
        "epoch": 1,
        "transform": "norm_32_flip",
        "max_batches": null,
        "uid": "7e0d9d3a4af27bbe52d1557a4daae329",
        "duration": 35039411150,
        "accuracy": 0.2514,
        "train_loss": 1.9355057764541157,
        "test_loss": 1.9307817782566046,
        "train_accuracy": 0.24696,
        "gradient_norm": 0.303238116194862,
        "samples_per_second": 1426.9778859985834,
        "best_accuracy": 0.2514,
        "best_epoch": 1,
        "cpu_type": "x86_64",
        "cpu_count": 128,
        "total_ram_kb": 263708948.0,
        "gpu_type": "NVIDIA GeForce RTX 3090",
        "gpu_total_memory_kb": 24703168.0,
        "occupied_ram_kb": 29235004.0,
        "ram_usage_percent": 12.8,
        "cpu_usage_percent": 4.4,
        "occupied_gpu_memory_kb": 23921.0,
        "gpu_memory_usage_percent": 0.1,
        "gpu_memory_kb": 5390012.5
    },
    "training_summary": {
        "total_epochs": 1,
        "best_accuracy": 0.2514,
        "final_accuracy": 0.2514
    },
    "uid": "9c15ed797e8301f0d688457d554b50c5"
}