{
    "config": {
        "task": "img-classification",
        "dataset": "cifar-10",
        "metric": "acc",
        "model": "GenFractalNet-e7a580303891f528060c66704acfe0e7"
    },
    "hyperparameters": {
        "lr": 0.005,
        "momentum": 0.9,
        "batch": 64,
        "epoch": 1,
        "transform": "norm_32_flip",
        "max_batches": null,
        "uid": "2a64534394dffeddd8342f36ba57f478",
        "duration": 33566008678,
        "accuracy": 0.5563,
        "train_loss": 1.2071423870523263,
        "test_loss": 1.2204495930367973,
        "train_accuracy": 0.56662,
        "gradient_norm": 1.8991611489641185,
        "samples_per_second": 1489.6124502711893,
        "best_accuracy": 0.5563,
        "best_epoch": 1,
        "cpu_type": "x86_64",
        "cpu_count": 32,
        "total_ram_kb": 131724388.0,
        "gpu_type": "NVIDIA GeForce RTX 3090",
        "gpu_total_memory_kb": 24703168.0,
        "occupied_ram_kb": 17221176.0,
        "ram_usage_percent": 15.4,
        "cpu_usage_percent": 0.0,
        "occupied_gpu_memory_kb": 40995.5,
        "gpu_memory_usage_percent": 0.17,
        "gpu_memory_kb": 6192350.0
    },
    "training_summary": {
        "total_epochs": 1,
        "best_accuracy": 0.5563,
        "final_accuracy": 0.5563
    },
    "uid": "e7a580303891f528060c66704acfe0e7"
}