{
    "config": {
        "task": "img-classification",
        "dataset": "cifar-10",
        "metric": "acc",
        "model": "GenFractalNet-296c8e7ee7e71759a7b9878fc40c1b64"
    },
    "hyperparameters": {
        "lr": 0.005,
        "momentum": 0.95,
        "batch": 64,
        "epoch": 1,
        "transform": "norm_32_flip",
        "max_batches": null,
        "uid": "c3bab3e9931db53638d2791332ae0024",
        "duration": 39239734133,
        "accuracy": 0.4842,
        "train_loss": 1.3491945836855017,
        "test_loss": 1.3651754909260259,
        "train_accuracy": 0.49988,
        "gradient_norm": 1.989731998995873,
        "samples_per_second": 1274.2339340063152,
        "best_accuracy": 0.4842,
        "best_epoch": 1,
        "cpu_type": "x86_64",
        "cpu_count": 128,
        "total_ram_kb": 263708948.0,
        "gpu_type": "NVIDIA GeForce RTX 3090",
        "gpu_total_memory_kb": 24703168.0,
        "occupied_ram_kb": 31664036.0,
        "ram_usage_percent": 13.9,
        "cpu_usage_percent": 4.2,
        "occupied_gpu_memory_kb": 47218.5,
        "gpu_memory_usage_percent": 0.19,
        "gpu_memory_kb": 5390012.5
    },
    "training_summary": {
        "total_epochs": 1,
        "best_accuracy": 0.4842,
        "final_accuracy": 0.4842
    },
    "uid": "296c8e7ee7e71759a7b9878fc40c1b64"
}