{
    "eval_args": {
        "model_package": "/home/s497466/nn-gpt/out/nngpt/llm/epoch/A0/synth_nn/B87",
        "task": "img-classification",
        "dataset": "imagenette",
        "metric": "acc",
        "prm": {
            "lr": 0.01,
            "batch": 32,
            "dropout": 0.2,
            "momentum": 0.9,
            "transform": "norm_256_flip",
            "stochastic_depth_prob": 0.0,
            "norm_eps": 1e-05,
            "norm_std": 0.5,
            "tie_weights": 0.0,
            "dropout_aux": 0.0,
            "attention_dropout": 0.0,
            "norm_momentum": 0.1,
            "score_thresh": 0.01,
            "nms_thresh": 0.45,
            "iou_thresh": 0.5,
            "detections_per_img": 0.5,
            "topk_candidates": 0.5,
            "neg_to_pos_ratio": 0.5,
            "pretrained": 0.0,
            "patch_size": 0.125,
            "epoch": 1,
            "uid": "b9095d884c36ec05935d296b86e19df1",
            "duration": 174314377448,
            "duration_seconds": 174.31,
            "accuracy": 0.30445859872611464,
            "train_stat": {
                "train_loss": 2.000440996933769,
                "test_loss": 2.6577514068382544,
                "train_accuracy": 0.29707466469532157,
                "gradient_norm": 2.9999997162772445,
                "samples_per_second": 54.32478431538425,
                "best_accuracy": 0.30445859872611464,
                "best_epoch": 1,
                "epoch_max": 1,
                "cpu_count": 128,
                "cpu_type": "x86_64",
                "cpu_usage_percent": 33.5,
                "total_ram_kb": 1056603672.0,
                "occupied_ram_kb": 177103704.0,
                "ram_usage_percent": 16.8,
                "gpu_type": "NVIDIA L40S",
                "gpu_memory_kb": 23715975.5,
                "gpu_total_memory_kb": 46550528.0,
                "occupied_gpu_memory_kb": 318599.0,
                "gpu_memory_usage_percent": 0.68
            },
            "metric_acc": 0.30445859872611464
        }
    },
    "eval_results": {
        "checksum": "FractalFusion-6b-d42f052ae31d6c0eb8e1b116c01859c8",
        "accuracy": 0.30445859872611464,
        "full_result": "('FractalFusion-6b-d42f052ae31d6c0eb8e1b116c01859c8', 0.30445859872611464, 0.11729302064432809, 0.57)"
    },
    "cli_args": {
        "task": "img-classification",
        "dataset": "imagenette",
        "metric": "acc",
        "lr": 0.01,
        "batch": 32,
        "dropout": 0.2,
        "momentum": 0.9,
        "transform": "norm_256_flip"
    }
}