{
    "config": {
        "task": "img-classification",
        "dataset": "cifar-10",
        "metric": "acc",
        "model": "GenFractalNet-215c1d868d778c30522fe7d374e1372d"
    },
    "hyperparameters": {
        "lr": 0.002,
        "momentum": 0.9,
        "batch": 64,
        "epoch": 1,
        "transform": "norm_32_flip",
        "max_batches": null,
        "uid": "bba767d4cfa94763af48f9c07782c09a",
        "duration": 32284579350,
        "accuracy": 0.5893,
        "train_loss": 1.111305094588443,
        "test_loss": 1.149734890764686,
        "train_accuracy": 0.60272,
        "gradient_norm": 2.9999989290724924,
        "samples_per_second": 1548.7371156308454,
        "best_accuracy": 0.5893,
        "best_epoch": 1,
        "cpu_type": "x86_64",
        "cpu_count": 128,
        "total_ram_kb": 263708948.0,
        "gpu_type": "NVIDIA GeForce RTX 3090",
        "gpu_total_memory_kb": 24703168.0,
        "occupied_ram_kb": 21261280.0,
        "ram_usage_percent": 11.3,
        "cpu_usage_percent": 0.8,
        "occupied_gpu_memory_kb": 19236.5,
        "gpu_memory_usage_percent": 0.08,
        "gpu_memory_kb": 5718054.0
    },
    "training_summary": {
        "total_epochs": 1,
        "best_accuracy": 0.5893,
        "final_accuracy": 0.5893
    },
    "uid": "215c1d868d778c30522fe7d374e1372d"
}