{
    "config": {
        "task": "img-classification",
        "dataset": "cifar-10",
        "metric": "acc",
        "model": "GenFractalNet-47990ec4c5b8aa3652482337e1842120"
    },
    "hyperparameters": {
        "lr": 0.01,
        "momentum": 0.8,
        "batch": 64,
        "epoch": 1,
        "transform": "norm_32_flip",
        "max_batches": null,
        "uid": "cac9e1582511f93cefcb9518dad95595",
        "duration": 52940311582,
        "accuracy": 0.5645,
        "train_loss": 1.1718269621624666,
        "test_loss": 1.192032928299752,
        "train_accuracy": 0.57666,
        "gradient_norm": 0.8430480959142372,
        "samples_per_second": 944.4657701215874,
        "best_accuracy": 0.5645,
        "best_epoch": 1,
        "cpu_type": "x86_64",
        "cpu_count": 128,
        "total_ram_kb": 263708948.0,
        "gpu_type": "NVIDIA GeForce RTX 3090",
        "gpu_total_memory_kb": 24703168.0,
        "occupied_ram_kb": 33184824.0,
        "ram_usage_percent": 14.3,
        "cpu_usage_percent": 5.9,
        "occupied_gpu_memory_kb": 101944.0,
        "gpu_memory_usage_percent": 0.41,
        "gpu_memory_kb": 6272025.5
    },
    "training_summary": {
        "total_epochs": 1,
        "best_accuracy": 0.5645,
        "final_accuracy": 0.5645
    },
    "uid": "47990ec4c5b8aa3652482337e1842120"
}