{
    "config": {
        "task": "img-classification",
        "dataset": "cifar-10",
        "metric": "acc",
        "model": "GenFractalNet-0cb9199f586d41c021ad442845533b19"
    },
    "hyperparameters": {
        "lr": 0.01,
        "momentum": 0.92,
        "batch": 64,
        "epoch": 1,
        "transform": "norm_32_flip",
        "max_batches": null,
        "uid": "fb90a55754624e15cc974013a9a25d1f",
        "duration": 35483146440,
        "accuracy": 0.3823,
        "train_loss": 1.602958052207137,
        "test_loss": 1.6077762842178345,
        "train_accuracy": 0.38802,
        "gradient_norm": 0.42551772357832485,
        "samples_per_second": 1409.1286008662482,
        "best_accuracy": 0.3823,
        "best_epoch": 1,
        "cpu_type": "x86_64",
        "cpu_count": 128,
        "total_ram_kb": 263708948.0,
        "gpu_type": "NVIDIA GeForce RTX 3090",
        "gpu_total_memory_kb": 24703168.0,
        "occupied_ram_kb": 32120432.0,
        "ram_usage_percent": 14.0,
        "cpu_usage_percent": 5.6,
        "occupied_gpu_memory_kb": 43055.5,
        "gpu_memory_usage_percent": 0.17,
        "gpu_memory_kb": 5562392.5
    },
    "training_summary": {
        "total_epochs": 1,
        "best_accuracy": 0.3823,
        "final_accuracy": 0.3823
    },
    "uid": "0cb9199f586d41c021ad442845533b19"
}