{
    "config": {
        "task": "img-classification",
        "dataset": "cifar-10",
        "metric": "acc",
        "model": "GenFractalNet-44a24a7e7e5d3328e3be75209ff792d0"
    },
    "hyperparameters": {
        "lr": 0.01,
        "momentum": 0.95,
        "batch": 64,
        "epoch": 1,
        "transform": "norm_32_flip",
        "max_batches": null,
        "uid": "7e0d9d3a4af27bbe52d1557a4daae329",
        "duration": 35020929025,
        "accuracy": 0.2812,
        "train_loss": 1.9027550122926913,
        "test_loss": 1.8980448359896422,
        "train_accuracy": 0.28304,
        "gradient_norm": 0.29070777364051303,
        "samples_per_second": 1427.7307052664019,
        "best_accuracy": 0.2812,
        "best_epoch": 1,
        "cpu_type": "x86_64",
        "cpu_count": 128,
        "total_ram_kb": 263708948.0,
        "gpu_type": "NVIDIA GeForce RTX 3090",
        "gpu_total_memory_kb": 24703168.0,
        "occupied_ram_kb": 34128852.0,
        "ram_usage_percent": 14.7,
        "cpu_usage_percent": 4.3,
        "occupied_gpu_memory_kb": 23523.0,
        "gpu_memory_usage_percent": 0.1,
        "gpu_memory_kb": 5390012.5
    },
    "training_summary": {
        "total_epochs": 1,
        "best_accuracy": 0.2812,
        "final_accuracy": 0.2812
    },
    "uid": "44a24a7e7e5d3328e3be75209ff792d0"
}