{
    "config": {
        "task": "img-classification",
        "dataset": "cifar-10",
        "metric": "acc",
        "model": "GenFractalNet-b1c00615a538a1e9c8b8af02bc38970c"
    },
    "hyperparameters": {
        "lr": 0.005,
        "momentum": 0.85,
        "batch": 64,
        "epoch": 1,
        "transform": "norm_32_flip",
        "max_batches": null,
        "uid": "66c0389308131baca1c2e07779bf8112",
        "duration": 77038812187,
        "accuracy": 0.1384,
        "train_loss": 2.2668293842574214,
        "test_loss": 2.2670682053657094,
        "train_accuracy": 0.13732,
        "gradient_norm": 1.9928697434407616,
        "samples_per_second": 649.0272965256365,
        "best_accuracy": 0.1384,
        "best_epoch": 1,
        "cpu_type": "x86_64",
        "cpu_count": 32,
        "total_ram_kb": 131724388.0,
        "gpu_type": "NVIDIA GeForce RTX 3090",
        "gpu_total_memory_kb": 24703168.0,
        "occupied_ram_kb": 16952304.0,
        "ram_usage_percent": 15.1,
        "cpu_usage_percent": 4.4,
        "occupied_gpu_memory_kb": 285029.0,
        "gpu_memory_usage_percent": 1.15,
        "gpu_memory_kb": 4233128.0
    },
    "training_summary": {
        "total_epochs": 1,
        "best_accuracy": 0.1384,
        "final_accuracy": 0.1384
    },
    "uid": "b1c00615a538a1e9c8b8af02bc38970c"
}