{
    "config": {
        "task": "img-classification",
        "dataset": "cifar-10",
        "metric": "acc",
        "model": "GenFractalNet-ee365e30490d5e9325fd3f20b9c40cfd"
    },
    "hyperparameters": {
        "lr": 0.005,
        "momentum": 0.95,
        "batch": 64,
        "epoch": 1,
        "transform": "norm_32_flip",
        "max_batches": null,
        "uid": "c3bab3e9931db53638d2791332ae0024",
        "duration": 39071439356,
        "accuracy": 0.5773,
        "train_loss": 1.1582858397832612,
        "test_loss": 1.1737249698608545,
        "train_accuracy": 0.58176,
        "gradient_norm": 1.8493342430341781,
        "samples_per_second": 1279.715013650043,
        "best_accuracy": 0.5773,
        "best_epoch": 1,
        "cpu_type": "x86_64",
        "cpu_count": 128,
        "total_ram_kb": 263708948.0,
        "gpu_type": "NVIDIA GeForce RTX 3090",
        "gpu_total_memory_kb": 24703168.0,
        "occupied_ram_kb": 34068720.0,
        "ram_usage_percent": 14.6,
        "cpu_usage_percent": 7.7,
        "occupied_gpu_memory_kb": 127131.5,
        "gpu_memory_usage_percent": 0.51,
        "gpu_memory_kb": 5542616.0
    },
    "training_summary": {
        "total_epochs": 1,
        "best_accuracy": 0.5773,
        "final_accuracy": 0.5773
    },
    "uid": "ee365e30490d5e9325fd3f20b9c40cfd"
}