{
    "config": {
        "task": "img-classification",
        "dataset": "cifar-10",
        "metric": "acc",
        "model": "GenFractalNet-7103377f23427869f6d7560524f20f62"
    },
    "hyperparameters": {
        "lr": 0.005,
        "momentum": 0.95,
        "batch": 64,
        "epoch": 1,
        "transform": "norm_32_flip",
        "max_batches": null,
        "uid": "c3bab3e9931db53638d2791332ae0024",
        "duration": 35066345344,
        "accuracy": 0.6112,
        "train_loss": 1.0481182166834926,
        "test_loss": 1.0687619857727342,
        "train_accuracy": 0.62082,
        "gradient_norm": 2.999999344771808,
        "samples_per_second": 1425.8776420750899,
        "best_accuracy": 0.6112,
        "best_epoch": 1,
        "cpu_type": "x86_64",
        "cpu_count": 128,
        "total_ram_kb": 263708948.0,
        "gpu_type": "NVIDIA GeForce RTX 3090",
        "gpu_total_memory_kb": 24703168.0,
        "occupied_ram_kb": 29302860.0,
        "ram_usage_percent": 12.8,
        "cpu_usage_percent": 5.6,
        "occupied_gpu_memory_kb": 22001.0,
        "gpu_memory_usage_percent": 0.09,
        "gpu_memory_kb": 5542616.0
    },
    "training_summary": {
        "total_epochs": 1,
        "best_accuracy": 0.6112,
        "final_accuracy": 0.6112
    },
    "uid": "7103377f23427869f6d7560524f20f62"
}