{
    "config": {
        "task": "img-classification",
        "dataset": "cifar-10",
        "metric": "acc",
        "model": "GenFractalNet-62c2b3d50923c03b60cab2980a851992"
    },
    "hyperparameters": {
        "lr": 0.005,
        "momentum": 0.85,
        "batch": 64,
        "epoch": 1,
        "transform": "norm_32_flip",
        "max_batches": null,
        "uid": "66c0389308131baca1c2e07779bf8112",
        "duration": 34873693936,
        "accuracy": 0.4061,
        "train_loss": 1.5606280775631176,
        "test_loss": 1.5540117108897797,
        "train_accuracy": 0.40486,
        "gradient_norm": 0.4746258511167751,
        "samples_per_second": 1433.7540908847031,
        "best_accuracy": 0.4061,
        "best_epoch": 1,
        "cpu_type": "x86_64",
        "cpu_count": 128,
        "total_ram_kb": 263708948.0,
        "gpu_type": "NVIDIA GeForce RTX 3090",
        "gpu_total_memory_kb": 24703168.0,
        "occupied_ram_kb": 30666788.0,
        "ram_usage_percent": 13.4,
        "cpu_usage_percent": 5.7,
        "occupied_gpu_memory_kb": 17863.0,
        "gpu_memory_usage_percent": 0.07,
        "gpu_memory_kb": 5542616.0
    },
    "training_summary": {
        "total_epochs": 1,
        "best_accuracy": 0.4061,
        "final_accuracy": 0.4061
    },
    "uid": "62c2b3d50923c03b60cab2980a851992"
}