{
    "config": {
        "task": "img-classification",
        "dataset": "cifar-10",
        "metric": "acc",
        "model": "GenFractalNet-50c8cf77596e02c47900457eaee91b0e"
    },
    "hyperparameters": {
        "lr": 0.005,
        "momentum": 0.95,
        "batch": 64,
        "epoch": 1,
        "transform": "norm_32_flip",
        "max_batches": null,
        "uid": "c3bab3e9931db53638d2791332ae0024",
        "duration": 35357677464,
        "accuracy": 0.441,
        "train_loss": 1.5229935737522058,
        "test_loss": 1.5285913519039276,
        "train_accuracy": 0.43974,
        "gradient_norm": 2.206375688780918,
        "samples_per_second": 1414.1342423953142,
        "best_accuracy": 0.441,
        "best_epoch": 1,
        "cpu_type": "x86_64",
        "cpu_count": 128,
        "total_ram_kb": 263708948.0,
        "gpu_type": "NVIDIA GeForce RTX 3090",
        "gpu_total_memory_kb": 24703168.0,
        "occupied_ram_kb": 33738040.0,
        "ram_usage_percent": 14.5,
        "cpu_usage_percent": 4.7,
        "occupied_gpu_memory_kb": 17099.5,
        "gpu_memory_usage_percent": 0.07,
        "gpu_memory_kb": 5718922.0
    },
    "training_summary": {
        "total_epochs": 1,
        "best_accuracy": 0.441,
        "final_accuracy": 0.441
    },
    "uid": "50c8cf77596e02c47900457eaee91b0e"
}