{
    "config": {
        "task": "img-classification",
        "dataset": "cifar-10",
        "metric": "acc",
        "model": "GenFractalNet-7ea9885b742cdc680df5953b5b69e1fc"
    },
    "hyperparameters": {
        "lr": 0.01,
        "momentum": 0.75,
        "batch": 64,
        "epoch": 1,
        "transform": "norm_32_flip",
        "max_batches": null,
        "uid": "d091050f01990917d03203023019d417",
        "duration": 31021775081,
        "accuracy": 0.5076,
        "train_loss": 1.3517806815064473,
        "test_loss": 1.3624458335767127,
        "train_accuracy": 0.50826,
        "gradient_norm": 0.8590001556042521,
        "samples_per_second": 1611.7819259662776,
        "best_accuracy": 0.5076,
        "best_epoch": 1,
        "cpu_type": "x86_64",
        "cpu_count": 128,
        "total_ram_kb": 263708948.0,
        "gpu_type": "NVIDIA GeForce RTX 3090",
        "gpu_total_memory_kb": 24703168.0,
        "occupied_ram_kb": 16973092.0,
        "ram_usage_percent": 8.2,
        "cpu_usage_percent": 0.0,
        "occupied_gpu_memory_kb": 23586.5,
        "gpu_memory_usage_percent": 0.1,
        "gpu_memory_kb": 6194574.5
    },
    "training_summary": {
        "total_epochs": 1,
        "best_accuracy": 0.5076,
        "final_accuracy": 0.5076
    },
    "uid": "7ea9885b742cdc680df5953b5b69e1fc"
}