{
    "config": {
        "task": "img-classification",
        "dataset": "cifar-10",
        "metric": "acc",
        "model": "GenFractalNet-a0974bfb8a6bd452d55dda7392760669"
    },
    "hyperparameters": {
        "lr": 0.005,
        "momentum": 0.95,
        "batch": 64,
        "epoch": 1,
        "transform": "norm_32_flip",
        "max_batches": null,
        "uid": "c3bab3e9931db53638d2791332ae0024",
        "duration": 53763297339,
        "accuracy": 0.1779,
        "train_loss": 2.2732809117383055,
        "test_loss": 2.2732385829755457,
        "train_accuracy": 0.17836,
        "gradient_norm": 1.5323402974010736,
        "samples_per_second": 930.0102477113087,
        "best_accuracy": 0.1779,
        "best_epoch": 1,
        "cpu_type": "x86_64",
        "cpu_count": 128,
        "total_ram_kb": 263708948.0,
        "gpu_type": "NVIDIA GeForce RTX 3090",
        "gpu_total_memory_kb": 24703168.0,
        "occupied_ram_kb": 35544664.0,
        "ram_usage_percent": 15.2,
        "cpu_usage_percent": 4.3,
        "occupied_gpu_memory_kb": 112088.0,
        "gpu_memory_usage_percent": 0.45,
        "gpu_memory_kb": 6272893.5
    },
    "training_summary": {
        "total_epochs": 1,
        "best_accuracy": 0.1779,
        "final_accuracy": 0.1779
    },
    "uid": "a0974bfb8a6bd452d55dda7392760669"
}