{
    "config": {
        "task": "img-classification",
        "dataset": "cifar-10",
        "metric": "acc",
        "model": "GenFractalNet-9941304698c6db0ff9cd5534d1948d15"
    },
    "hyperparameters": {
        "lr": 0.003,
        "momentum": 0.9,
        "batch": 64,
        "epoch": 1,
        "transform": "norm_32_flip",
        "max_batches": null,
        "uid": "17beedf8a1b9e90767c2bf884dddc113",
        "duration": 35818071623,
        "accuracy": 0.5098,
        "train_loss": 1.3315148661508585,
        "test_loss": 1.3451524904579113,
        "train_accuracy": 0.52272,
        "gradient_norm": 2.9999995016965895,
        "samples_per_second": 1395.9559048774493,
        "best_accuracy": 0.5098,
        "best_epoch": 1,
        "cpu_type": "x86_64",
        "cpu_count": 32,
        "total_ram_kb": 131724388.0,
        "gpu_type": "NVIDIA GeForce RTX 3090",
        "gpu_total_memory_kb": 24703168.0,
        "occupied_ram_kb": 17150588.0,
        "ram_usage_percent": 15.3,
        "cpu_usage_percent": 0.3,
        "occupied_gpu_memory_kb": 29789.5,
        "gpu_memory_usage_percent": 0.12,
        "gpu_memory_kb": 5182624.5
    },
    "training_summary": {
        "total_epochs": 1,
        "best_accuracy": 0.5098,
        "final_accuracy": 0.5098
    },
    "uid": "9941304698c6db0ff9cd5534d1948d15"
}