{
    "config": {
        "task": "img-classification",
        "dataset": "cifar-10",
        "metric": "acc",
        "model": "GenFractalNet-3b392b202cd8153244fb459552694418"
    },
    "hyperparameters": {
        "lr": 0.001,
        "momentum": 0.9,
        "batch": 64,
        "epoch": 1,
        "transform": "norm_32_flip",
        "max_batches": null,
        "uid": "844fa18fcaaac2a828a4ea18152f334d",
        "duration": 33077896509,
        "accuracy": 0.4972,
        "train_loss": 1.367488152535675,
        "test_loss": 1.37572525565032,
        "train_accuracy": 0.50174,
        "gradient_norm": 2.999999782478117,
        "samples_per_second": 1511.5928053275568,
        "best_accuracy": 0.4972,
        "best_epoch": 1,
        "cpu_type": "x86_64",
        "cpu_count": 32,
        "total_ram_kb": 131724388.0,
        "gpu_type": "NVIDIA GeForce RTX 4090",
        "gpu_total_memory_kb": 24658816.0,
        "occupied_ram_kb": 17224684.0,
        "ram_usage_percent": 15.4,
        "cpu_usage_percent": 0.3,
        "occupied_gpu_memory_kb": 17109.0,
        "gpu_memory_usage_percent": 0.07,
        "gpu_memory_kb": 3165929.5
    },
    "training_summary": {
        "total_epochs": 1,
        "best_accuracy": 0.4972,
        "final_accuracy": 0.4972
    },
    "uid": "3b392b202cd8153244fb459552694418"
}