{
    "config": {
        "task": "img-classification",
        "dataset": "cifar-10",
        "metric": "acc",
        "model": "GenFractalNet-72b0e3ec408f0b649a7a370bd8b1b4e9"
    },
    "hyperparameters": {
        "lr": 0.005,
        "momentum": 0.95,
        "batch": 64,
        "epoch": 1,
        "transform": "norm_32_flip",
        "max_batches": null,
        "uid": "c3bab3e9931db53638d2791332ae0024",
        "duration": 35957385237,
        "accuracy": 0.4291,
        "train_loss": 1.602253946654327,
        "test_loss": 1.5917245483702156,
        "train_accuracy": 0.42656,
        "gradient_norm": 0.5674623564574436,
        "samples_per_second": 1390.5446572272529,
        "best_accuracy": 0.4291,
        "best_epoch": 1,
        "cpu_type": "x86_64",
        "cpu_count": 128,
        "total_ram_kb": 263708948.0,
        "gpu_type": "NVIDIA GeForce RTX 3090",
        "gpu_total_memory_kb": 24703168.0,
        "occupied_ram_kb": 32889052.0,
        "ram_usage_percent": 14.3,
        "cpu_usage_percent": 7.0,
        "occupied_gpu_memory_kb": 22371.5,
        "gpu_memory_usage_percent": 0.09,
        "gpu_memory_kb": 6272893.5
    },
    "training_summary": {
        "total_epochs": 1,
        "best_accuracy": 0.4291,
        "final_accuracy": 0.4291
    },
    "uid": "72b0e3ec408f0b649a7a370bd8b1b4e9"
}