{
    "config": {
        "task": "img-classification",
        "dataset": "cifar-10",
        "metric": "acc",
        "model": "GenFractalNet-8cbf16b352a72948fe9d4ca6c78bc8e6"
    },
    "hyperparameters": {
        "lr": 0.005,
        "momentum": 0.95,
        "batch": 64,
        "epoch": 1,
        "transform": "norm_32_flip",
        "max_batches": null,
        "uid": "c3bab3e9931db53638d2791332ae0024",
        "duration": 42585974592,
        "accuracy": 0.4354,
        "train_loss": 1.4865351438217456,
        "test_loss": 1.493830175156806,
        "train_accuracy": 0.44842,
        "gradient_norm": 2.4968385377552256,
        "samples_per_second": 1174.1087389405625,
        "best_accuracy": 0.4354,
        "best_epoch": 1,
        "cpu_type": "x86_64",
        "cpu_count": 128,
        "total_ram_kb": 263708948.0,
        "gpu_type": "NVIDIA GeForce RTX 3090",
        "gpu_total_memory_kb": 24703168.0,
        "occupied_ram_kb": 34710480.0,
        "ram_usage_percent": 17.9,
        "cpu_usage_percent": 6.0,
        "occupied_gpu_memory_kb": 30710.0,
        "gpu_memory_usage_percent": 0.12,
        "gpu_memory_kb": 5486889.5
    },
    "training_summary": {
        "total_epochs": 1,
        "best_accuracy": 0.4354,
        "final_accuracy": 0.4354
    },
    "uid": "8cbf16b352a72948fe9d4ca6c78bc8e6"
}