{
    "config": {
        "task": "img-classification",
        "dataset": "cifar-10",
        "metric": "acc",
        "model": "GenFractalNet-d59eddfd96d007708dd93d43a1083225"
    },
    "hyperparameters": {
        "lr": 0.01,
        "momentum": 0.95,
        "batch": 64,
        "epoch": 1,
        "transform": "norm_32_flip",
        "max_batches": null,
        "uid": "7e0d9d3a4af27bbe52d1557a4daae329",
        "duration": 35701327499,
        "accuracy": 0.2625,
        "train_loss": 1.997235066902912,
        "test_loss": 1.9971257767100243,
        "train_accuracy": 0.25838,
        "gradient_norm": 0.20361683358548488,
        "samples_per_second": 1400.5204927747757,
        "best_accuracy": 0.2625,
        "best_epoch": 1,
        "cpu_type": "x86_64",
        "cpu_count": 128,
        "total_ram_kb": 263708948.0,
        "gpu_type": "NVIDIA GeForce RTX 3090",
        "gpu_total_memory_kb": 24703168.0,
        "occupied_ram_kb": 30365460.0,
        "ram_usage_percent": 13.3,
        "cpu_usage_percent": 4.7,
        "occupied_gpu_memory_kb": 23484.0,
        "gpu_memory_usage_percent": 0.1,
        "gpu_memory_kb": 6272893.5
    },
    "training_summary": {
        "total_epochs": 1,
        "best_accuracy": 0.2625,
        "final_accuracy": 0.2625
    },
    "uid": "d59eddfd96d007708dd93d43a1083225"
}