{
    "config": {
        "task": "img-classification",
        "dataset": "cifar-10",
        "metric": "acc",
        "model": "GenFractalNet-020d88490772076fba6489fcc7b352f0"
    },
    "hyperparameters": {
        "lr": 0.01,
        "momentum": 0.95,
        "batch": 64,
        "epoch": 1,
        "transform": "norm_32_flip",
        "max_batches": null,
        "uid": "7e0d9d3a4af27bbe52d1557a4daae329",
        "duration": 35203284513,
        "accuracy": 0.5439,
        "train_loss": 1.2176804481564885,
        "test_loss": 1.233613172534165,
        "train_accuracy": 0.55102,
        "gradient_norm": 2.9999988364078813,
        "samples_per_second": 1420.3299631486416,
        "best_accuracy": 0.5439,
        "best_epoch": 1,
        "cpu_type": "x86_64",
        "cpu_count": 128,
        "total_ram_kb": 263708948.0,
        "gpu_type": "NVIDIA GeForce RTX 3090",
        "gpu_total_memory_kb": 24703168.0,
        "occupied_ram_kb": 33786632.0,
        "ram_usage_percent": 14.5,
        "cpu_usage_percent": 5.6,
        "occupied_gpu_memory_kb": 37253.5,
        "gpu_memory_usage_percent": 0.15,
        "gpu_memory_kb": 6195581.5
    },
    "training_summary": {
        "total_epochs": 1,
        "best_accuracy": 0.5439,
        "final_accuracy": 0.5439
    },
    "uid": "020d88490772076fba6489fcc7b352f0"
}