{
    "config": {
        "task": "img-classification",
        "dataset": "cifar-10",
        "metric": "acc",
        "model": "GenFractalNet-0e6a9fe03b733778fa20cf4c048d0d89"
    },
    "hyperparameters": {
        "lr": 0.01,
        "momentum": 0.9,
        "batch": 64,
        "epoch": 1,
        "transform": "norm_32_flip",
        "max_batches": null,
        "uid": "fddd85ed21879149faee86627a9f4554",
        "duration": 34032931037,
        "accuracy": 0.3842,
        "train_loss": 1.646823704700031,
        "test_loss": 1.6472199092245405,
        "train_accuracy": 0.38206,
        "gradient_norm": 0.9067080771324603,
        "samples_per_second": 1469.1758572137999,
        "best_accuracy": 0.3842,
        "best_epoch": 1,
        "cpu_type": "x86_64",
        "cpu_count": 32,
        "total_ram_kb": 131724388.0,
        "gpu_type": "NVIDIA GeForce RTX 4090",
        "gpu_total_memory_kb": 24658816.0,
        "occupied_ram_kb": 16995856.0,
        "ram_usage_percent": 15.2,
        "cpu_usage_percent": 2.5,
        "occupied_gpu_memory_kb": 18103.5,
        "gpu_memory_usage_percent": 0.07,
        "gpu_memory_kb": 4585198.5
    },
    "training_summary": {
        "total_epochs": 1,
        "best_accuracy": 0.3842,
        "final_accuracy": 0.3842
    },
    "uid": "0e6a9fe03b733778fa20cf4c048d0d89"
}