{
    "config": {
        "task": "img-classification",
        "dataset": "cifar-10",
        "metric": "acc",
        "model": "GenFractalNet-887c85dffd30282c1ad4998d27101de5"
    },
    "hyperparameters": {
        "lr": 0.01,
        "momentum": 0.75,
        "batch": 64,
        "epoch": 1,
        "transform": "norm_32_flip",
        "max_batches": null,
        "uid": "d091050f01990917d03203023019d417",
        "duration": 31151286893,
        "accuracy": 0.5169,
        "train_loss": 1.3075883066867624,
        "test_loss": 1.315832829019826,
        "train_accuracy": 0.51902,
        "gradient_norm": 2.0413460416913627,
        "samples_per_second": 1605.0801390939707,
        "best_accuracy": 0.5169,
        "best_epoch": 1,
        "cpu_type": "x86_64",
        "cpu_count": 128,
        "total_ram_kb": 263708948.0,
        "gpu_type": "NVIDIA GeForce RTX 3090",
        "gpu_total_memory_kb": 24703168.0,
        "occupied_ram_kb": 17023912.0,
        "ram_usage_percent": 8.0,
        "cpu_usage_percent": 0.0,
        "occupied_gpu_memory_kb": 17117.5,
        "gpu_memory_usage_percent": 0.07,
        "gpu_memory_kb": 6245014.5
    },
    "training_summary": {
        "total_epochs": 1,
        "best_accuracy": 0.5169,
        "final_accuracy": 0.5169
    },
    "uid": "887c85dffd30282c1ad4998d27101de5"
}