{
    "eval_args": {
        "model_package": "/home/s497466/nn-gpt/out/nngpt/llm/epoch/A0/synth_nn/B94",
        "task": "img-classification",
        "dataset": "imagenette",
        "metric": "acc",
        "prm": {
            "lr": 0.01,
            "batch": 32,
            "dropout": 0.2,
            "momentum": 0.9,
            "transform": "norm_256_flip",
            "stochastic_depth_prob": 0.0,
            "norm_eps": 1e-05,
            "norm_std": 0.5,
            "tie_weights": 0.0,
            "dropout_aux": 0.0,
            "attention_dropout": 0.0,
            "norm_momentum": 0.1,
            "score_thresh": 0.01,
            "nms_thresh": 0.45,
            "iou_thresh": 0.5,
            "detections_per_img": 0.5,
            "topk_candidates": 0.5,
            "neg_to_pos_ratio": 0.5,
            "pretrained": 0.0,
            "patch_size": 0.125,
            "epoch": 1,
            "uid": "b9095d884c36ec05935d296b86e19df1",
            "duration": 171352640938,
            "duration_seconds": 171.35,
            "accuracy": 0.44687898089171973,
            "train_stat": {
                "train_loss": 2.0318913815555053,
                "test_loss": 1.8434648954771398,
                "train_accuracy": 0.323687823423804,
                "gradient_norm": 2.9999996320744873,
                "samples_per_second": 55.263997772331024,
                "best_accuracy": 0.44687898089171973,
                "best_epoch": 1,
                "epoch_max": 1,
                "cpu_count": 128,
                "cpu_type": "x86_64",
                "cpu_usage_percent": 6.4,
                "total_ram_kb": 1056603672.0,
                "occupied_ram_kb": 185152776.0,
                "ram_usage_percent": 17.5,
                "gpu_type": "NVIDIA L40S",
                "gpu_memory_kb": 23715975.5,
                "gpu_total_memory_kb": 46550528.0,
                "occupied_gpu_memory_kb": 318682.0,
                "gpu_memory_usage_percent": 0.68
            },
            "metric_acc": 0.44687898089171973
        }
    },
    "eval_results": {
        "checksum": "FractalFusion-6b-1ed91504e800b0cc52ebf75f45c740a1",
        "accuracy": 0.44687898089171973,
        "full_result": "('FractalFusion-6b-1ed91504e800b0cc52ebf75f45c740a1', 0.44687898089171973, 0.20243573661478023, 0.57)"
    },
    "cli_args": {
        "task": "img-classification",
        "dataset": "imagenette",
        "metric": "acc",
        "lr": 0.01,
        "batch": 32,
        "dropout": 0.2,
        "momentum": 0.9,
        "transform": "norm_256_flip"
    }
}