{
    "config": {
        "task": "img-classification",
        "dataset": "cifar-10",
        "metric": "acc",
        "model": "GenFractalNet-2d209712a5c095f8ca6565329ccc60af"
    },
    "hyperparameters": {
        "lr": 0.01,
        "momentum": 0.95,
        "batch": 64,
        "epoch": 1,
        "transform": "norm_32_flip",
        "max_batches": null,
        "uid": "7e0d9d3a4af27bbe52d1557a4daae329",
        "duration": 35236925907,
        "accuracy": 0.5882,
        "train_loss": 1.1417119440520207,
        "test_loss": 1.147901941256918,
        "train_accuracy": 0.59368,
        "gradient_norm": 2.1655661126399712,
        "samples_per_second": 1418.9779923092626,
        "best_accuracy": 0.5882,
        "best_epoch": 1,
        "cpu_type": "x86_64",
        "cpu_count": 128,
        "total_ram_kb": 263708948.0,
        "gpu_type": "NVIDIA GeForce RTX 3090",
        "gpu_total_memory_kb": 24703168.0,
        "occupied_ram_kb": 35138332.0,
        "ram_usage_percent": 15.1,
        "cpu_usage_percent": 5.3,
        "occupied_gpu_memory_kb": 18118.0,
        "gpu_memory_usage_percent": 0.07,
        "gpu_memory_kb": 5718922.0
    },
    "training_summary": {
        "total_epochs": 1,
        "best_accuracy": 0.5882,
        "final_accuracy": 0.5882
    },
    "uid": "2d209712a5c095f8ca6565329ccc60af"
}