{
    "config": {
        "task": "img-classification",
        "dataset": "cifar-10",
        "metric": "acc",
        "model": "GenFractalNet-90283f6a0772ac36623c2bb049c5dc24"
    },
    "hyperparameters": {
        "lr": 0.001,
        "momentum": 0.75,
        "batch": 64,
        "epoch": 1,
        "transform": "norm_32_flip",
        "max_batches": null,
        "uid": "b6bfaf83998d37f4d3476cb4c42c7314",
        "duration": 38341499009,
        "accuracy": 0.2259,
        "train_loss": 2.1086664710508285,
        "test_loss": 2.1071281919054163,
        "train_accuracy": 0.22264,
        "gradient_norm": 2.9999991930567127,
        "samples_per_second": 1304.0870909283167,
        "best_accuracy": 0.2259,
        "best_epoch": 1,
        "cpu_type": "x86_64",
        "cpu_count": 32,
        "total_ram_kb": 131724388.0,
        "gpu_type": "NVIDIA GeForce RTX 3090",
        "gpu_total_memory_kb": 24703168.0,
        "occupied_ram_kb": 17304304.0,
        "ram_usage_percent": 15.4,
        "cpu_usage_percent": 0.3,
        "occupied_gpu_memory_kb": 27591.5,
        "gpu_memory_usage_percent": 0.11,
        "gpu_memory_kb": 6262177.5
    },
    "training_summary": {
        "total_epochs": 1,
        "best_accuracy": 0.2259,
        "final_accuracy": 0.2259
    },
    "uid": "90283f6a0772ac36623c2bb049c5dc24"
}