{
    "eval_args": {
        "model_package": "/home/ghaffar/nn-dataset/scratch/auto_train_loop/run_Blip2Fast-A1-B2/Blip2Fast-A1-B2",
        "task": "img-captioning",
        "dataset": "coco",
        "metric": "bleu",
        "prm": {
            "lr": 0.0001,
            "batch": 32,
            "dropout": 0.2,
            "momentum": 0.9,
            "transform": "cached_blip2",
            "epoch": 5,
            "limit": 7000,
            "num_workers": 8,
            "pin_memory": false,
            "feature_cache_dir": null,
            "feature_cache_mode": "read",
            "freeze_gpt2": false,
            "uid": "76673af9ee23a666eee6e81ebd6441dc",
            "duration": 1228668003325,
            "accuracy": 0.04547920626986163,
            "train_loss": 1.3402919784925873,
            "test_loss": 1.1165856309235096,
            "train_accuracy": 0.0,
            "gradient_norm": 0.9999994877864532,
            "samples_per_second": 481.6257064050647,
            "best_accuracy": 0.04547920626986163,
            "best_epoch": 5,
            "cpu_type": "x86_64",
            "cpu_count": 16,
            "total_ram_kb": 31935912.0,
            "gpu_type": "NVIDIA GeForce RTX 4090",
            "gpu_total_memory_kb": 24635840.0,
            "occupied_ram_kb": 15365552.0,
            "ram_usage_percent": 48.1,
            "cpu_usage_percent": 0.0,
            "occupied_gpu_memory_kb": 4672449.0,
            "gpu_memory_usage_percent": 18.97,
            "gpu_memory_kb": 8178870.0,
            "metric_bleu": 0.04547920626986163
        }
    },
    "eval_results": [
        "21902748b95ec9c3652c27bb07cefec7",
        0.04547920626986163,
        0.003620115942589273,
        0.98
    ],
    "cli_args": {
        "task": "img-captioning",
        "dataset": "coco",
        "metric": "bleu"
    }
}