{
    "config": {
        "task": "img-classification",
        "dataset": "cifar-10",
        "metric": "acc",
        "model": "GenFractalNet-9a415fc85dbe8553660628455856b1aa"
    },
    "hyperparameters": {
        "lr": 0.01,
        "momentum": 0.85,
        "batch": 64,
        "epoch": 1,
        "transform": "norm_32_flip",
        "max_batches": null,
        "uid": "9a0ac318ff9595fe2f49aa22f8b190c4",
        "duration": 33146671922,
        "accuracy": 0.3422,
        "train_loss": 1.7355813429788556,
        "test_loss": 1.7410987197973167,
        "train_accuracy": 0.34616,
        "gradient_norm": 0.7167393086302069,
        "samples_per_second": 1508.4561993987122,
        "best_accuracy": 0.3422,
        "best_epoch": 1,
        "cpu_type": "x86_64",
        "cpu_count": 32,
        "total_ram_kb": 131724388.0,
        "gpu_type": "NVIDIA GeForce RTX 4090",
        "gpu_total_memory_kb": 24658816.0,
        "occupied_ram_kb": 17336348.0,
        "ram_usage_percent": 15.5,
        "cpu_usage_percent": 0.0,
        "occupied_gpu_memory_kb": 18002.0,
        "gpu_memory_usage_percent": 0.07,
        "gpu_memory_kb": 6272025.5
    },
    "training_summary": {
        "total_epochs": 1,
        "best_accuracy": 0.3422,
        "final_accuracy": 0.3422
    },
    "uid": "9a415fc85dbe8553660628455856b1aa"
}