{
    "config": {
        "task": "img-classification",
        "dataset": "cifar-10",
        "metric": "acc",
        "model": "GenFractalNet-048e3b39cf6b8f8c90d3860380e811b4"
    },
    "hyperparameters": {
        "lr": 0.001,
        "momentum": 0.85,
        "batch": 64,
        "epoch": 1,
        "transform": "norm_32_flip",
        "max_batches": null,
        "uid": "5f6961db3de4ccef5e8e9c68f113375a",
        "duration": 31997101406,
        "accuracy": 0.3478,
        "train_loss": 1.7056823946021098,
        "test_loss": 1.7077373941992497,
        "train_accuracy": 0.34522,
        "gradient_norm": 1.2602301554011708,
        "samples_per_second": 1562.6523450280981,
        "best_accuracy": 0.3478,
        "best_epoch": 1,
        "cpu_type": "x86_64",
        "cpu_count": 128,
        "total_ram_kb": 263708948.0,
        "gpu_type": "NVIDIA GeForce RTX 3090",
        "gpu_total_memory_kb": 24703168.0,
        "occupied_ram_kb": 21133548.0,
        "ram_usage_percent": 11.1,
        "cpu_usage_percent": 0.9,
        "occupied_gpu_memory_kb": 16833.5,
        "gpu_memory_usage_percent": 0.07,
        "gpu_memory_kb": 5087960.0
    },
    "training_summary": {
        "total_epochs": 1,
        "best_accuracy": 0.3478,
        "final_accuracy": 0.3478
    },
    "uid": "048e3b39cf6b8f8c90d3860380e811b4"
}