{
    "config": {
        "task": "img-classification",
        "dataset": "cifar-10",
        "metric": "acc",
        "model": "GenFractalNet-0fb37df511c15949b0605b52bbcb0d45"
    },
    "hyperparameters": {
        "lr": 0.005,
        "momentum": 0.9,
        "batch": 64,
        "epoch": 1,
        "transform": "norm_32_flip",
        "max_batches": null,
        "uid": "2a64534394dffeddd8342f36ba57f478",
        "duration": 35437445081,
        "accuracy": 0.4093,
        "train_loss": 1.5384648180068912,
        "test_loss": 1.5379509105803861,
        "train_accuracy": 0.41536,
        "gradient_norm": 0.5895780559475695,
        "samples_per_second": 1410.9443939930047,
        "best_accuracy": 0.4093,
        "best_epoch": 1,
        "cpu_type": "x86_64",
        "cpu_count": 128,
        "total_ram_kb": 263708948.0,
        "gpu_type": "NVIDIA GeForce RTX 3090",
        "gpu_total_memory_kb": 24703168.0,
        "occupied_ram_kb": 31797020.0,
        "ram_usage_percent": 13.8,
        "cpu_usage_percent": 5.1,
        "occupied_gpu_memory_kb": 18189.0,
        "gpu_memory_usage_percent": 0.07,
        "gpu_memory_kb": 2076658.0
    },
    "training_summary": {
        "total_epochs": 1,
        "best_accuracy": 0.4093,
        "final_accuracy": 0.4093
    },
    "uid": "0fb37df511c15949b0605b52bbcb0d45"
}