{
    "config": {
        "task": "img-classification",
        "dataset": "cifar-10",
        "metric": "acc",
        "model": "GenFractalNet-008a30788f61bdcb9231849432a27fdd"
    },
    "hyperparameters": {
        "lr": 0.005,
        "momentum": 0.92,
        "batch": 64,
        "epoch": 1,
        "transform": "norm_32_flip",
        "max_batches": null,
        "uid": "ef1fc8828fb58640dee7e64df834685d",
        "duration": 33277261038,
        "accuracy": 0.6082,
        "train_loss": 1.0734326539137173,
        "test_loss": 1.0947013637822145,
        "train_accuracy": 0.6161,
        "gradient_norm": 1.8730880133176202,
        "samples_per_second": 1502.5376087969473,
        "best_accuracy": 0.6082,
        "best_epoch": 1,
        "cpu_type": "x86_64",
        "cpu_count": 32,
        "total_ram_kb": 131724388.0,
        "gpu_type": "NVIDIA GeForce RTX 4090",
        "gpu_total_memory_kb": 24658816.0,
        "occupied_ram_kb": 17316460.0,
        "ram_usage_percent": 15.5,
        "cpu_usage_percent": 0.0,
        "occupied_gpu_memory_kb": 23485.5,
        "gpu_memory_usage_percent": 0.1,
        "gpu_memory_kb": 5660059.5
    },
    "training_summary": {
        "total_epochs": 1,
        "best_accuracy": 0.6082,
        "final_accuracy": 0.6082
    },
    "uid": "008a30788f61bdcb9231849432a27fdd"
}