{
    "config": {
        "task": "img-classification",
        "dataset": "cifar-10",
        "metric": "acc",
        "model": "GenFractalNet-5a2a9d3a04ff75f2a601445a5ae87056"
    },
    "hyperparameters": {
        "lr": 0.001,
        "momentum": 0.85,
        "batch": 64,
        "epoch": 1,
        "transform": "norm_32_flip",
        "max_batches": null,
        "uid": "5f6961db3de4ccef5e8e9c68f113375a",
        "duration": 35739669377,
        "accuracy": 0.3927,
        "train_loss": 1.6135277415785338,
        "test_loss": 1.6205076465181485,
        "train_accuracy": 0.39554,
        "gradient_norm": 0.8141491303574739,
        "samples_per_second": 1399.0217186907548,
        "best_accuracy": 0.3927,
        "best_epoch": 1,
        "cpu_type": "x86_64",
        "cpu_count": 128,
        "total_ram_kb": 263708948.0,
        "gpu_type": "NVIDIA GeForce RTX 3090",
        "gpu_total_memory_kb": 24703168.0,
        "occupied_ram_kb": 33098644.0,
        "ram_usage_percent": 17.3,
        "cpu_usage_percent": 5.0,
        "occupied_gpu_memory_kb": 18100.0,
        "gpu_memory_usage_percent": 0.07,
        "gpu_memory_kb": 1171081.5
    },
    "training_summary": {
        "total_epochs": 1,
        "best_accuracy": 0.3927,
        "final_accuracy": 0.3927
    },
    "uid": "5a2a9d3a04ff75f2a601445a5ae87056"
}