{
    "config": {
        "task": "img-classification",
        "dataset": "cifar-10",
        "metric": "acc",
        "model": "GenFractalNet-544e1904c6622cd7549da3f4903af24d"
    },
    "hyperparameters": {
        "lr": 0.01,
        "momentum": 0.75,
        "batch": 64,
        "epoch": 1,
        "transform": "norm_32_flip",
        "max_batches": null,
        "uid": "d091050f01990917d03203023019d417",
        "duration": 33782293561,
        "accuracy": 0.429,
        "train_loss": 1.6799953476242397,
        "test_loss": 1.690023675086392,
        "train_accuracy": 0.4273,
        "gradient_norm": 0.865633849247854,
        "samples_per_second": 1480.0745928277465,
        "best_accuracy": 0.429,
        "best_epoch": 1,
        "cpu_type": "x86_64",
        "cpu_count": 32,
        "total_ram_kb": 131724388.0,
        "gpu_type": "NVIDIA GeForce RTX 4090",
        "gpu_total_memory_kb": 24658816.0,
        "occupied_ram_kb": 22208512.0,
        "ram_usage_percent": 20.6,
        "cpu_usage_percent": 5.6,
        "occupied_gpu_memory_kb": 23604.5,
        "gpu_memory_usage_percent": 0.1,
        "gpu_memory_kb": 5131404.0
    },
    "training_summary": {
        "total_epochs": 1,
        "best_accuracy": 0.429,
        "final_accuracy": 0.429
    },
    "uid": "544e1904c6622cd7549da3f4903af24d"
}