{
    "config": {
        "task": "img-classification",
        "dataset": "cifar-10",
        "metric": "acc",
        "model": "GenFractalNet-f94f865b46bbf98fd8a0f2c1f69db4bd"
    },
    "hyperparameters": {
        "lr": 0.01,
        "momentum": 0.75,
        "batch": 64,
        "epoch": 1,
        "transform": "norm_32_flip",
        "max_batches": null,
        "uid": "d091050f01990917d03203023019d417",
        "duration": 33090254384,
        "accuracy": 0.5445,
        "train_loss": 1.2485831366932911,
        "test_loss": 1.2496468777869159,
        "train_accuracy": 0.54322,
        "gradient_norm": 1.1682198045970218,
        "samples_per_second": 1511.0279477217277,
        "best_accuracy": 0.5445,
        "best_epoch": 1,
        "cpu_type": "x86_64",
        "cpu_count": 32,
        "total_ram_kb": 131724388.0,
        "gpu_type": "NVIDIA GeForce RTX 4090",
        "gpu_total_memory_kb": 24658816.0,
        "occupied_ram_kb": 17265200.0,
        "ram_usage_percent": 15.4,
        "cpu_usage_percent": 0.0,
        "occupied_gpu_memory_kb": 16814.5,
        "gpu_memory_usage_percent": 0.07,
        "gpu_memory_kb": 6272025.5
    },
    "training_summary": {
        "total_epochs": 1,
        "best_accuracy": 0.5445,
        "final_accuracy": 0.5445
    },
    "uid": "f94f865b46bbf98fd8a0f2c1f69db4bd"
}