{
    "eval_args": {
        "model_package": "/home/s497466/nn-gpt/out/nngpt/llm/epoch/A0/synth_nn/B9",
        "task": "img-classification",
        "dataset": "imagenette",
        "metric": "acc",
        "prm": {
            "lr": 0.01,
            "batch": 32,
            "dropout": 0.2,
            "momentum": 0.9,
            "transform": "norm_256_flip",
            "stochastic_depth_prob": 0.0,
            "norm_eps": 1e-05,
            "norm_std": 0.5,
            "tie_weights": 0.0,
            "dropout_aux": 0.0,
            "attention_dropout": 0.0,
            "norm_momentum": 0.1,
            "score_thresh": 0.01,
            "nms_thresh": 0.45,
            "iou_thresh": 0.5,
            "detections_per_img": 0.5,
            "topk_candidates": 0.5,
            "neg_to_pos_ratio": 0.5,
            "pretrained": 0.0,
            "patch_size": 0.125,
            "epoch": 1,
            "uid": "b9095d884c36ec05935d296b86e19df1",
            "duration": 208965420198,
            "duration_seconds": 208.97,
            "accuracy": 0.2749044585987261,
            "train_stat": {
                "train_loss": 2.251974760636267,
                "test_loss": 2.4892447653824723,
                "train_accuracy": 0.24490442496567746,
                "gradient_norm": 2.999999688706666,
                "samples_per_second": 45.31582201036356,
                "best_accuracy": 0.2749044585987261,
                "best_epoch": 1,
                "epoch_max": 1,
                "cpu_count": 128,
                "cpu_type": "x86_64",
                "cpu_usage_percent": 12.0,
                "total_ram_kb": 1056603672.0,
                "occupied_ram_kb": 176537340.0,
                "ram_usage_percent": 16.7,
                "gpu_type": "NVIDIA L40S",
                "gpu_memory_kb": 16881300.0,
                "gpu_total_memory_kb": 46550528.0,
                "occupied_gpu_memory_kb": 332679.5,
                "gpu_memory_usage_percent": 0.71
            },
            "metric_acc": 0.2749044585987261
        }
    },
    "eval_results": {
        "checksum": "FractalFusion-5b-5f57a3d218341224d136eb51c405f3f1",
        "accuracy": 0.2749044585987261,
        "full_result": "('FractalFusion-5b-5f57a3d218341224d136eb51c405f3f1', 0.2749044585987261, 0.08370019232512235, 0.59)"
    },
    "cli_args": {
        "task": "img-classification",
        "dataset": "imagenette",
        "metric": "acc",
        "lr": 0.01,
        "batch": 32,
        "dropout": 0.2,
        "momentum": 0.9,
        "transform": "norm_256_flip"
    }
}