{
    "config": {
        "task": "img-classification",
        "dataset": "cifar-10",
        "metric": "acc",
        "model": "GenFractalNet-e170873be791bc3d0906e021138e1470"
    },
    "hyperparameters": {
        "lr": 0.001,
        "momentum": 0.8,
        "batch": 64,
        "epoch": 1,
        "transform": "norm_32_flip",
        "max_batches": null,
        "uid": "718e08aca88d5f13ee47d280389de377",
        "duration": 33347968269,
        "accuracy": 0.5295,
        "train_loss": 1.411258933184397,
        "test_loss": 1.444876616927469,
        "train_accuracy": 0.53396,
        "gradient_norm": 2.2377999165441893,
        "samples_per_second": 1499.3524712746878,
        "best_accuracy": 0.5295,
        "best_epoch": 1,
        "cpu_type": "x86_64",
        "cpu_count": 32,
        "total_ram_kb": 131724388.0,
        "gpu_type": "NVIDIA GeForce RTX 3090",
        "gpu_total_memory_kb": 24703168.0,
        "occupied_ram_kb": 17527948.0,
        "ram_usage_percent": 15.6,
        "cpu_usage_percent": 0.3,
        "occupied_gpu_memory_kb": 22371.5,
        "gpu_memory_usage_percent": 0.09,
        "gpu_memory_kb": 6268638.0
    },
    "training_summary": {
        "total_epochs": 1,
        "best_accuracy": 0.5295,
        "final_accuracy": 0.5295
    },
    "uid": "e170873be791bc3d0906e021138e1470"
}