{
    "config": {
        "task": "img-classification",
        "dataset": "cifar-10",
        "metric": "acc",
        "model": "GenFractalNet-d321b35b4b59c515cd5e872f414f0693"
    },
    "hyperparameters": {
        "lr": 0.001,
        "momentum": 0.85,
        "batch": 64,
        "epoch": 1,
        "transform": "norm_32_flip",
        "max_batches": null,
        "uid": "5f6961db3de4ccef5e8e9c68f113375a",
        "duration": 37438619725,
        "accuracy": 0.6213,
        "train_loss": 1.0194949533628381,
        "test_loss": 1.037121580284872,
        "train_accuracy": 0.6292,
        "gradient_norm": 2.9999996389763783,
        "samples_per_second": 1335.5308584736251,
        "best_accuracy": 0.6213,
        "best_epoch": 1,
        "cpu_type": "x86_64",
        "cpu_count": 128,
        "total_ram_kb": 263708948.0,
        "gpu_type": "NVIDIA GeForce RTX 3090",
        "gpu_total_memory_kb": 24703168.0,
        "occupied_ram_kb": 19147836.0,
        "ram_usage_percent": 8.9,
        "cpu_usage_percent": 0.1,
        "occupied_gpu_memory_kb": 36832.0,
        "gpu_memory_usage_percent": 0.15,
        "gpu_memory_kb": 6245014.5
    },
    "training_summary": {
        "total_epochs": 1,
        "best_accuracy": 0.6213,
        "final_accuracy": 0.6213
    },
    "uid": "d321b35b4b59c515cd5e872f414f0693"
}