{
    "eval_args": {
        "model_package": "/home/s497466/nn-gpt/out/nngpt/llm/epoch/A0/synth_nn/B94",
        "task": "img-classification",
        "dataset": "imagenette",
        "metric": "acc",
        "prm": {
            "lr": 0.01,
            "batch": 32,
            "dropout": 0.2,
            "momentum": 0.9,
            "transform": "norm_256_flip",
            "stochastic_depth_prob": 0.0,
            "norm_eps": 1e-05,
            "norm_std": 0.5,
            "tie_weights": 0.0,
            "dropout_aux": 0.0,
            "attention_dropout": 0.0,
            "norm_momentum": 0.1,
            "score_thresh": 0.01,
            "nms_thresh": 0.45,
            "iou_thresh": 0.5,
            "detections_per_img": 0.5,
            "topk_candidates": 0.5,
            "neg_to_pos_ratio": 0.5,
            "pretrained": 0.0,
            "patch_size": 0.125,
            "epoch": 1,
            "uid": "b9095d884c36ec05935d296b86e19df1",
            "duration": 215951986618,
            "duration_seconds": 215.95,
            "accuracy": 0.4137579617834395,
            "train_stat": {
                "train_loss": 2.0183920885847066,
                "test_loss": 2.2527271664239525,
                "train_accuracy": 0.3255887633329813,
                "gradient_norm": 2.99999964037558,
                "samples_per_second": 43.850076574022836,
                "best_accuracy": 0.4137579617834395,
                "best_epoch": 1,
                "epoch_max": 1,
                "cpu_count": 128,
                "cpu_type": "x86_64",
                "cpu_usage_percent": 30.3,
                "total_ram_kb": 1056603672.0,
                "occupied_ram_kb": 183299956.0,
                "ram_usage_percent": 17.3,
                "gpu_type": "NVIDIA L40S",
                "gpu_memory_kb": 21647915.0,
                "gpu_total_memory_kb": 46550528.0,
                "occupied_gpu_memory_kb": 318682.0,
                "gpu_memory_usage_percent": 0.68
            },
            "metric_acc": 0.4137579617834395
        }
    },
    "eval_results": {
        "checksum": "FractalFusion-2b-1ed91504e800b0cc52ebf75f45c740a1",
        "accuracy": 0.4137579617834395,
        "full_result": "('FractalFusion-2b-1ed91504e800b0cc52ebf75f45c740a1', 0.4137579617834395, 0.14529061144431593, 0.57)"
    },
    "cli_args": {
        "task": "img-classification",
        "dataset": "imagenette",
        "metric": "acc",
        "lr": 0.01,
        "batch": 32,
        "dropout": 0.2,
        "momentum": 0.9,
        "transform": "norm_256_flip"
    }
}