{
    "eval_args": {
        "model_package": "/home/s497466/nn-gpt/out/nngpt/llm/epoch/A0/synth_nn/B94",
        "task": "img-classification",
        "dataset": "imagenette",
        "metric": "acc",
        "prm": {
            "lr": 0.01,
            "batch": 32,
            "dropout": 0.2,
            "momentum": 0.9,
            "transform": "norm_256_flip",
            "stochastic_depth_prob": 0.0,
            "norm_eps": 1e-05,
            "norm_std": 0.5,
            "tie_weights": 0.0,
            "dropout_aux": 0.0,
            "attention_dropout": 0.0,
            "norm_momentum": 0.1,
            "score_thresh": 0.01,
            "nms_thresh": 0.45,
            "iou_thresh": 0.5,
            "detections_per_img": 0.5,
            "topk_candidates": 0.5,
            "neg_to_pos_ratio": 0.5,
            "pretrained": 0.0,
            "patch_size": 0.125,
            "epoch": 1,
            "uid": "b9095d884c36ec05935d296b86e19df1",
            "duration": 126058455918,
            "duration_seconds": 126.06,
            "accuracy": 0.3319745222929936,
            "train_stat": {
                "train_loss": 1.9859165182988865,
                "test_loss": 2.4079447552198316,
                "train_accuracy": 0.33921216601541876,
                "gradient_norm": 2.9999994642375545,
                "samples_per_second": 75.122582705737,
                "best_accuracy": 0.3319745222929936,
                "best_epoch": 1,
                "epoch_max": 1,
                "cpu_count": 128,
                "cpu_type": "x86_64",
                "cpu_usage_percent": 42.4,
                "total_ram_kb": 1056603668.0,
                "occupied_ram_kb": 196479468.0,
                "ram_usage_percent": 18.6,
                "gpu_type": "NVIDIA L40S",
                "gpu_memory_kb": 27318589.0,
                "gpu_total_memory_kb": 46550528.0,
                "occupied_gpu_memory_kb": 318682.0,
                "gpu_memory_usage_percent": 0.68
            },
            "metric_acc": 0.3319745222929936
        }
    },
    "eval_results": {
        "checksum": "FractalFusion-4b-1ed91504e800b0cc52ebf75f45c740a1",
        "accuracy": 0.3319745222929936,
        "full_result": "('FractalFusion-4b-1ed91504e800b0cc52ebf75f45c740a1', 0.3319745222929936, 0.1840213896034798, 0.57)"
    },
    "cli_args": {
        "task": "img-classification",
        "dataset": "imagenette",
        "metric": "acc",
        "lr": 0.01,
        "batch": 32,
        "dropout": 0.2,
        "momentum": 0.9,
        "transform": "norm_256_flip"
    }
}