{
    "config": {
        "task": "img-classification",
        "dataset": "cifar-10",
        "metric": "acc",
        "model": "GenFractalNet-d6425f094e12782a82d7a03652cc95f6"
    },
    "hyperparameters": {
        "lr": 0.002,
        "momentum": 0.85,
        "batch": 64,
        "epoch": 1,
        "transform": "norm_32_flip",
        "max_batches": null,
        "uid": "afe2b82b64cacdd9e39aafaf3952d9ac",
        "duration": 36345062578,
        "accuracy": 0.2935,
        "train_loss": 1.8711621683576833,
        "test_loss": 1.866148501444774,
        "train_accuracy": 0.2869,
        "gradient_norm": 2.8960028378618876,
        "samples_per_second": 1375.7215611678823,
        "best_accuracy": 0.2935,
        "best_epoch": 1,
        "cpu_type": "x86_64",
        "cpu_count": 128,
        "total_ram_kb": 263708948.0,
        "gpu_type": "NVIDIA GeForce RTX 3090",
        "gpu_total_memory_kb": 24703168.0,
        "occupied_ram_kb": 29669496.0,
        "ram_usage_percent": 13.0,
        "cpu_usage_percent": 5.8,
        "occupied_gpu_memory_kb": 19737.5,
        "gpu_memory_usage_percent": 0.08,
        "gpu_memory_kb": 4241460.5
    },
    "training_summary": {
        "total_epochs": 1,
        "best_accuracy": 0.2935,
        "final_accuracy": 0.2935
    },
    "uid": "d6425f094e12782a82d7a03652cc95f6"
}