{
    "config": {
        "task": "img-classification",
        "dataset": "cifar-10",
        "metric": "acc",
        "model": "GenFractalNet-87f085214a0bfd4ba1837c4f3c6be078"
    },
    "hyperparameters": {
        "lr": 0.003,
        "momentum": 0.95,
        "batch": 64,
        "epoch": 1,
        "transform": "norm_32_flip",
        "max_batches": null,
        "uid": "9ea869fde7b3127470ef4c9a9f95d4c3",
        "duration": 33488155251,
        "accuracy": 0.4089,
        "train_loss": 1.5460043365083387,
        "test_loss": 1.5426154895952553,
        "train_accuracy": 0.4111,
        "gradient_norm": 0.5854315748908313,
        "samples_per_second": 1493.0777372876566,
        "best_accuracy": 0.4089,
        "best_epoch": 1,
        "cpu_type": "x86_64",
        "cpu_count": 32,
        "total_ram_kb": 131724388.0,
        "gpu_type": "NVIDIA GeForce RTX 3090",
        "gpu_total_memory_kb": 24703168.0,
        "occupied_ram_kb": 17482672.0,
        "ram_usage_percent": 15.6,
        "cpu_usage_percent": 5.0,
        "occupied_gpu_memory_kb": 17117.5,
        "gpu_memory_usage_percent": 0.07,
        "gpu_memory_kb": 5791538.5
    },
    "training_summary": {
        "total_epochs": 1,
        "best_accuracy": 0.4089,
        "final_accuracy": 0.4089
    },
    "uid": "87f085214a0bfd4ba1837c4f3c6be078"
}