{
    "config": {
        "task": "img-classification",
        "dataset": "cifar-10",
        "metric": "acc",
        "model": "GenFractalNet-46c14f781cd416e1f127d6f1ce53e811"
    },
    "hyperparameters": {
        "lr": 0.01,
        "momentum": 0.9,
        "batch": 64,
        "epoch": 1,
        "transform": "norm_32_flip",
        "max_batches": null,
        "uid": "fddd85ed21879149faee86627a9f4554",
        "duration": 33559306040,
        "accuracy": 0.2988,
        "train_loss": 1.826581133601001,
        "test_loss": 1.8163339704464956,
        "train_accuracy": 0.29884,
        "gradient_norm": 0.24099955786791916,
        "samples_per_second": 1489.9082423849381,
        "best_accuracy": 0.2988,
        "best_epoch": 1,
        "cpu_type": "x86_64",
        "cpu_count": 32,
        "total_ram_kb": 131724388.0,
        "gpu_type": "NVIDIA GeForce RTX 4090",
        "gpu_total_memory_kb": 24658816.0,
        "occupied_ram_kb": 21876980.0,
        "ram_usage_percent": 22.0,
        "cpu_usage_percent": 6.2,
        "occupied_gpu_memory_kb": 44151.0,
        "gpu_memory_usage_percent": 0.18,
        "gpu_memory_kb": 5139160.0
    },
    "training_summary": {
        "total_epochs": 1,
        "best_accuracy": 0.2988,
        "final_accuracy": 0.2988
    },
    "uid": "46c14f781cd416e1f127d6f1ce53e811"
}