{
    "config": {
        "task": "img-classification",
        "dataset": "cifar-10",
        "metric": "acc",
        "model": "GenFractalNet-5aac7d795ab670e172b2c2917d61dea1"
    },
    "hyperparameters": {
        "lr": 0.01,
        "momentum": 0.92,
        "batch": 64,
        "epoch": 1,
        "transform": "norm_32_flip",
        "max_batches": null,
        "uid": "fb90a55754624e15cc974013a9a25d1f",
        "duration": 33329852754,
        "accuracy": 0.5703,
        "train_loss": 1.1668088882018233,
        "test_loss": 1.177279684953629,
        "train_accuracy": 0.57602,
        "gradient_norm": 2.999999385966017,
        "samples_per_second": 1500.1664730834748,
        "best_accuracy": 0.5703,
        "best_epoch": 1,
        "cpu_type": "x86_64",
        "cpu_count": 32,
        "total_ram_kb": 131724388.0,
        "gpu_type": "NVIDIA GeForce RTX 3090",
        "gpu_total_memory_kb": 24703168.0,
        "occupied_ram_kb": 17151464.0,
        "ram_usage_percent": 15.3,
        "cpu_usage_percent": 3.4,
        "occupied_gpu_memory_kb": 21600.0,
        "gpu_memory_usage_percent": 0.09,
        "gpu_memory_kb": 6192350.0
    },
    "training_summary": {
        "total_epochs": 1,
        "best_accuracy": 0.5703,
        "final_accuracy": 0.5703
    },
    "uid": "5aac7d795ab670e172b2c2917d61dea1"
}