{
    "config": {
        "task": "img-classification",
        "dataset": "cifar-10",
        "metric": "acc",
        "model": "GenFractalNet-6f1a9dd049866d00a6f6f5392824bc79"
    },
    "hyperparameters": {
        "lr": 0.005,
        "momentum": 0.95,
        "batch": 64,
        "epoch": 1,
        "transform": "norm_32_flip",
        "max_batches": null,
        "uid": "c3bab3e9931db53638d2791332ae0024",
        "duration": 35678833607,
        "accuracy": 0.5615,
        "train_loss": 1.184565124685502,
        "test_loss": 1.1899499164265432,
        "train_accuracy": 0.5647,
        "gradient_norm": 2.999999824549336,
        "samples_per_second": 1401.4005195431205,
        "best_accuracy": 0.5615,
        "best_epoch": 1,
        "cpu_type": "x86_64",
        "cpu_count": 128,
        "total_ram_kb": 263708948.0,
        "gpu_type": "NVIDIA GeForce RTX 3090",
        "gpu_total_memory_kb": 24703168.0,
        "occupied_ram_kb": 36463932.0,
        "ram_usage_percent": 15.7,
        "cpu_usage_percent": 7.2,
        "occupied_gpu_memory_kb": 23402.5,
        "gpu_memory_usage_percent": 0.09,
        "gpu_memory_kb": 6272893.5
    },
    "training_summary": {
        "total_epochs": 1,
        "best_accuracy": 0.5615,
        "final_accuracy": 0.5615
    },
    "uid": "6f1a9dd049866d00a6f6f5392824bc79"
}