{
    "config": {
        "task": "img-classification",
        "dataset": "cifar-10",
        "metric": "acc",
        "model": "GenFractalNet-a2368a7187d700ca57f5a50a95f12f18"
    },
    "hyperparameters": {
        "lr": 0.003,
        "momentum": 0.95,
        "batch": 64,
        "epoch": 1,
        "transform": "norm_32_flip",
        "max_batches": null,
        "uid": "9ea869fde7b3127470ef4c9a9f95d4c3",
        "duration": 33157695509,
        "accuracy": 0.3938,
        "train_loss": 1.617119964431314,
        "test_loss": 1.6174544263037907,
        "train_accuracy": 0.40182,
        "gradient_norm": 2.999999044413561,
        "samples_per_second": 1507.95468416643,
        "best_accuracy": 0.3938,
        "best_epoch": 1,
        "cpu_type": "x86_64",
        "cpu_count": 32,
        "total_ram_kb": 131724388.0,
        "gpu_type": "NVIDIA GeForce RTX 4090",
        "gpu_total_memory_kb": 24658816.0,
        "occupied_ram_kb": 17380736.0,
        "ram_usage_percent": 15.5,
        "cpu_usage_percent": 0.0,
        "occupied_gpu_memory_kb": 16967.5,
        "gpu_memory_usage_percent": 0.07,
        "gpu_memory_kb": 6272025.5
    },
    "training_summary": {
        "total_epochs": 1,
        "best_accuracy": 0.3938,
        "final_accuracy": 0.3938
    },
    "uid": "a2368a7187d700ca57f5a50a95f12f18"
}