{
    "eval_args": {
        "model_package": "/home/s497466/nn-gpt/out/nngpt/llm/epoch/A0/synth_nn/B33",
        "task": "img-classification",
        "dataset": "imagenette",
        "metric": "acc",
        "prm": {
            "lr": 0.01,
            "batch": 32,
            "dropout": 0.2,
            "momentum": 0.9,
            "transform": "norm_256_flip",
            "stochastic_depth_prob": 0.0,
            "norm_eps": 1e-05,
            "norm_std": 0.5,
            "tie_weights": 0.0,
            "dropout_aux": 0.0,
            "attention_dropout": 0.0,
            "norm_momentum": 0.1,
            "score_thresh": 0.01,
            "nms_thresh": 0.45,
            "iou_thresh": 0.5,
            "detections_per_img": 0.5,
            "topk_candidates": 0.5,
            "neg_to_pos_ratio": 0.5,
            "pretrained": 0.0,
            "patch_size": 0.125,
            "epoch": 1,
            "uid": "b9095d884c36ec05935d296b86e19df1",
            "duration": 229457565409,
            "duration_seconds": 229.46,
            "accuracy": 0.26496815286624203,
            "train_stat": {
                "train_loss": 2.1692188402354775,
                "test_loss": 2.543698120407942,
                "train_accuracy": 0.25356426232970747,
                "gradient_norm": 2.999999468537235,
                "samples_per_second": 41.269415046048124,
                "best_accuracy": 0.26496815286624203,
                "best_epoch": 1,
                "epoch_max": 1,
                "cpu_count": 128,
                "cpu_type": "x86_64",
                "cpu_usage_percent": 13.8,
                "total_ram_kb": 1056603672.0,
                "occupied_ram_kb": 190014396.0,
                "ram_usage_percent": 18.0,
                "gpu_type": "NVIDIA L40S",
                "gpu_memory_kb": 29177853.0,
                "gpu_total_memory_kb": 46550528.0,
                "occupied_gpu_memory_kb": 373123.5,
                "gpu_memory_usage_percent": 0.8
            },
            "metric_acc": 0.26496815286624203
        }
    },
    "eval_results": {
        "checksum": "FractalFusion-2b-68e95d71892bc8e03bd0ab2d9f4daa37",
        "accuracy": 0.26496815286624203,
        "full_result": "('FractalFusion-2b-68e95d71892bc8e03bd0ab2d9f4daa37', 0.26496815286624203, 0.07189484145889552, 0.57)"
    },
    "cli_args": {
        "task": "img-classification",
        "dataset": "imagenette",
        "metric": "acc",
        "lr": 0.01,
        "batch": 32,
        "dropout": 0.2,
        "momentum": 0.9,
        "transform": "norm_256_flip"
    }
}