{
    "total_layers": 16,
    "leaf_layers": 15,
    "max_depth": 1,
    "total_params": 3317380,
    "trainable_params": 3317380,
    "frozen_params": 0,
    "flops": 0,
    "model_size_mb": 12.654800415039062,
    "buffer_size_mb": 0.0,
    "total_memory_mb": 12.654800415039062,
    "dropout_count": 0,
    "has_attention": 0,
    "has_residual_connections": 0,
    "is_resnet_like": 0,
    "is_vgg_like": 0,
    "is_inception_like": 0,
    "is_densenet_like": 0,
    "is_unet_like": 0,
    "is_transformer_like": 0,
    "is_mobilenet_like": 0,
    "is_efficientnet_like": 0,
    "code_length": 8678,
    "num_classes_defined": 5,
    "num_functions_defined": 19,
    "uses_sequential": 0,
    "uses_modulelist": 0,
    "uses_moduledict": 0,
    "meta": {
        "conv_info": {},
        "linear_info": {},
        "dropout_rates": [],
        "layer_types": {
            "BBBConv2d": 5,
            "GELU": 5,
            "MaxPool2d": 3,
            "FlattenLayer": 1,
            "BBBLinear": 1,
            "count": {
                "activation": {
                    "GELU": 5
                },
                "normalization": {},
                "pooling": {
                    "MaxPool2d": 3
                }
            }
        },
        "param_distribution": {
            "BBBConv2d": 3316864,
            "BBBLinear": 516
        }
    },
    "code_minhash": {
        "method": "minhash",
        "available": 1,
        "num_perm": 128,
        "shingle_n": 7,
        "hashvalues": [
            1009597,
            9163620,
            134564,
            1098513,
            5879120,
            4532592,
            1629923,
            6424844,
            6217274,
            873599,
            152234,
            8946419,
            839515,
            193798,
            3726007,
            3118985,
            4427459,
            2286379,
            43176,
            241405,
            455686,
            2105137,
            1276308,
            2366435,
            16331798,
            490949,
            2479569,
            1466764,
            1104381,
            1846157,
            2266374,
            1201280,
            286527,
            4876928,
            3666586,
            4611799,
            958476,
            42542,
            4950609,
            1847630,
            4490723,
            4698184,
            4938586,
            8730628,
            3634535,
            1619618,
            1730530,
            455355,
            935626,
            367447,
            4696232,
            3834687,
            3698413,
            2800616,
            6795491,
            127605,
            4848129,
            1733074,
            51629,
            3826533,
            1113517,
            12709238,
            1321436,
            1171285,
            64431,
            4668107,
            3798654,
            1532127,
            1035723,
            2181366,
            9399915,
            3150078,
            4064510,
            5700714,
            4332085,
            4578664,
            1187981,
            1371290,
            4327577,
            789933,
            113069,
            3979914,
            3998855,
            73977,
            2363543,
            4141232,
            2472902,
            3659696,
            1944787,
            6851111,
            1696089,
            4839373,
            2087827,
            1145418,
            7325908,
            214309,
            2764637,
            2130729,
            2982791,
            1852595,
            597102,
            1363284,
            2381218,
            6748926,
            4222740,
            402438,
            1455218,
            2244741,
            1837868,
            116251,
            2139219,
            7988845,
            623078,
            352439,
            1760438,
            3357422,
            2325603,
            104445,
            126267,
            16732,
            60201,
            3402662,
            1137381,
            2800361,
            1898747,
            12266181,
            3198014,
            240374
        ]
    },
    "prm_id": "5c1ffdbfb5b877a5d5dc9372eb7cd841"
}