{
    "total_layers": 13,
    "leaf_layers": 12,
    "max_depth": 1,
    "total_params": 67556,
    "trainable_params": 67556,
    "frozen_params": 0,
    "flops": 0,
    "model_size_mb": 0.2577056884765625,
    "buffer_size_mb": 0.0,
    "total_memory_mb": 0.2577056884765625,
    "dropout_count": 0,
    "has_attention": 0,
    "has_residual_connections": 0,
    "is_resnet_like": 0,
    "is_vgg_like": 0,
    "is_inception_like": 0,
    "is_densenet_like": 0,
    "is_unet_like": 0,
    "is_transformer_like": 0,
    "is_mobilenet_like": 0,
    "is_efficientnet_like": 0,
    "code_length": 8399,
    "num_classes_defined": 5,
    "num_functions_defined": 19,
    "uses_sequential": 0,
    "uses_modulelist": 0,
    "uses_moduledict": 0,
    "meta": {
        "conv_info": {},
        "linear_info": {},
        "dropout_rates": [],
        "layer_types": {
            "BBBConv2d": 2,
            "Softplus": 4,
            "MaxPool2d": 2,
            "FlattenLayer": 1,
            "BBBLinear": 3,
            "count": {
                "activation": {},
                "normalization": {},
                "pooling": {
                    "MaxPool2d": 2
                }
            }
        },
        "param_distribution": {
            "BBBConv2d": 7648,
            "BBBLinear": 59908
        }
    },
    "code_minhash": {
        "method": "minhash",
        "available": 1,
        "num_perm": 128,
        "shingle_n": 7,
        "hashvalues": [
            1009597,
            9163620,
            134564,
            1098513,
            8785198,
            4532592,
            1629923,
            678879,
            6217274,
            3432888,
            152234,
            8946419,
            839515,
            193798,
            1904598,
            3118985,
            6437383,
            2286379,
            43176,
            241405,
            455686,
            2105137,
            1276308,
            2366435,
            3493928,
            490949,
            2479569,
            3409610,
            1104381,
            1846157,
            4852238,
            1201280,
            286527,
            4876928,
            3666586,
            4611799,
            2114316,
            42542,
            4950609,
            1847630,
            4490723,
            4698184,
            4938586,
            1518050,
            3634535,
            1619618,
            2643337,
            455355,
            2986867,
            367447,
            4696232,
            3834687,
            3698413,
            3850607,
            6795491,
            9511146,
            4848129,
            1733074,
            51629,
            3826533,
            1113517,
            12709238,
            3947361,
            1171285,
            64431,
            4668107,
            3798654,
            1532127,
            3355431,
            2181366,
            9399915,
            3150078,
            3666485,
            5700714,
            4332085,
            3755743,
            1187981,
            1371290,
            4327577,
            789933,
            3141259,
            3979914,
            3998855,
            73977,
            2363543,
            4141232,
            2472902,
            3659696,
            1944787,
            6851111,
            1696089,
            4839373,
            2087827,
            1145418,
            7325908,
            214309,
            2764637,
            1503296,
            2982791,
            6342439,
            1833834,
            1363284,
            2381218,
            4580166,
            4222740,
            402438,
            1455218,
            2244741,
            1837868,
            116251,
            2139219,
            7988845,
            623078,
            352439,
            1760438,
            3357422,
            2325603,
            104445,
            126267,
            16732,
            3298861,
            3402662,
            1137381,
            2800361,
            858225,
            12266181,
            3198014,
            240374
        ]
    },
    "prm_id": "6c97a9f57a1e70d9066ccb191b053e13"
}