{
    "total_layers": 16,
    "leaf_layers": 15,
    "max_depth": 1,
    "total_params": 4349828,
    "trainable_params": 4349828,
    "frozen_params": 0,
    "flops": 0,
    "model_size_mb": 16.593276977539062,
    "buffer_size_mb": 0.0,
    "total_memory_mb": 16.593276977539062,
    "dropout_count": 0,
    "has_attention": 0,
    "has_residual_connections": 0,
    "is_resnet_like": 0,
    "is_vgg_like": 0,
    "is_inception_like": 0,
    "is_densenet_like": 0,
    "is_unet_like": 0,
    "is_transformer_like": 0,
    "is_mobilenet_like": 0,
    "is_efficientnet_like": 0,
    "code_length": 8650,
    "num_classes_defined": 5,
    "num_functions_defined": 19,
    "uses_sequential": 0,
    "uses_modulelist": 0,
    "uses_moduledict": 0,
    "meta": {
        "conv_info": {},
        "linear_info": {},
        "dropout_rates": [],
        "layer_types": {
            "BBBConv2d": 5,
            "Softplus": 5,
            "MaxPool2d": 3,
            "FlattenLayer": 1,
            "BBBLinear": 1,
            "count": {
                "activation": {},
                "normalization": {},
                "pooling": {
                    "MaxPool2d": 3
                }
            }
        },
        "param_distribution": {
            "BBBConv2d": 4349312,
            "BBBLinear": 516
        }
    },
    "code_minhash": {
        "method": "minhash",
        "available": 1,
        "num_perm": 128,
        "shingle_n": 7,
        "hashvalues": [
            1009597,
            9163620,
            134564,
            1098513,
            8785198,
            4532592,
            1629923,
            678879,
            6217274,
            873599,
            152234,
            4206002,
            839515,
            193798,
            1904598,
            3118985,
            2299964,
            2286379,
            43176,
            241405,
            455686,
            2105137,
            1276308,
            2366435,
            3493928,
            490949,
            2479569,
            1637980,
            1104381,
            1846157,
            4852238,
            1201280,
            286527,
            4876928,
            3666586,
            4611799,
            958476,
            42542,
            4950609,
            1847630,
            3374810,
            4698184,
            4938586,
            227486,
            3634535,
            1619618,
            3290942,
            455355,
            2986867,
            367447,
            4696232,
            3834687,
            3698413,
            3850607,
            6795491,
            9511146,
            4848129,
            1733074,
            51629,
            3826533,
            1113517,
            12709238,
            1321436,
            1171285,
            64431,
            4668107,
            3798654,
            1532127,
            3355431,
            11130,
            9399915,
            3150078,
            4064510,
            5700714,
            4332085,
            4578664,
            1187981,
            1371290,
            4327577,
            789933,
            113069,
            111753,
            3998855,
            73977,
            2363543,
            4141232,
            2472902,
            3659696,
            1944787,
            6851111,
            1696089,
            4839373,
            2087827,
            1145418,
            7325908,
            214309,
            2764637,
            2130729,
            2880000,
            1852595,
            1833834,
            1363284,
            2381218,
            6748926,
            4222740,
            402438,
            1455218,
            2244741,
            1837868,
            116251,
            2139219,
            7988845,
            623078,
            352439,
            1760438,
            3357422,
            2325603,
            104445,
            126267,
            16732,
            60201,
            3402662,
            1137381,
            2800361,
            4149733,
            12266181,
            3198014,
            240374
        ]
    },
    "prm_id": "0e20e0153a036fb478560d08238c2b18"
}