{
    "total_layers": 90,
    "leaf_layers": 68,
    "max_depth": 6,
    "total_params": 47448554,
    "trainable_params": 47448554,
    "frozen_params": 0,
    "flops": 2340167680,
    "model_size_mb": 181.00186920166016,
    "buffer_size_mb": 16.002716064453125,
    "total_memory_mb": 197.00458526611328,
    "dropout_count": 19,
    "has_attention": 1,
    "has_residual_connections": 0,
    "is_resnet_like": 0,
    "is_vgg_like": 0,
    "is_inception_like": 0,
    "is_densenet_like": 0,
    "is_unet_like": 1,
    "is_transformer_like": 1,
    "is_mobilenet_like": 0,
    "is_efficientnet_like": 0,
    "code_length": 10471,
    "num_classes_defined": 5,
    "num_functions_defined": 17,
    "uses_sequential": 1,
    "uses_modulelist": 0,
    "uses_moduledict": 0,
    "meta": {
        "conv_info": {
            "count": 10,
            "kernel_sizes": [
                3,
                3,
                1,
                3,
                1,
                1,
                1,
                3,
                1,
                1
            ],
            "strides": [
                2,
                2,
                1,
                2,
                1,
                2,
                1,
                1,
                1,
                1
            ],
            "padding_values": [
                1,
                1,
                0,
                1,
                0,
                0,
                0,
                1,
                0,
                0
            ],
            "avg_kernel_size": 1.8,
            "avg_stride": 1.4,
            "total_conv_params": 412352
        },
        "linear_info": {
            "count": 18,
            "input_dims": [
                384,
                512,
                512,
                512,
                2048,
                512,
                512,
                512,
                2048,
                512,
                512,
                512,
                2048,
                512,
                512,
                512,
                2048,
                512
            ],
            "output_dims": [
                512,
                512,
                512,
                2048,
                512,
                512,
                512,
                2048,
                512,
                512,
                512,
                2048,
                512,
                512,
                512,
                2048,
                512,
                29290
            ],
            "total_linear_params": 25722986,
            "has_bias": [
                true,
                true,
                true,
                true,
                true,
                true,
                true,
                true,
                true,
                true,
                true,
                true,
                true,
                true,
                true,
                true,
                true,
                true
            ]
        },
        "dropout_rates": [
            0.282995122946829,
            0.282995122946829,
            0.282995122946829,
            0.282995122946829,
            0.282995122946829,
            0.282995122946829,
            0.282995122946829,
            0.282995122946829,
            0.282995122946829,
            0.282995122946829,
            0.282995122946829,
            0.282995122946829,
            0.282995122946829,
            0.282995122946829,
            0.282995122946829,
            0.282995122946829,
            0.282995122946829,
            0.282995122946829,
            0.282995122946829
        ],
        "layer_types": {
            "Conv2d": 10,
            "BatchNorm2d": 4,
            "SiLU": 2,
            "ReLU": 2,
            "Linear": 10,
            "Dropout": 19,
            "Embedding": 1,
            "NonDynamicallyQuantizableLinear": 8,
            "LayerNorm": 12,
            "count": {
                "activation": {
                    "ReLU": 2
                },
                "normalization": {
                    "BatchNorm2d": 4,
                    "LayerNorm": 12
                },
                "pooling": {}
            }
        },
        "param_distribution": {
            "Conv2d": 412352,
            "BatchNorm2d": 704,
            "Linear": 23621738,
            "Embedding": 14996480,
            "NonDynamicallyQuantizableLinear": 2101248,
            "LayerNorm": 12288
        }
    },
    "code_minhash": {
        "method": "minhash",
        "available": 1,
        "num_perm": 128,
        "shingle_n": 7,
        "hashvalues": [
            1398560,
            2781953,
            1049182,
            4429395,
            1662718,
            1652473,
            505596,
            438325,
            293953,
            1163374,
            756870,
            3029578,
            461789,
            193798,
            4396573,
            5295321,
            957597,
            658586,
            161492,
            1822714,
            1592656,
            3237286,
            1299916,
            3534507,
            1187959,
            4514281,
            919801,
            2661783,
            1104381,
            826559,
            6107817,
            6339125,
            1862027,
            208614,
            1862357,
            2701842,
            587749,
            1963,
            256341,
            398404,
            14769,
            1482396,
            565003,
            641258,
            4510433,
            937648,
            1086537,
            3695111,
            4741255,
            411027,
            2668099,
            2072979,
            138840,
            5066672,
            959941,
            371244,
            1142652,
            1671072,
            1830910,
            1499141,
            397507,
            9167460,
            7571509,
            858461,
            2888437,
            2173705,
            438346,
            1210366,
            1296125,
            4820193,
            1260517,
            621635,
            547042,
            1724067,
            721899,
            200202,
            1676462,
            645578,
            3220844,
            654080,
            4856883,
            47980,
            1649631,
            37013,
            411421,
            368028,
            2382338,
            2998500,
            2919351,
            968033,
            596140,
            427238,
            23505,
            1356423,
            10553640,
            687922,
            101977,
            1922249,
            5823190,
            161566,
            425088,
            1363284,
            2220593,
            409549,
            554039,
            1576909,
            858624,
            1002828,
            2230979,
            4022246,
            2246907,
            9220688,
            6093281,
            37651,
            381880,
            3295553,
            2588908,
            706321,
            837655,
            12065,
            319581,
            2055625,
            1015449,
            2800361,
            3112299,
            1374560,
            918546,
            251071
        ]
    },
    "prm_id": "c982a71a3a7d3e9acc42ff4b2be28bf1"
}