{
    "total_layers": 152,
    "leaf_layers": 112,
    "max_depth": 5,
    "total_params": 122817802,
    "trainable_params": 122817802,
    "frozen_params": 0,
    "flops": 415251456,
    "model_size_mb": 468.51273345947266,
    "buffer_size_mb": 0.0,
    "total_memory_mb": 468.51273345947266,
    "dropout_count": 37,
    "has_attention": 1,
    "has_residual_connections": 0,
    "is_resnet_like": 0,
    "is_vgg_like": 0,
    "is_inception_like": 0,
    "is_densenet_like": 0,
    "is_unet_like": 0,
    "is_transformer_like": 1,
    "is_mobilenet_like": 0,
    "is_efficientnet_like": 0,
    "code_length": 11307,
    "num_classes_defined": 5,
    "num_functions_defined": 14,
    "uses_sequential": 1,
    "uses_modulelist": 0,
    "uses_moduledict": 0,
    "meta": {
        "conv_info": {
            "count": 1,
            "kernel_sizes": [
                128
            ],
            "strides": [
                128
            ],
            "padding_values": [
                0
            ],
            "avg_kernel_size": 128.0,
            "avg_stride": 128.0,
            "total_conv_params": 37749504
        },
        "linear_info": {
            "count": 37,
            "input_dims": [
                768,
                768,
                3072,
                768,
                768,
                3072,
                768,
                768,
                3072,
                768,
                768,
                3072,
                768,
                768,
                3072,
                768,
                768,
                3072,
                768,
                768,
                3072,
                768,
                768,
                3072,
                768,
                768,
                3072,
                768,
                768,
                3072,
                768,
                768,
                3072,
                768,
                768,
                3072,
                768
            ],
            "output_dims": [
                768,
                3072,
                768,
                768,
                3072,
                768,
                768,
                3072,
                768,
                768,
                3072,
                768,
                768,
                3072,
                768,
                768,
                3072,
                768,
                768,
                3072,
                768,
                768,
                3072,
                768,
                768,
                3072,
                768,
                768,
                3072,
                768,
                768,
                3072,
                768,
                768,
                3072,
                768,
                10
            ],
            "total_linear_params": 63763978,
            "has_bias": [
                true,
                true,
                true,
                true,
                true,
                true,
                true,
                true,
                true,
                true,
                true,
                true,
                true,
                true,
                true,
                true,
                true,
                true,
                true,
                true,
                true,
                true,
                true,
                true,
                true,
                true,
                true,
                true,
                true,
                true,
                true,
                true,
                true,
                true,
                true,
                true,
                true
            ]
        },
        "dropout_rates": [
            0.2,
            0.2,
            0.2,
            0.2,
            0.2,
            0.2,
            0.2,
            0.2,
            0.2,
            0.2,
            0.2,
            0.2,
            0.2,
            0.2,
            0.2,
            0.2,
            0.2,
            0.2,
            0.2,
            0.2,
            0.2,
            0.2,
            0.2,
            0.2,
            0.2,
            0.2,
            0.2,
            0.2,
            0.2,
            0.2,
            0.2,
            0.2,
            0.2,
            0.2,
            0.2,
            0.2,
            0.2
        ],
        "layer_types": {
            "Conv2d": 1,
            "Dropout": 37,
            "LayerNorm": 25,
            "NonDynamicallyQuantizableLinear": 12,
            "Linear": 25,
            "GELU": 12,
            "count": {
                "activation": {
                    "GELU": 12
                },
                "normalization": {
                    "LayerNorm": 25
                },
                "pooling": {}
            }
        },
        "param_distribution": {
            "Conv2d": 37749504,
            "LayerNorm": 38400,
            "NonDynamicallyQuantizableLinear": 7087104,
            "Linear": 56676874
        }
    },
    "code_minhash": {
        "method": "minhash",
        "available": 0,
        "error": "datasketch not installed / to_minhash not importable"
    },
    "prm_id": "9e8aaa43ff9eafbc9d6206fc5480c93c"
}