{
    "total_layers": 180,
    "leaf_layers": 134,
    "max_depth": 5,
    "total_params": 27527044,
    "trainable_params": 27527044,
    "frozen_params": 0,
    "flops": 75365376,
    "model_size_mb": 105.00733947753906,
    "buffer_size_mb": 0.219818115234375,
    "total_memory_mb": 105.22715759277344,
    "dropout_count": 24,
    "has_attention": 0,
    "has_residual_connections": 0,
    "is_resnet_like": 0,
    "is_vgg_like": 0,
    "is_inception_like": 0,
    "is_densenet_like": 0,
    "is_unet_like": 0,
    "is_transformer_like": 1,
    "is_mobilenet_like": 0,
    "is_efficientnet_like": 0,
    "code_length": 18667,
    "num_classes_defined": 7,
    "num_functions_defined": 25,
    "uses_sequential": 1,
    "uses_modulelist": 0,
    "uses_moduledict": 0,
    "meta": {
        "conv_info": {
            "count": 1,
            "kernel_sizes": [
                4
            ],
            "strides": [
                4
            ],
            "padding_values": [
                0
            ],
            "avg_kernel_size": 4.0,
            "avg_stride": 4.0,
            "total_conv_params": 4704
        },
        "linear_info": {
            "count": 52,
            "input_dims": [
                96,
                96,
                96,
                384,
                96,
                96,
                96,
                384,
                384,
                192,
                192,
                192,
                768,
                192,
                192,
                192,
                768,
                768,
                384,
                384,
                384,
                1536,
                384,
                384,
                384,
                1536,
                384,
                384,
                384,
                1536,
                384,
                384,
                384,
                1536,
                384,
                384,
                384,
                1536,
                384,
                384,
                384,
                1536,
                1536,
                768,
                768,
                768,
                3072,
                768,
                768,
                768,
                3072,
                768
            ],
            "output_dims": [
                288,
                96,
                384,
                96,
                288,
                96,
                384,
                96,
                192,
                576,
                192,
                768,
                192,
                576,
                192,
                768,
                192,
                384,
                1152,
                384,
                1536,
                384,
                1152,
                384,
                1536,
                384,
                1152,
                384,
                1536,
                384,
                1152,
                384,
                1536,
                384,
                1152,
                384,
                1536,
                384,
                1152,
                384,
                1536,
                384,
                768,
                2304,
                768,
                3072,
                768,
                2304,
                768,
                3072,
                768,
                10
            ],
            "total_linear_params": 27474250,
            "has_bias": [
                true,
                true,
                true,
                true,
                true,
                true,
                true,
                true,
                false,
                true,
                true,
                true,
                true,
                true,
                true,
                true,
                true,
                false,
                true,
                true,
                true,
                true,
                true,
                true,
                true,
                true,
                true,
                true,
                true,
                true,
                true,
                true,
                true,
                true,
                true,
                true,
                true,
                true,
                true,
                true,
                true,
                true,
                false,
                true,
                true,
                true,
                true,
                true,
                true,
                true,
                true,
                true
            ]
        },
        "dropout_rates": [
            0.2,
            0.2,
            0.2,
            0.2,
            0.2,
            0.2,
            0.2,
            0.2,
            0.2,
            0.2,
            0.2,
            0.2,
            0.2,
            0.2,
            0.2,
            0.2,
            0.2,
            0.2,
            0.2,
            0.2,
            0.2,
            0.2,
            0.2,
            0.2
        ],
        "layer_types": {
            "Conv2d": 1,
            "Permute": 2,
            "LayerNorm": 29,
            "Linear": 52,
            "StochasticDepth": 12,
            "GELU": 12,
            "Dropout": 24,
            "AdaptiveAvgPool2d": 1,
            "Flatten": 1,
            "count": {
                "activation": {
                    "GELU": 12
                },
                "normalization": {
                    "LayerNorm": 29
                },
                "pooling": {
                    "AdaptiveAvgPool2d": 1
                }
            }
        },
        "param_distribution": {
            "Conv2d": 4704,
            "LayerNorm": 24768,
            "Linear": 27474250
        }
    },
    "code_minhash": {
        "method": "minhash",
        "available": 0,
        "error": "datasketch not installed / to_minhash not importable"
    },
    "prm_id": "bcc23a265c7998e906b0c88348896514"
}