{
    "total_layers": 4,
    "leaf_layers": 3,
    "max_depth": 1,
    "total_params": 1283500,
    "trainable_params": 1283500,
    "frozen_params": 0,
    "flops": 481280,
    "model_size_mb": 4.8961639404296875,
    "buffer_size_mb": 0.0,
    "total_memory_mb": 4.8961639404296875,
    "dropout_count": 0,
    "has_attention": 0,
    "has_residual_connections": 0,
    "is_resnet_like": 0,
    "is_vgg_like": 0,
    "is_inception_like": 0,
    "is_densenet_like": 0,
    "is_unet_like": 0,
    "is_transformer_like": 0,
    "is_mobilenet_like": 0,
    "is_efficientnet_like": 0,
    "code_length": 2323,
    "num_classes_defined": 1,
    "num_functions_defined": 6,
    "uses_sequential": 0,
    "uses_modulelist": 0,
    "uses_moduledict": 0,
    "meta": {
        "conv_info": {},
        "linear_info": {
            "count": 1,
            "input_dims": [
                256
            ],
            "output_dims": [
                940
            ],
            "total_linear_params": 241580,
            "has_bias": [
                true
            ]
        },
        "dropout_rates": [],
        "layer_types": {
            "Embedding": 1,
            "LSTM": 1,
            "Linear": 1,
            "count": {
                "activation": {},
                "normalization": {},
                "pooling": {}
            }
        },
        "param_distribution": {
            "Embedding": 120320,
            "LSTM": 921600,
            "Linear": 241580
        }
    },
    "code_minhash": {
        "method": "minhash",
        "available": 1,
        "num_perm": 128,
        "shingle_n": 7,
        "hashvalues": [
            16476853,
            134001,
            1956196,
            1534192,
            9075400,
            2793327,
            2522034,
            1059467,
            4887283,
            761156,
            30407827,
            6705476,
            2263230,
            2718003,
            3824809,
            10265307,
            8059377,
            6505191,
            1106507,
            17691230,
            4100394,
            620869,
            2179979,
            787534,
            3649540,
            28143747,
            1967732,
            9400059,
            9489172,
            9994794,
            7739796,
            3688780,
            286527,
            1619436,
            25000564,
            23100879,
            413834,
            3584408,
            370273,
            17517662,
            2651210,
            9781339,
            31870308,
            298158,
            7553876,
            8703534,
            21465310,
            2691659,
            14650808,
            16263823,
            4696232,
            17746387,
            235229,
            12576802,
            7228484,
            14184618,
            686355,
            13074166,
            28008239,
            9622058,
            4773319,
            8722259,
            16608084,
            8333331,
            13320575,
            2498362,
            15111650,
            20136060,
            7247711,
            8937301,
            16189119,
            3679501,
            24205855,
            23948525,
            761523,
            3358482,
            5193515,
            9259345,
            26121395,
            1738138,
            4617290,
            12121407,
            1496778,
            11174502,
            6856157,
            722704,
            1642687,
            3761880,
            11724087,
            49008734,
            3439946,
            2776809,
            2087827,
            16346223,
            9768324,
            10313004,
            1338944,
            3744212,
            9121539,
            1248987,
            22988261,
            5356296,
            2381218,
            1128481,
            1156267,
            14347734,
            9431281,
            2379960,
            4726145,
            14528594,
            3858319,
            19538991,
            17756003,
            11773912,
            9108679,
            2092109,
            970636,
            12914615,
            9324289,
            5832695,
            6317554,
            3319039,
            17870475,
            7035400,
            4117201,
            12266181,
            10760150,
            15590722
        ]
    },
    "prm_id": "044bd086217c087c72ac11b38f65d56e"
}