{
    "total_layers": 101,
    "leaf_layers": 64,
    "max_depth": 4,
    "total_params": 7294298,
    "trainable_params": 7294298,
    "frozen_params": 0,
    "flops": 41737216,
    "model_size_mb": 27.825538635253906,
    "buffer_size_mb": 0.0001983642578125,
    "total_memory_mb": 27.82573699951172,
    "dropout_count": 9,
    "has_attention": 0,
    "has_residual_connections": 0,
    "is_resnet_like": 0,
    "is_vgg_like": 0,
    "is_inception_like": 0,
    "is_densenet_like": 0,
    "is_unet_like": 0,
    "is_transformer_like": 0,
    "is_mobilenet_like": 0,
    "is_efficientnet_like": 1,
    "code_length": 17317,
    "num_classes_defined": 6,
    "num_functions_defined": 23,
    "uses_sequential": 0,
    "uses_modulelist": 1,
    "uses_moduledict": 0,
    "meta": {
        "conv_info": {
            "count": 4,
            "kernel_sizes": [
                5,
                5,
                5,
                5
            ],
            "strides": [
                1,
                1,
                1,
                1
            ],
            "padding_values": [
                0,
                0,
                0,
                0
            ],
            "avg_kernel_size": 5.0,
            "avg_stride": 1.0,
            "total_conv_params": 10560
        },
        "linear_info": {
            "count": 50,
            "input_dims": [
                3380,
                3380,
                128,
                128,
                64,
                64,
                3380,
                3380,
                128,
                128,
                64,
                64,
                3380,
                3380,
                128,
                128,
                64,
                64,
                3380,
                3380,
                128,
                128,
                64,
                64,
                3380,
                3380,
                128,
                128,
                64,
                64,
                3380,
                3380,
                128,
                128,
                64,
                64,
                3380,
                3380,
                128,
                128,
                64,
                64,
                3380,
                3380,
                128,
                128,
                64,
                64,
                3380,
                64
            ],
            "output_dims": [
                128,
                128,
                64,
                64,
                10,
                10,
                128,
                128,
                64,
                64,
                10,
                10,
                128,
                128,
                64,
                64,
                10,
                10,
                128,
                128,
                64,
                64,
                10,
                10,
                128,
                128,
                64,
                64,
                10,
                10,
                128,
                128,
                64,
                64,
                10,
                10,
                128,
                128,
                64,
                64,
                10,
                10,
                128,
                128,
                64,
                64,
                10,
                10,
                64,
                8
            ],
            "total_linear_params": 7283688,
            "has_bias": [
                true,
                true,
                true,
                true,
                true,
                true,
                true,
                true,
                true,
                true,
                true,
                true,
                true,
                true,
                true,
                true,
                true,
                true,
                true,
                true,
                true,
                true,
                true,
                true,
                true,
                true,
                true,
                true,
                true,
                true,
                true,
                true,
                true,
                true,
                true,
                true,
                true,
                true,
                true,
                true,
                true,
                true,
                true,
                true,
                true,
                true,
                true,
                true,
                true,
                true
            ]
        },
        "dropout_rates": [
            0.1,
            0.1,
            0.1,
            0.1,
            0.1,
            0.1,
            0.1,
            0.1,
            0.1
        ],
        "layer_types": {
            "Conv2d": 4,
            "ComplexBatchNorm2d": 1,
            "Linear": 50,
            "Dropout": 9,
            "count": {
                "activation": {},
                "normalization": {},
                "pooling": {}
            }
        },
        "param_distribution": {
            "Conv2d": 10560,
            "ComplexBatchNorm2d": 50,
            "Linear": 7283688
        }
    },
    "prm_id": "9c7b9ff1c619d2d67caaef83851d6d68"
}