{
    "total_layers": 78,
    "leaf_layers": 66,
    "max_depth": 3,
    "total_params": 5302904,
    "trainable_params": 5302904,
    "frozen_params": 0,
    "flops": 87500800,
    "model_size_mb": 20.228973388671875,
    "buffer_size_mb": 0.03582000732421875,
    "total_memory_mb": 20.264793395996094,
    "dropout_count": 10,
    "has_attention": 0,
    "has_residual_connections": 0,
    "is_resnet_like": 0,
    "is_vgg_like": 0,
    "is_inception_like": 0,
    "is_densenet_like": 0,
    "is_unet_like": 0,
    "is_transformer_like": 0,
    "is_mobilenet_like": 0,
    "is_efficientnet_like": 1,
    "code_length": 7542,
    "num_classes_defined": 4,
    "num_functions_defined": 13,
    "uses_sequential": 0,
    "uses_modulelist": 1,
    "uses_moduledict": 0,
    "meta": {
        "conv_info": {
            "count": 6,
            "kernel_sizes": [
                3,
                3,
                3,
                3,
                3,
                3
            ],
            "strides": [
                1,
                1,
                1,
                1,
                1,
                1
            ],
            "padding_values": [
                1,
                1,
                1,
                1,
                1,
                1
            ],
            "avg_kernel_size": 3.0,
            "avg_stride": 1.0,
            "total_conv_params": 287008
        },
        "linear_info": {
            "count": 26,
            "input_dims": [
                2048,
                256,
                256,
                2048,
                256,
                256,
                2048,
                256,
                256,
                2048,
                256,
                256,
                2048,
                256,
                256,
                2048,
                256,
                256,
                2048,
                256,
                256,
                2048,
                256,
                256,
                2048,
                128
            ],
            "output_dims": [
                256,
                256,
                10,
                256,
                256,
                10,
                256,
                256,
                10,
                256,
                256,
                10,
                256,
                256,
                10,
                256,
                256,
                10,
                256,
                256,
                10,
                256,
                256,
                10,
                128,
                8
            ],
            "total_linear_params": 5006552,
            "has_bias": [
                true,
                true,
                true,
                true,
                true,
                true,
                true,
                true,
                true,
                true,
                true,
                true,
                true,
                true,
                true,
                true,
                true,
                true,
                true,
                true,
                true,
                true,
                true,
                true,
                true,
                true
            ]
        },
        "dropout_rates": [
            0.25,
            0.1,
            0.1,
            0.1,
            0.1,
            0.1,
            0.1,
            0.1,
            0.1,
            0.1
        ],
        "layer_types": {
            "Conv2d": 6,
            "BatchNorm2d": 6,
            "MaxPool2d": 1,
            "Dropout2d": 1,
            "Linear": 26,
            "Dropout": 9,
            "BatchNorm1d": 17,
            "count": {
                "activation": {},
                "normalization": {
                    "BatchNorm2d": 6,
                    "BatchNorm1d": 17
                },
                "pooling": {
                    "MaxPool2d": 1
                }
            }
        },
        "param_distribution": {
            "Conv2d": 287008,
            "BatchNorm2d": 896,
            "Linear": 5006552,
            "BatchNorm1d": 8448
        }
    },
    "code_minhash": {
        "method": "minhash",
        "available": 1,
        "num_perm": 128,
        "shingle_n": 7,
        "hashvalues": [
            2817314,
            3688632,
            362253,
            380076,
            9053254,
            2497076,
            3463930,
            1865340,
            5276921,
            782744,
            419897,
            10254751,
            775,
            1730020,
            1904598,
            8531301,
            1867231,
            4576759,
            2000019,
            6532509,
            1240569,
            53685,
            4896507,
            566994,
            1800874,
            2153336,
            3383237,
            4859950,
            1104381,
            10701406,
            2856669,
            3685602,
            11071381,
            4658557,
            18721724,
            5787126,
            14609064,
            208872,
            2185215,
            550675,
            1205937,
            3594092,
            2424663,
            10375847,
            120308,
            5561418,
            8498861,
            524596,
            2025340,
            574065,
            1080429,
            115279,
            2598525,
            13943302,
            1225404,
            8809142,
            2945749,
            693547,
            4591790,
            6355710,
            395211,
            5281458,
            6807784,
            127100,
            3909301,
            702897,
            5354066,
            3384754,
            2940436,
            2381360,
            1435200,
            4855311,
            19602273,
            794184,
            1053663,
            7508042,
            808877,
            1050405,
            2812889,
            282296,
            8640924,
            19364,
            7514053,
            1963798,
            1235735,
            1520299,
            265672,
            6907225,
            2457926,
            4820853,
            252067,
            730299,
            2087827,
            950393,
            361041,
            4150885,
            862645,
            4057844,
            1943908,
            1529985,
            9256934,
            1363284,
            2381218,
            1503310,
            3563617,
            308843,
            2074161,
            2838180,
            1061323,
            2278240,
            2495406,
            4515960,
            2767714,
            588794,
            4631046,
            5994085,
            741332,
            11869288,
            7038516,
            7159773,
            3965835,
            8267515,
            13414654,
            2800361,
            5471444,
            6969451,
            196388,
            2686500
        ]
    },
    "prm_id": "9d68d0f745f9c4b08cebcc7bbc0d800a"
}