{
    "total_layers": 9,
    "leaf_layers": 7,
    "max_depth": 2,
    "total_params": 20234,
    "trainable_params": 20234,
    "frozen_params": 0,
    "flops": 11304960,
    "model_size_mb": 0.07718658447265625,
    "buffer_size_mb": 0.0007476806640625,
    "total_memory_mb": 0.07793426513671875,
    "dropout_count": 0,
    "has_attention": 0,
    "has_residual_connections": 0,
    "is_resnet_like": 0,
    "is_vgg_like": 0,
    "is_inception_like": 0,
    "is_densenet_like": 0,
    "is_unet_like": 0,
    "is_transformer_like": 0,
    "is_mobilenet_like": 0,
    "is_efficientnet_like": 0,
    "code_length": 4033,
    "num_classes_defined": 2,
    "num_functions_defined": 9,
    "uses_sequential": 1,
    "uses_modulelist": 0,
    "uses_moduledict": 0,
    "meta": {
        "conv_info": {
            "count": 2,
            "kernel_sizes": [
                3,
                3
            ],
            "strides": [
                1,
                1
            ],
            "padding_values": [
                1,
                1
            ],
            "avg_kernel_size": 3.0,
            "avg_stride": 1.0,
            "total_conv_params": 19392
        },
        "linear_info": {},
        "dropout_rates": [],
        "layer_types": {
            "SELU": 1,
            "Conv2d": 2,
            "BatchNorm2d": 2,
            "MaxPool2d": 2,
            "count": {
                "activation": {},
                "normalization": {
                    "BatchNorm2d": 2
                },
                "pooling": {
                    "MaxPool2d": 2
                }
            }
        },
        "param_distribution": {
            "Conv2d": 19392,
            "BatchNorm2d": 192
        }
    },
    "code_minhash": {
        "method": "minhash",
        "available": 1,
        "num_perm": 128,
        "shingle_n": 7,
        "hashvalues": [
            1606403,
            790543,
            1009320,
            1700090,
            1049905,
            5770029,
            452912,
            4176949,
            4300627,
            229437,
            2729236,
            1170612,
            1049036,
            637878,
            796962,
            1979653,
            2041528,
            4648843,
            1312709,
            241405,
            528044,
            2230374,
            1806789,
            12365915,
            458476,
            7891181,
            15294761,
            3165388,
            1104381,
            6432366,
            13245516,
            2368742,
            286527,
            422488,
            5080335,
            3838242,
            8970456,
            2593892,
            11524974,
            2578699,
            5857859,
            5849337,
            4691076,
            1856989,
            5676511,
            114857,
            10931,
            4562185,
            6553919,
            15751409,
            4696232,
            9612062,
            1322124,
            1775100,
            2045727,
            9500112,
            2503873,
            5598592,
            5462960,
            8800822,
            382763,
            5336337,
            1770715,
            4171714,
            652849,
            2498362,
            3713274,
            3000693,
            2216304,
            6311635,
            183380,
            7651420,
            8336488,
            4988298,
            3741354,
            1223748,
            7515999,
            253931,
            8978331,
            1803926,
            10565104,
            1069413,
            17508836,
            1159947,
            5403799,
            483037,
            7584874,
            1613302,
            5571449,
            11959358,
            3636238,
            465896,
            1534104,
            5369725,
            3565111,
            530244,
            7067472,
            3273939,
            1280069,
            934823,
            4793712,
            297060,
            14046591,
            5247439,
            2166152,
            14959720,
            1455218,
            3698045,
            3239182,
            2044563,
            1824708,
            9965311,
            4001892,
            3329397,
            2796086,
            895206,
            856884,
            2484132,
            3338052,
            7276965,
            1315751,
            3590539,
            1796478,
            782603,
            9742837,
            5315896,
            4360841,
            2914058
        ]
    },
    "prm_id": "1b4ee39b79deac47ccea10b3b42c3c7c"
}