{
    "total_layers": 5,
    "leaf_layers": 4,
    "max_depth": 1,
    "total_params": 460460,
    "trainable_params": 460460,
    "frozen_params": 0,
    "flops": 86769664,
    "model_size_mb": 1.7565155029296875,
    "buffer_size_mb": 0.0,
    "total_memory_mb": 1.7565155029296875,
    "dropout_count": 0,
    "has_attention": 0,
    "has_residual_connections": 0,
    "is_resnet_like": 0,
    "is_vgg_like": 0,
    "is_inception_like": 0,
    "is_densenet_like": 0,
    "is_unet_like": 0,
    "is_transformer_like": 0,
    "is_mobilenet_like": 0,
    "is_efficientnet_like": 0,
    "code_length": 2413,
    "num_classes_defined": 1,
    "num_functions_defined": 6,
    "uses_sequential": 0,
    "uses_modulelist": 0,
    "uses_moduledict": 0,
    "meta": {
        "conv_info": {},
        "linear_info": {
            "count": 3,
            "input_dims": [
                128,
                256,
                256
            ],
            "output_dims": [
                256,
                256,
                940
            ],
            "total_linear_params": 340140,
            "has_bias": [
                false,
                true,
                true
            ]
        },
        "dropout_rates": [],
        "layer_types": {
            "Embedding": 1,
            "Linear": 3,
            "count": {
                "activation": {},
                "normalization": {},
                "pooling": {}
            }
        },
        "param_distribution": {
            "Embedding": 120320,
            "Linear": 340140
        }
    },
    "code_minhash": {
        "method": "minhash",
        "available": 1,
        "num_perm": 128,
        "shingle_n": 7,
        "hashvalues": [
            4102538,
            4057043,
            1956196,
            4463306,
            13325150,
            3223375,
            2522034,
            1059467,
            4887283,
            761156,
            2779254,
            4905633,
            2263230,
            3986765,
            560829,
            1715886,
            11632178,
            6505191,
            1106507,
            3791634,
            4100394,
            7459457,
            2179979,
            787534,
            6522289,
            11157338,
            1967732,
            9400059,
            9489172,
            532264,
            5119002,
            3688780,
            286527,
            3321667,
            3216724,
            5161652,
            9418221,
            5334806,
            370273,
            1750249,
            4181938,
            3054250,
            8330019,
            1212556,
            4928163,
            8703534,
            941453,
            2691659,
            5397329,
            13800801,
            4696232,
            3251167,
            235229,
            12576802,
            7228484,
            19960845,
            686355,
            8254385,
            7621313,
            23333154,
            168890,
            10764823,
            14823909,
            10125897,
            6718393,
            2498362,
            13641548,
            3818793,
            12781389,
            9798741,
            7229597,
            8564749,
            24205855,
            1089096,
            761523,
            3358482,
            5193515,
            363749,
            6971191,
            1738138,
            4617290,
            12121407,
            10179810,
            17550731,
            6216350,
            722704,
            1642687,
            12699382,
            12778652,
            256498,
            3439946,
            6838767,
            2087827,
            5427295,
            3014838,
            8155168,
            10590163,
            3744212,
            7038856,
            3272397,
            489227,
            6477907,
            2381218,
            1128481,
            1156267,
            14347734,
            13887063,
            5189890,
            4726145,
            4217614,
            3858319,
            19277037,
            16048098,
            11773912,
            9108679,
            4261211,
            970636,
            4340562,
            4198349,
            6940948,
            6317554,
            4626867,
            6375862,
            7035400,
            4034689,
            12266181,
            19626979,
            11478783
        ]
    },
    "prm_id": "cd7b56eb460fbd444438f031277f1d89"
}