{
    "total_layers": 152,
    "leaf_layers": 112,
    "max_depth": 5,
    "total_params": 87419906,
    "trainable_params": 87419906,
    "frozen_params": 0,
    "flops": 117967872,
    "model_size_mb": 333.48047637939453,
    "buffer_size_mb": 0.0,
    "total_memory_mb": 333.48047637939453,
    "dropout_count": 37,
    "has_attention": 1,
    "has_residual_connections": 0,
    "is_resnet_like": 0,
    "is_vgg_like": 0,
    "is_inception_like": 0,
    "is_densenet_like": 0,
    "is_unet_like": 0,
    "is_transformer_like": 1,
    "is_mobilenet_like": 0,
    "is_efficientnet_like": 0,
    "code_length": 10529,
    "num_classes_defined": 5,
    "num_functions_defined": 14,
    "uses_sequential": 1,
    "uses_modulelist": 0,
    "uses_moduledict": 0,
    "meta": {
        "conv_info": {
            "count": 1,
            "kernel_sizes": [
                32
            ],
            "strides": [
                32
            ],
            "padding_values": [
                0
            ],
            "avg_kernel_size": 32.0,
            "avg_stride": 32.0,
            "total_conv_params": 2360064
        },
        "linear_info": {
            "count": 37,
            "input_dims": [
                768,
                768,
                3072,
                768,
                768,
                3072,
                768,
                768,
                3072,
                768,
                768,
                3072,
                768,
                768,
                3072,
                768,
                768,
                3072,
                768,
                768,
                3072,
                768,
                768,
                3072,
                768,
                768,
                3072,
                768,
                768,
                3072,
                768,
                768,
                3072,
                768,
                768,
                3072,
                768
            ],
            "output_dims": [
                768,
                3072,
                768,
                768,
                3072,
                768,
                768,
                3072,
                768,
                768,
                3072,
                768,
                768,
                3072,
                768,
                768,
                3072,
                768,
                768,
                3072,
                768,
                768,
                3072,
                768,
                768,
                3072,
                768,
                768,
                3072,
                768,
                768,
                3072,
                768,
                768,
                3072,
                768,
                2
            ],
            "total_linear_params": 63757826,
            "has_bias": [
                true,
                true,
                true,
                true,
                true,
                true,
                true,
                true,
                true,
                true,
                true,
                true,
                true,
                true,
                true,
                true,
                true,
                true,
                true,
                true,
                true,
                true,
                true,
                true,
                true,
                true,
                true,
                true,
                true,
                true,
                true,
                true,
                true,
                true,
                true,
                true,
                true
            ]
        },
        "dropout_rates": [
            0.16847605398867083,
            0.16847605398867083,
            0.16847605398867083,
            0.16847605398867083,
            0.16847605398867083,
            0.16847605398867083,
            0.16847605398867083,
            0.16847605398867083,
            0.16847605398867083,
            0.16847605398867083,
            0.16847605398867083,
            0.16847605398867083,
            0.16847605398867083,
            0.16847605398867083,
            0.16847605398867083,
            0.16847605398867083,
            0.16847605398867083,
            0.16847605398867083,
            0.16847605398867083,
            0.16847605398867083,
            0.16847605398867083,
            0.16847605398867083,
            0.16847605398867083,
            0.16847605398867083,
            0.16847605398867083,
            0.16847605398867083,
            0.16847605398867083,
            0.16847605398867083,
            0.16847605398867083,
            0.16847605398867083,
            0.16847605398867083,
            0.16847605398867083,
            0.16847605398867083,
            0.16847605398867083,
            0.16847605398867083,
            0.16847605398867083,
            0.16847605398867083
        ],
        "layer_types": {
            "Conv2d": 1,
            "Dropout": 37,
            "LayerNorm": 25,
            "NonDynamicallyQuantizableLinear": 12,
            "Linear": 25,
            "GELU": 12,
            "count": {
                "activation": {
                    "GELU": 12
                },
                "normalization": {
                    "LayerNorm": 25
                },
                "pooling": {}
            }
        },
        "param_distribution": {
            "Conv2d": 2360064,
            "LayerNorm": 38400,
            "NonDynamicallyQuantizableLinear": 7087104,
            "Linear": 56670722
        }
    },
    "code_minhash": {
        "method": "minhash",
        "available": 1,
        "num_perm": 128,
        "shingle_n": 7,