{
    "config": {
        "task": "img-classification",
        "dataset": "cifar-10",
        "metric": "acc",
        "model": "GenFractalNet-2a582f6c1777d3d8d8098610eddcc2d3"
    },
    "hyperparameters": {
        "lr": 0.005,
        "momentum": 0.92,
        "batch": 64,
        "epoch": 1,
        "transform": "norm_32_flip",
        "max_batches": null,
        "uid": "ef1fc8828fb58640dee7e64df834685d",
        "duration": 30709214478,
        "accuracy": 0.4262,
        "train_loss": 1.5485495985926265,
        "test_loss": 1.5474153301518434,
        "train_accuracy": 0.4247,
        "gradient_norm": 0.49270289160702824,
        "samples_per_second": 1628.1902472083993,
        "best_accuracy": 0.4262,
        "best_epoch": 1,
        "cpu_type": "x86_64",
        "cpu_count": 128,
        "total_ram_kb": 263708948.0,
        "gpu_type": "NVIDIA GeForce RTX 3090",
        "gpu_total_memory_kb": 24703168.0,
        "occupied_ram_kb": 16834932.0,
        "ram_usage_percent": 8.1,
        "cpu_usage_percent": 0.0,
        "occupied_gpu_memory_kb": 23384.5,
        "gpu_memory_usage_percent": 0.09,
        "gpu_memory_kb": 4694452.5
    },
    "training_summary": {
        "total_epochs": 1,
        "best_accuracy": 0.4262,
        "final_accuracy": 0.4262
    },
    "uid": "2a582f6c1777d3d8d8098610eddcc2d3"
}