{
    "config": {
        "task": "img-classification",
        "dataset": "cifar-10",
        "metric": "acc",
        "model": "GenFractalNet-822073615a3f4350639ebdd124c55434"
    },
    "hyperparameters": {
        "lr": 0.01,
        "momentum": 0.8,
        "batch": 64,
        "epoch": 1,
        "transform": "norm_32_flip",
        "max_batches": null,
        "uid": "cac9e1582511f93cefcb9518dad95595",
        "duration": 33685451161,
        "accuracy": 0.4708,
        "train_loss": 1.4606380919971125,
        "test_loss": 1.4573490953749153,
        "train_accuracy": 0.46952,
        "gradient_norm": 0.3610572063253452,
        "samples_per_second": 1484.3286195291957,
        "best_accuracy": 0.4708,
        "best_epoch": 1,
        "cpu_type": "x86_64",
        "cpu_count": 32,
        "total_ram_kb": 131724388.0,
        "gpu_type": "NVIDIA GeForce RTX 4090",
        "gpu_total_memory_kb": 24658816.0,
        "occupied_ram_kb": 21969860.0,
        "ram_usage_percent": 22.1,
        "cpu_usage_percent": 3.4,
        "occupied_gpu_memory_kb": 23239.0,
        "gpu_memory_usage_percent": 0.09,
        "gpu_memory_kb": 5139160.0
    },
    "training_summary": {
        "total_epochs": 1,
        "best_accuracy": 0.4708,
        "final_accuracy": 0.4708
    },
    "uid": "822073615a3f4350639ebdd124c55434"
}