{
    "config": {
        "task": "img-classification",
        "dataset": "cifar-10",
        "metric": "acc",
        "model": "GenFractalNet-8a3591b74999d3f6463374599798aaf1"
    },
    "hyperparameters": {
        "lr": 0.005,
        "momentum": 0.85,
        "batch": 64,
        "epoch": 1,
        "transform": "norm_32_flip",
        "max_batches": null,
        "uid": "66c0389308131baca1c2e07779bf8112",
        "duration": 36820569042,
        "accuracy": 0.4487,
        "train_loss": 1.4969704111518762,
        "test_loss": 1.4986411811439855,
        "train_accuracy": 0.45196,
        "gradient_norm": 0.6671033305586794,
        "samples_per_second": 1357.949681778449,
        "best_accuracy": 0.4487,
        "best_epoch": 1,
        "cpu_type": "x86_64",
        "cpu_count": 32,
        "total_ram_kb": 131724388.0,
        "gpu_type": "NVIDIA GeForce RTX 3090",
        "gpu_total_memory_kb": 24703168.0,
        "occupied_ram_kb": 17471728.0,
        "ram_usage_percent": 15.6,
        "cpu_usage_percent": 0.6,
        "occupied_gpu_memory_kb": 17993.0,
        "gpu_memory_usage_percent": 0.07,
        "gpu_memory_kb": 6268638.0
    },
    "training_summary": {
        "total_epochs": 1,
        "best_accuracy": 0.4487,
        "final_accuracy": 0.4487
    },
    "uid": "8a3591b74999d3f6463374599798aaf1"
}