{
    "config": {
        "task": "img-classification",
        "dataset": "cifar-10",
        "metric": "acc",
        "model": "GenFractalNet-ebe4b633fa789299e080912f3e627856"
    },
    "hyperparameters": {
        "lr": 0.005,
        "momentum": 0.95,
        "batch": 64,
        "epoch": 1,
        "transform": "norm_32_flip",
        "max_batches": null,
        "uid": "c3bab3e9931db53638d2791332ae0024",
        "duration": 33088152203,
        "accuracy": 0.2698,
        "train_loss": 2.027930834714104,
        "test_loss": 2.025385219580049,
        "train_accuracy": 0.26748,
        "gradient_norm": 2.383607128019833,
        "samples_per_second": 1511.132238228099,
        "best_accuracy": 0.2698,
        "best_epoch": 1,
        "cpu_type": "x86_64",
        "cpu_count": 32,
        "total_ram_kb": 131724388.0,
        "gpu_type": "NVIDIA GeForce RTX 4090",
        "gpu_total_memory_kb": 24658816.0,
        "occupied_ram_kb": 17204152.0,
        "ram_usage_percent": 15.4,
        "cpu_usage_percent": 0.3,
        "occupied_gpu_memory_kb": 17795.5,
        "gpu_memory_usage_percent": 0.07,
        "gpu_memory_kb": 5184612.5
    },
    "training_summary": {
        "total_epochs": 1,
        "best_accuracy": 0.2698,
        "final_accuracy": 0.2698
    },
    "uid": "ebe4b633fa789299e080912f3e627856"
}