{
    "config": {
        "task": "img-classification",
        "dataset": "cifar-10",
        "metric": "acc",
        "model": "GenFractalNet-d86a9c66883d31e417be23fc232f1881"
    },
    "hyperparameters": {
        "lr": 0.01,
        "momentum": 0.85,
        "batch": 64,
        "epoch": 1,
        "transform": "norm_32_flip",
        "max_batches": null,
        "uid": "9a0ac318ff9595fe2f49aa22f8b190c4",
        "duration": 33169383689,
        "accuracy": 0.4048,
        "train_loss": 1.594862613379193,
        "test_loss": 1.5920623062522548,
        "train_accuracy": 0.40642,
        "gradient_norm": 2.999999037827611,
        "samples_per_second": 1507.4231005314007,
        "best_accuracy": 0.4048,
        "best_epoch": 1,
        "cpu_type": "x86_64",
        "cpu_count": 32,
        "total_ram_kb": 131724388.0,
        "gpu_type": "NVIDIA GeForce RTX 4090",
        "gpu_total_memory_kb": 24658816.0,
        "occupied_ram_kb": 17213248.0,
        "ram_usage_percent": 15.4,
        "cpu_usage_percent": 5.3,
        "occupied_gpu_memory_kb": 17548.5,
        "gpu_memory_usage_percent": 0.07,
        "gpu_memory_kb": 5131404.0
    },
    "training_summary": {
        "total_epochs": 1,
        "best_accuracy": 0.4048,
        "final_accuracy": 0.4048
    },
    "uid": "d86a9c66883d31e417be23fc232f1881"
}