{
    "config": {
        "task": "img-classification",
        "dataset": "cifar-10",
        "metric": "acc",
        "model": "GenFractalNet-8cf561fb2eccf1891208783d51c6a944"
    },
    "hyperparameters": {
        "lr": 0.01,
        "momentum": 0.95,
        "batch": 64,
        "epoch": 1,
        "transform": "norm_32_flip",
        "max_batches": null,
        "uid": "7e0d9d3a4af27bbe52d1557a4daae329",
        "duration": 45446763233,
        "accuracy": 0.3912,
        "train_loss": 1.5772090938390064,
        "test_loss": 1.5650306325049916,
        "train_accuracy": 0.39356,
        "gradient_norm": 1.0015289353660974,
        "samples_per_second": 1100.1964915771678,
        "best_accuracy": 0.3912,
        "best_epoch": 1,
        "cpu_type": "x86_64",
        "cpu_count": 128,
        "total_ram_kb": 263708948.0,
        "gpu_type": "NVIDIA GeForce RTX 3090",
        "gpu_total_memory_kb": 24703168.0,
        "occupied_ram_kb": 34607572.0,
        "ram_usage_percent": 14.9,
        "cpu_usage_percent": 6.7,
        "occupied_gpu_memory_kb": 96512.0,
        "gpu_memory_usage_percent": 0.39,
        "gpu_memory_kb": 6272893.5
    },
    "training_summary": {
        "total_epochs": 1,
        "best_accuracy": 0.3912,
        "final_accuracy": 0.3912
    },
    "uid": "8cf561fb2eccf1891208783d51c6a944"
}