{
    "config": {
        "task": "img-classification",
        "dataset": "cifar-10",
        "metric": "acc",
        "model": "GenFractalNet-f229ea2001736ab06bc8da5bf6290225"
    },
    "hyperparameters": {
        "lr": 0.002,
        "momentum": 0.9,
        "batch": 64,
        "epoch": 1,
        "transform": "norm_32_flip",
        "max_batches": null,
        "uid": "bba767d4cfa94763af48f9c07782c09a",
        "duration": 34611712266,
        "accuracy": 0.4959,
        "train_loss": 1.3658988988003158,
        "test_loss": 1.3764961016405919,
        "train_accuracy": 0.49972,
        "gradient_norm": 1.3127061410015186,
        "samples_per_second": 1444.6126702094687,
        "best_accuracy": 0.4959,
        "best_epoch": 1,
        "cpu_type": "x86_64",
        "cpu_count": 128,
        "total_ram_kb": 263708948.0,
        "gpu_type": "NVIDIA GeForce RTX 3090",
        "gpu_total_memory_kb": 24703168.0,
        "occupied_ram_kb": 35348180.0,
        "ram_usage_percent": 15.2,
        "cpu_usage_percent": 3.8,
        "occupied_gpu_memory_kb": 17979.5,
        "gpu_memory_usage_percent": 0.07,
        "gpu_memory_kb": 2247227.5
    },
    "training_summary": {
        "total_epochs": 1,
        "best_accuracy": 0.4959,
        "final_accuracy": 0.4959
    },
    "uid": "f229ea2001736ab06bc8da5bf6290225"
}