{
    "config": {
        "task": "img-classification",
        "dataset": "cifar-10",
        "metric": "acc",
        "model": "GenFractalNet-64ad8c1779e05755c4fea4169b4ece15"
    },
    "hyperparameters": {
        "lr": 0.005,
        "momentum": 0.92,
        "batch": 64,
        "epoch": 1,
        "transform": "norm_32_flip",
        "max_batches": null,
        "uid": "ef1fc8828fb58640dee7e64df834685d",
        "duration": 33177816765,
        "accuracy": 0.4687,
        "train_loss": 1.4275437171196999,
        "test_loss": 1.430944403265692,
        "train_accuracy": 0.47012,
        "gradient_norm": 1.588893158953808,
        "samples_per_second": 1507.0391420821707,
        "best_accuracy": 0.4687,
        "best_epoch": 1,
        "cpu_type": "x86_64",
        "cpu_count": 32,
        "total_ram_kb": 131724388.0,
        "gpu_type": "NVIDIA GeForce RTX 3090",
        "gpu_total_memory_kb": 24703168.0,
        "occupied_ram_kb": 17438724.0,
        "ram_usage_percent": 15.5,
        "cpu_usage_percent": 0.0,
        "occupied_gpu_memory_kb": 23049.0,
        "gpu_memory_usage_percent": 0.09,
        "gpu_memory_kb": 6268638.0
    },
    "training_summary": {
        "total_epochs": 1,
        "best_accuracy": 0.4687,
        "final_accuracy": 0.4687
    },
    "uid": "64ad8c1779e05755c4fea4169b4ece15"
}