{
    "config": {
        "task": "img-classification",
        "dataset": "cifar-10",
        "metric": "acc",
        "model": "GenFractalNet-65ec958f546b9cc8972003e119154236"
    },
    "hyperparameters": {
        "lr": 0.01,
        "momentum": 0.75,
        "batch": 64,
        "epoch": 1,
        "transform": "norm_32_flip",
        "max_batches": null,
        "uid": "d091050f01990917d03203023019d417",
        "duration": 33235789381,
        "accuracy": 0.3849,
        "train_loss": 1.60407301516789,
        "test_loss": 1.595351102245841,
        "train_accuracy": 0.38682,
        "gradient_norm": 2.9999995722621606,
        "samples_per_second": 1504.4144034699405,
        "best_accuracy": 0.3849,
        "best_epoch": 1,
        "cpu_type": "x86_64",
        "cpu_count": 32,
        "total_ram_kb": 131724388.0,
        "gpu_type": "NVIDIA GeForce RTX 3090",
        "gpu_total_memory_kb": 24703168.0,
        "occupied_ram_kb": 17349824.0,
        "ram_usage_percent": 15.4,
        "cpu_usage_percent": 0.3,
        "occupied_gpu_memory_kb": 17077.0,
        "gpu_memory_usage_percent": 0.07,
        "gpu_memory_kb": 5338498.0
    },
    "training_summary": {
        "total_epochs": 1,
        "best_accuracy": 0.3849,
        "final_accuracy": 0.3849
    },
    "uid": "65ec958f546b9cc8972003e119154236"
}