{
    "eval_args": {
        "model_package": "/home/s497466/nn-gpt/out/nngpt/llm/epoch/A0/synth_nn/B75",
        "task": "img-classification",
        "dataset": "imagenette",
        "metric": "acc",
        "prm": {
            "lr": 0.01,
            "batch": 32,
            "dropout": 0.2,
            "momentum": 0.9,
            "transform": "norm_256_flip",
            "stochastic_depth_prob": 0.0,
            "norm_eps": 1e-05,
            "norm_std": 0.5,
            "tie_weights": 0.0,
            "dropout_aux": 0.0,
            "attention_dropout": 0.0,
            "norm_momentum": 0.1,
            "score_thresh": 0.01,
            "nms_thresh": 0.45,
            "iou_thresh": 0.5,
            "detections_per_img": 0.5,
            "topk_candidates": 0.5,
            "neg_to_pos_ratio": 0.5,
            "pretrained": 0.0,
            "patch_size": 0.125,
            "epoch": 1,
            "uid": "b9095d884c36ec05935d296b86e19df1",
            "duration": 109810199140,
            "duration_seconds": 109.81,
            "accuracy": 0.28662420382165604,
            "train_stat": {
                "train_loss": 2.125632536198524,
                "test_loss": 2.5068125797481073,
                "train_accuracy": 0.27278487696694476,
                "gradient_norm": 2.999999860147347,
                "samples_per_second": 86.23774439501742,
                "best_accuracy": 0.28662420382165604,
                "best_epoch": 1,
                "epoch_max": 1,
                "cpu_count": 128,
                "cpu_type": "x86_64",
                "cpu_usage_percent": 45.4,
                "total_ram_kb": 1056603668.0,
                "occupied_ram_kb": 200467696.0,
                "ram_usage_percent": 19.0,
                "gpu_type": "NVIDIA L40S",
                "gpu_memory_kb": 30864076.0,
                "gpu_total_memory_kb": 46550528.0,
                "occupied_gpu_memory_kb": 243105.0,
                "gpu_memory_usage_percent": 0.52
            },
            "metric_acc": 0.28662420382165604
        }
    },
    "eval_results": {
        "checksum": "FractalFusion-4b-cddc1618855b58938bb1348bf49a0fad",
        "accuracy": 0.28662420382165604,
        "full_result": "('FractalFusion-4b-cddc1618855b58938bb1348bf49a0fad', 0.28662420382165604, 0.16995161222112326, 0.57)"
    },
    "cli_args": {
        "task": "img-classification",
        "dataset": "imagenette",
        "metric": "acc",
        "lr": 0.01,
        "batch": 32,
        "dropout": 0.2,
        "momentum": 0.9,
        "transform": "norm_256_flip"
    }
}