{
    "config": {
        "task": "img-classification",
        "dataset": "cifar-10",
        "metric": "acc",
        "model": "GenFractalNet-1d7419709f5ff24d395c083c62e3a889"
    },
    "hyperparameters": {
        "lr": 0.01,
        "momentum": 0.95,
        "batch": 64,
        "epoch": 1,
        "transform": "norm_32_flip",
        "max_batches": null,
        "uid": "7e0d9d3a4af27bbe52d1557a4daae329",
        "duration": 33743494750,
        "accuracy": 0.3301,
        "train_loss": 1.807491250507667,
        "test_loss": 1.8060260502396115,
        "train_accuracy": 0.32618,
        "gradient_norm": 0.3076677235841668,
        "samples_per_second": 1481.7755150483754,
        "best_accuracy": 0.3301,
        "best_epoch": 1,
        "cpu_type": "x86_64",
        "cpu_count": 32,
        "total_ram_kb": 131724388.0,
        "gpu_type": "NVIDIA GeForce RTX 4090",
        "gpu_total_memory_kb": 24658816.0,
        "occupied_ram_kb": 21352832.0,
        "ram_usage_percent": 22.0,
        "cpu_usage_percent": 6.5,
        "occupied_gpu_memory_kb": 42953.0,
        "gpu_memory_usage_percent": 0.17,
        "gpu_memory_kb": 5139160.0
    },
    "training_summary": {
        "total_epochs": 1,
        "best_accuracy": 0.3301,
        "final_accuracy": 0.3301
    },
    "uid": "1d7419709f5ff24d395c083c62e3a889"
}