{
    "config": {
        "task": "img-classification",
        "dataset": "cifar-10",
        "metric": "acc",
        "model": "GenFractalNet-58635af08e8c484b6d52713a0392489e"
    },
    "hyperparameters": {
        "lr": 0.001,
        "momentum": 0.85,
        "batch": 64,
        "epoch": 1,
        "transform": "norm_32_flip",
        "max_batches": null,
        "uid": "5f6961db3de4ccef5e8e9c68f113375a",
        "duration": 37628345507,
        "accuracy": 0.5485,
        "train_loss": 1.256609273841009,
        "test_loss": 1.2978849088310436,
        "train_accuracy": 0.5617,
        "gradient_norm": 2.999999424202882,
        "samples_per_second": 1328.803080955701,
        "best_accuracy": 0.5485,
        "best_epoch": 1,
        "cpu_type": "x86_64",
        "cpu_count": 128,
        "total_ram_kb": 263708948.0,
        "gpu_type": "NVIDIA GeForce RTX 3090",
        "gpu_total_memory_kb": 24703168.0,
        "occupied_ram_kb": 35901508.0,
        "ram_usage_percent": 15.4,
        "cpu_usage_percent": 6.9,
        "occupied_gpu_memory_kb": 20737.0,
        "gpu_memory_usage_percent": 0.08,
        "gpu_memory_kb": 5542616.0
    },
    "training_summary": {
        "total_epochs": 1,
        "best_accuracy": 0.5485,
        "final_accuracy": 0.5485
    },
    "uid": "58635af08e8c484b6d52713a0392489e"
}