{
    "config": {
        "task": "img-classification",
        "dataset": "cifar-10",
        "metric": "acc",
        "model": "GenFractalNet-a7db62bf307f924e3094f5d83df3573d"
    },
    "hyperparameters": {
        "lr": 0.01,
        "momentum": 0.9,
        "batch": 64,
        "epoch": 1,
        "transform": "norm_32_flip",
        "max_batches": null,
        "uid": "fddd85ed21879149faee86627a9f4554",
        "duration": 30957245048,
        "accuracy": 0.5227,
        "train_loss": 1.3988908788432246,
        "test_loss": 1.425052624978837,
        "train_accuracy": 0.53182,
        "gradient_norm": 1.8524889728528338,
        "samples_per_second": 1615.1483680055537,
        "best_accuracy": 0.5227,
        "best_epoch": 1,
        "cpu_type": "x86_64",
        "cpu_count": 128,
        "total_ram_kb": 263708948.0,
        "gpu_type": "NVIDIA GeForce RTX 3090",
        "gpu_total_memory_kb": 24703168.0,
        "occupied_ram_kb": 16914332.0,
        "ram_usage_percent": 8.2,
        "cpu_usage_percent": 0.0,
        "occupied_gpu_memory_kb": 17098.0,
        "gpu_memory_usage_percent": 0.07,
        "gpu_memory_kb": 6194574.5
    },
    "training_summary": {
        "total_epochs": 1,
        "best_accuracy": 0.5227,
        "final_accuracy": 0.5227
    },
    "uid": "a7db62bf307f924e3094f5d83df3573d"
}