{
    "config": {
        "task": "img-classification",
        "dataset": "cifar-10",
        "metric": "acc",
        "model": "GenFractalNet-e6c84a64a7ea0c83d77f1071491f866d"
    },
    "hyperparameters": {
        "lr": 0.005,
        "momentum": 0.8,
        "batch": 64,
        "epoch": 1,
        "transform": "norm_32_flip",
        "max_batches": null,
        "uid": "f4cce3862c7c6d42c62fdd6855331be8",
        "duration": 39069430841,
        "accuracy": 0.4603,
        "train_loss": 1.4312340537910266,
        "test_loss": 1.4313220400719127,
        "train_accuracy": 0.46022,
        "gradient_norm": 2.9999995860696322,
        "samples_per_second": 1279.787000524176,
        "best_accuracy": 0.4603,
        "best_epoch": 1,
        "cpu_type": "x86_64",
        "cpu_count": 128,
        "total_ram_kb": 263708948.0,
        "gpu_type": "NVIDIA GeForce RTX 3090",
        "gpu_total_memory_kb": 24703168.0,
        "occupied_ram_kb": 22190068.0,
        "ram_usage_percent": 10.1,
        "cpu_usage_percent": 2.0,
        "occupied_gpu_memory_kb": 97612.0,
        "gpu_memory_usage_percent": 0.4,
        "gpu_memory_kb": 1991295.0
    },
    "training_summary": {
        "total_epochs": 1,
        "best_accuracy": 0.4603,
        "final_accuracy": 0.4603
    },
    "uid": "e6c84a64a7ea0c83d77f1071491f866d"
}