{
    "eval_args": {
        "model_package": "/home/s497466/nn-gpt/out/nngpt/llm/epoch/A0/synth_nn/B91",
        "task": "img-classification",
        "dataset": "imagenette",
        "metric": "acc",
        "prm": {
            "lr": 0.01,
            "batch": 32,
            "dropout": 0.2,
            "momentum": 0.9,
            "transform": "norm_256_flip",
            "stochastic_depth_prob": 0.0,
            "norm_eps": 1e-05,
            "norm_std": 0.5,
            "tie_weights": 0.0,
            "dropout_aux": 0.0,
            "attention_dropout": 0.0,
            "norm_momentum": 0.1,
            "score_thresh": 0.01,
            "nms_thresh": 0.45,
            "iou_thresh": 0.5,
            "detections_per_img": 0.5,
            "topk_candidates": 0.5,
            "neg_to_pos_ratio": 0.5,
            "pretrained": 0.0,
            "patch_size": 0.125,
            "epoch": 1,
            "uid": "b9095d884c36ec05935d296b86e19df1",
            "duration": 100035622261,
            "duration_seconds": 100.04,
            "accuracy": 0.17681528662420382,
            "train_stat": {
                "train_loss": 2.212701574677663,
                "test_loss": 2.4966245012554698,
                "train_accuracy": 0.18850987432675045,
                "gradient_norm": 2.9999999259069,
                "samples_per_second": 94.65806426606424,
                "best_accuracy": 0.17681528662420382,
                "best_epoch": 1,
                "epoch_max": 1,
                "cpu_count": 256,
                "cpu_type": "x86_64",
                "cpu_usage_percent": 5.6,
                "total_ram_kb": 527761880.0,
                "occupied_ram_kb": 128922820.0,
                "ram_usage_percent": 24.4,
                "gpu_type": "NVIDIA L40",
                "gpu_memory_kb": 26971911.0,
                "gpu_total_memory_kb": 49677504.0,
                "occupied_gpu_memory_kb": 95983.5,
                "gpu_memory_usage_percent": 0.19
            },
            "metric_acc": 0.17681528662420382
        }
    },
    "eval_results": {
        "checksum": "FractalFusion-1b-94356b8edf1fd72f18e61adb371482d4",
        "accuracy": 0.17681528662420382,
        "full_result": "('FractalFusion-1b-94356b8edf1fd72f18e61adb371482d4', 0.17681528662420382, 0.07678793302628469, 0.58)"
    },
    "cli_args": {
        "task": "img-classification",
        "dataset": "imagenette",
        "metric": "acc",
        "lr": 0.01,
        "batch": 32,
        "dropout": 0.2,
        "momentum": 0.9,
        "transform": "norm_256_flip"
    }
}