{
    "config": {
        "task": "img-classification",
        "dataset": "cifar-10",
        "metric": "acc",
        "model": "GenFractalNet-29885b4dc3337c3b5dcb923d8653708c"
    },
    "hyperparameters": {
        "lr": 0.001,
        "momentum": 0.75,
        "batch": 64,
        "epoch": 1,
        "transform": "norm_32_flip",
        "max_batches": null,
        "uid": "b6bfaf83998d37f4d3476cb4c42c7314",
        "duration": 34090411030,
        "accuracy": 0.5621,
        "train_loss": 1.2004645708424355,
        "test_loss": 1.222477245862317,
        "train_accuracy": 0.57172,
        "gradient_norm": 2.99999930217162,
        "samples_per_second": 1466.697446869244,
        "best_accuracy": 0.5621,
        "best_epoch": 1,
        "cpu_type": "x86_64",
        "cpu_count": 32,
        "total_ram_kb": 131724388.0,
        "gpu_type": "NVIDIA GeForce RTX 3090",
        "gpu_total_memory_kb": 24703168.0,
        "occupied_ram_kb": 17420396.0,
        "ram_usage_percent": 15.5,
        "cpu_usage_percent": 6.2,
        "occupied_gpu_memory_kb": 26725.5,
        "gpu_memory_usage_percent": 0.11,
        "gpu_memory_kb": 6268638.0
    },
    "training_summary": {
        "total_epochs": 1,
        "best_accuracy": 0.5621,
        "final_accuracy": 0.5621
    },
    "uid": "29885b4dc3337c3b5dcb923d8653708c"
}