{
    "eval_args": {
        "model_package": "/home/s497466/nn-gpt/out/nngpt/llm/epoch/A0/synth_nn/B20",
        "task": "img-classification",
        "dataset": "imagenette",
        "metric": "acc",
        "prm": {
            "lr": 0.01,
            "batch": 32,
            "dropout": 0.2,
            "momentum": 0.9,
            "transform": "norm_256_flip",
            "stochastic_depth_prob": 0.0,
            "norm_eps": 1e-05,
            "norm_std": 0.5,
            "tie_weights": 0.0,
            "dropout_aux": 0.0,
            "attention_dropout": 0.0,
            "norm_momentum": 0.1,
            "score_thresh": 0.01,
            "nms_thresh": 0.45,
            "iou_thresh": 0.5,
            "detections_per_img": 0.5,
            "topk_candidates": 0.5,
            "neg_to_pos_ratio": 0.5,
            "pretrained": 0.0,
            "patch_size": 0.125,
            "epoch": 1,
            "uid": "b9095d884c36ec05935d296b86e19df1",
            "duration": 328139213218,
            "duration_seconds": 328.14,
            "accuracy": 0.28203821656050954,
            "train_stat": {
                "train_loss": 2.3144108077291072,
                "test_loss": 2.247091568582426,
                "train_accuracy": 0.21058189882775372,
                "gradient_norm": 2.9999997433291097,
                "samples_per_second": 28.857636029220302,
                "best_accuracy": 0.28203821656050954,
                "best_epoch": 1,
                "epoch_max": 1,
                "cpu_count": 128,
                "cpu_type": "x86_64",
                "cpu_usage_percent": 10.0,
                "total_ram_kb": 1056603672.0,
                "occupied_ram_kb": 176508556.0,
                "ram_usage_percent": 16.7,
                "gpu_type": "NVIDIA L40S",
                "gpu_memory_kb": 26536169.0,
                "gpu_total_memory_kb": 46550528.0,
                "occupied_gpu_memory_kb": 368597.0,
                "gpu_memory_usage_percent": 0.79
            },
            "metric_acc": 0.28203821656050954
        }
    },
    "eval_results": {
        "checksum": "FractalFusion-5b-d6a1bdaf87552fe05a44cfec9a976938",
        "accuracy": 0.28203821656050954,
        "full_result": "('FractalFusion-5b-d6a1bdaf87552fe05a44cfec9a976938', 0.28203821656050954, 0.05547591059760725, 0.59)"
    },
    "cli_args": {
        "task": "img-classification",
        "dataset": "imagenette",
        "metric": "acc",
        "lr": 0.01,
        "batch": 32,
        "dropout": 0.2,
        "momentum": 0.9,
        "transform": "norm_256_flip"
    }
}