{
    "config": {
        "task": "img-classification",
        "dataset": "cifar-10",
        "metric": "acc",
        "model": "GenFractalNet-0e9bc994a25e215b33a8de21c82878b2"
    },
    "hyperparameters": {
        "lr": 0.01,
        "momentum": 0.75,
        "batch": 64,
        "epoch": 1,
        "transform": "norm_32_flip",
        "max_batches": null,
        "uid": "d091050f01990917d03203023019d417",
        "duration": 40500420741,
        "accuracy": 0.5993,
        "train_loss": 1.1495817930954497,
        "test_loss": 1.1865807779275688,
        "train_accuracy": 0.60832,
        "gradient_norm": 0.7422105022575068,
        "samples_per_second": 1234.5701990592988,
        "best_accuracy": 0.5993,
        "best_epoch": 1,
        "cpu_type": "x86_64",
        "cpu_count": 128,
        "total_ram_kb": 263708948.0,
        "gpu_type": "NVIDIA GeForce RTX 3090",
        "gpu_total_memory_kb": 24703168.0,
        "occupied_ram_kb": 34407484.0,
        "ram_usage_percent": 14.8,
        "cpu_usage_percent": 6.4,
        "occupied_gpu_memory_kb": 31691.0,
        "gpu_memory_usage_percent": 0.13,
        "gpu_memory_kb": 6196605.5
    },
    "training_summary": {
        "total_epochs": 1,
        "best_accuracy": 0.5993,
        "final_accuracy": 0.5993
    },
    "uid": "0e9bc994a25e215b33a8de21c82878b2"
}