{
    "config": {
        "task": "img-classification",
        "dataset": "cifar-10",
        "metric": "acc",
        "model": "GenFractalNet-18328e233ffaf48d72819166f8da8679"
    },
    "hyperparameters": {
        "lr": 0.003,
        "momentum": 0.8,
        "batch": 64,
        "epoch": 1,
        "transform": "norm_32_flip",
        "max_batches": null,
        "uid": "ee92ba477c9167c48f5eac9c5b9e4293",
        "duration": 34066553107,
        "accuracy": 0.4382,
        "train_loss": 1.5675759176768915,
        "test_loss": 1.55779811455186,
        "train_accuracy": 0.4329,
        "gradient_norm": 0.8299216090252767,
        "samples_per_second": 1467.7257244608197,
        "best_accuracy": 0.4382,
        "best_epoch": 1,
        "cpu_type": "x86_64",
        "cpu_count": 32,
        "total_ram_kb": 131724388.0,
        "gpu_type": "NVIDIA GeForce RTX 3090",
        "gpu_total_memory_kb": 24703168.0,
        "occupied_ram_kb": 34624940.0,
        "ram_usage_percent": 28.6,
        "cpu_usage_percent": 5.3,
        "occupied_gpu_memory_kb": 21721.0,
        "gpu_memory_usage_percent": 0.09,
        "gpu_memory_kb": 4742913.5
    },
    "training_summary": {
        "total_epochs": 1,
        "best_accuracy": 0.4382,
        "final_accuracy": 0.4382
    },
    "uid": "18328e233ffaf48d72819166f8da8679"
}