{
    "config": {
        "task": "img-classification",
        "dataset": "cifar-10",
        "metric": "acc",
        "model": "GenFractalNet-540273880ec68a9a8190dd0815516f1d"
    },
    "hyperparameters": {
        "lr": 0.01,
        "momentum": 0.85,
        "batch": 64,
        "epoch": 1,
        "transform": "norm_32_flip",
        "max_batches": null,
        "uid": "9a0ac318ff9595fe2f49aa22f8b190c4",
        "duration": 35415479724,
        "accuracy": 0.3119,
        "train_loss": 1.8005036034852342,
        "test_loss": 1.797683951961007,
        "train_accuracy": 0.3067,
        "gradient_norm": 0.7056914156281153,
        "samples_per_second": 1411.8252486961674,
        "best_accuracy": 0.3119,
        "best_epoch": 1,
        "cpu_type": "x86_64",
        "cpu_count": 128,
        "total_ram_kb": 263708948.0,
        "gpu_type": "NVIDIA GeForce RTX 3090",
        "gpu_total_memory_kb": 24703168.0,
        "occupied_ram_kb": 30527408.0,
        "ram_usage_percent": 14.1,
        "cpu_usage_percent": 5.7,
        "occupied_gpu_memory_kb": 21479.0,
        "gpu_memory_usage_percent": 0.09,
        "gpu_memory_kb": 5390012.5
    },
    "training_summary": {
        "total_epochs": 1,
        "best_accuracy": 0.3119,
        "final_accuracy": 0.3119
    },
    "uid": "540273880ec68a9a8190dd0815516f1d"
}