{
    "config": {
        "task": "img-classification",
        "dataset": "cifar-10",
        "metric": "acc",
        "model": "GenFractalNet-87c205835f21ddf4fd5ac24ad595887d"
    },
    "hyperparameters": {
        "lr": 0.01,
        "momentum": 0.92,
        "batch": 64,
        "epoch": 1,
        "transform": "norm_32_flip",
        "max_batches": null,
        "uid": "fb90a55754624e15cc974013a9a25d1f",
        "duration": 36612406914,
        "accuracy": 0.2455,
        "train_loss": 2.0065278584694926,
        "test_loss": 1.990014208350212,
        "train_accuracy": 0.24176,
        "gradient_norm": 0.25698373148173975,
        "samples_per_second": 1365.6750805926954,
        "best_accuracy": 0.2455,
        "best_epoch": 1,
        "cpu_type": "x86_64",
        "cpu_count": 32,
        "total_ram_kb": 131724388.0,
        "gpu_type": "NVIDIA GeForce RTX 4090",
        "gpu_total_memory_kb": 24658816.0,
        "occupied_ram_kb": 17382672.0,
        "ram_usage_percent": 15.5,
        "cpu_usage_percent": 0.0,
        "occupied_gpu_memory_kb": 18217.0,
        "gpu_memory_usage_percent": 0.07,
        "gpu_memory_kb": 6272025.5
    },
    "training_summary": {
        "total_epochs": 1,
        "best_accuracy": 0.2455,
        "final_accuracy": 0.2455
    },
    "uid": "87c205835f21ddf4fd5ac24ad595887d"
}