{
    "config": {
        "task": "img-classification",
        "dataset": "cifar-10",
        "metric": "acc",
        "model": "GenFractalNet-35a37c55c60305f81d76fd2b46ece317"
    },
    "hyperparameters": {
        "lr": 0.003,
        "momentum": 0.75,
        "batch": 64,
        "epoch": 1,
        "transform": "norm_32_flip",
        "max_batches": null,
        "uid": "a63387910132d79fd15b7eb6df3c7f86",
        "duration": 33221041461,
        "accuracy": 0.4595,
        "train_loss": 1.5946827436347142,
        "test_loss": 1.6259875654414961,
        "train_accuracy": 0.46368,
        "gradient_norm": 0.8698895865054385,
        "samples_per_second": 1505.0815296481735,
        "best_accuracy": 0.4595,
        "best_epoch": 1,
        "cpu_type": "x86_64",
        "cpu_count": 32,
        "total_ram_kb": 131724388.0,
        "gpu_type": "NVIDIA GeForce RTX 4090",
        "gpu_total_memory_kb": 24658816.0,
        "occupied_ram_kb": 17379240.0,
        "ram_usage_percent": 15.5,
        "cpu_usage_percent": 1.9,
        "occupied_gpu_memory_kb": 125627.5,
        "gpu_memory_usage_percent": 0.51,
        "gpu_memory_kb": 6272025.5
    },
    "training_summary": {
        "total_epochs": 1,
        "best_accuracy": 0.4595,
        "final_accuracy": 0.4595
    },
    "uid": "35a37c55c60305f81d76fd2b46ece317"
}