{
    "eval_args": {
        "model_package": "/home/ghaffar/nn-dataset/scratch/auto_train_loop/run_Blip2Fast-A4-B4/Blip2Fast-A4-B4",
        "task": "img-captioning",
        "dataset": "coco",
        "metric": "bleu",
        "prm": {
            "lr": 0.0001,
            "batch": 32,
            "dropout": 0.2,
            "momentum": 0.9,
            "transform": "cached_blip2",
            "epoch": 5,
            "limit": 7000,
            "num_workers": 8,
            "pin_memory": false,
            "feature_cache_dir": null,
            "feature_cache_mode": "read",
            "freeze_gpt2": false,
            "uid": "6d1d7a60a269851d9e0d1a5e3f1e2663",
            "duration": 2060134753616,
            "accuracy": 0.04472056535349133,
            "train_loss": 1.3431195631071076,
            "test_loss": 1.1108043119311333,
            "train_accuracy": 0.0,
            "gradient_norm": 0.9999995256066269,
            "samples_per_second": 257.02253269384977,
            "best_accuracy": 0.04543483135666643,
            "best_epoch": 3,
            "cpu_type": "x86_64",
            "cpu_count": 16,
            "total_ram_kb": 31935912.0,
            "gpu_type": "NVIDIA GeForce RTX 4090",
            "gpu_total_memory_kb": 24635840.0,
            "occupied_ram_kb": 26054272.0,
            "ram_usage_percent": 81.6,
            "cpu_usage_percent": 8.1,
            "occupied_gpu_memory_kb": 4589345.0,
            "gpu_memory_usage_percent": 18.63,
            "gpu_memory_kb": 8069902.0,
            "metric_bleu": 0.04472056535349133
        }
    },
    "eval_results": [
        "a873c70175862a16aee89c5245699f59",
        0.04472056535349133,
        0.002122218717816973,
        0.98
    ],
    "cli_args": {
        "task": "img-captioning",
        "dataset": "coco",
        "metric": "bleu"
    }
}