{
    "eval_args": {
        "model_package": "/home/s497466/nn-gpt/out/nngpt/llm/epoch/A0/synth_nn/B60",
        "task": "img-classification",
        "dataset": "imagenette",
        "metric": "acc",
        "prm": {
            "lr": 0.01,
            "batch": 32,
            "dropout": 0.2,
            "momentum": 0.9,
            "transform": "norm_256_flip",
            "stochastic_depth_prob": 0.0,
            "norm_eps": 1e-05,
            "norm_std": 0.5,
            "tie_weights": 0.0,
            "dropout_aux": 0.0,
            "attention_dropout": 0.0,
            "norm_momentum": 0.1,
            "score_thresh": 0.01,
            "nms_thresh": 0.45,
            "iou_thresh": 0.5,
            "detections_per_img": 0.5,
            "topk_candidates": 0.5,
            "neg_to_pos_ratio": 0.5,
            "pretrained": 0.0,
            "patch_size": 0.125,
            "epoch": 1,
            "uid": "b9095d884c36ec05935d296b86e19df1",
            "duration": 229340722974,
            "duration_seconds": 229.34,
            "accuracy": 0.25554140127388536,
            "train_stat": {
                "train_loss": 1.9367745856395782,
                "test_loss": 2.5511612746773698,
                "train_accuracy": 0.3189354736508607,
                "gradient_norm": 2.9999996112721288,
                "samples_per_second": 41.28982340497049,
                "best_accuracy": 0.25554140127388536,
                "best_epoch": 1,
                "epoch_max": 1,
                "cpu_count": 128,
                "cpu_type": "x86_64",
                "cpu_usage_percent": 20.6,
                "total_ram_kb": 1056603672.0,
                "occupied_ram_kb": 175300788.0,
                "ram_usage_percent": 16.6,
                "gpu_type": "NVIDIA L40S",
                "gpu_memory_kb": 37819293.0,
                "gpu_total_memory_kb": 46550528.0,
                "occupied_gpu_memory_kb": 345954.5,
                "gpu_memory_usage_percent": 0.74
            },
            "metric_acc": 0.25554140127388536
        }
    },
    "eval_results": {
        "checksum": "FractalFusion-2b-81a5748ae0182e5b95ce8b490f415a77",
        "accuracy": 0.25554140127388536,
        "full_result": "('FractalFusion-2b-81a5748ae0182e5b95ce8b490f415a77', 0.25554140127388536, 0.06782110008937176, 0.59)"
    },
    "cli_args": {
        "task": "img-classification",
        "dataset": "imagenette",
        "metric": "acc",
        "lr": 0.01,
        "batch": 32,
        "dropout": 0.2,
        "momentum": 0.9,
        "transform": "norm_256_flip"
    }
}