{
    "config": {
        "task": "img-classification",
        "dataset": "cifar-10",
        "metric": "acc",
        "model": "GenFractalNet-1a8df5457a0eaa9a361d688b31557f3a"
    },
    "hyperparameters": {
        "lr": 0.003,
        "momentum": 0.8,
        "batch": 64,
        "epoch": 1,
        "transform": "norm_32_flip",
        "max_batches": null,
        "uid": "ee92ba477c9167c48f5eac9c5b9e4293",
        "duration": 33255447974,
        "accuracy": 0.3539,
        "train_loss": 1.7623103065868777,
        "test_loss": 1.7569404476007837,
        "train_accuracy": 0.34892,
        "gradient_norm": 2.999999139082532,
        "samples_per_second": 1503.5218980623206,
        "best_accuracy": 0.3539,
        "best_epoch": 1,
        "cpu_type": "x86_64",
        "cpu_count": 32,
        "total_ram_kb": 131724388.0,
        "gpu_type": "NVIDIA GeForce RTX 3090",
        "gpu_total_memory_kb": 24703168.0,
        "occupied_ram_kb": 17133780.0,
        "ram_usage_percent": 15.3,
        "cpu_usage_percent": 0.3,
        "occupied_gpu_memory_kb": 17629.0,
        "gpu_memory_usage_percent": 0.07,
        "gpu_memory_kb": 5182624.5
    },
    "training_summary": {
        "total_epochs": 1,
        "best_accuracy": 0.3539,
        "final_accuracy": 0.3539
    },
    "uid": "1a8df5457a0eaa9a361d688b31557f3a"
}