{
    "config": {
        "task": "img-classification",
        "dataset": "cifar-10",
        "metric": "acc",
        "model": "GenFractalNet-f3830b86f28abd643b90e8677a89e439"
    },
    "hyperparameters": {
        "lr": 0.01,
        "momentum": 0.75,
        "batch": 64,
        "epoch": 1,
        "transform": "norm_32_flip",
        "max_batches": null,
        "uid": "d091050f01990917d03203023019d417",
        "duration": 31792635160,
        "accuracy": 0.3834,
        "train_loss": 1.6542146553468826,
        "test_loss": 1.6646938118965002,
        "train_accuracy": 0.3792,
        "gradient_norm": 0.7060647625804465,
        "samples_per_second": 1572.7022051134288,
        "best_accuracy": 0.3834,
        "best_epoch": 1,
        "cpu_type": "x86_64",
        "cpu_count": 128,
        "total_ram_kb": 263708948.0,
        "gpu_type": "NVIDIA GeForce RTX 3090",
        "gpu_total_memory_kb": 24703168.0,
        "occupied_ram_kb": 21389988.0,
        "ram_usage_percent": 11.3,
        "cpu_usage_percent": 1.6,
        "occupied_gpu_memory_kb": 22530.5,
        "gpu_memory_usage_percent": 0.09,
        "gpu_memory_kb": 6318687.0
    },
    "training_summary": {
        "total_epochs": 1,
        "best_accuracy": 0.3834,
        "final_accuracy": 0.3834
    },
    "uid": "f3830b86f28abd643b90e8677a89e439"
}