{
    "config": {
        "task": "img-classification",
        "dataset": "cifar-10",
        "metric": "acc",
        "model": "GenFractalNet-7b77af1b6909a5128d08d18456db6837"
    },
    "hyperparameters": {
        "lr": 0.005,
        "momentum": 0.9,
        "batch": 64,
        "epoch": 1,
        "transform": "norm_32_flip",
        "max_batches": null,
        "uid": "2a64534394dffeddd8342f36ba57f478",
        "duration": 30824139884,
        "accuracy": 0.5471,
        "train_loss": 1.2728052055439376,
        "test_loss": 1.2843906655433073,
        "train_accuracy": 0.54966,
        "gradient_norm": 1.8136515861197973,
        "samples_per_second": 1622.1164357193525,
        "best_accuracy": 0.5471,
        "best_epoch": 1,
        "cpu_type": "x86_64",
        "cpu_count": 128,
        "total_ram_kb": 263708948.0,
        "gpu_type": "NVIDIA GeForce RTX 3090",
        "gpu_total_memory_kb": 24703168.0,
        "occupied_ram_kb": 16895052.0,
        "ram_usage_percent": 8.1,
        "cpu_usage_percent": 0.0,
        "occupied_gpu_memory_kb": 17063.0,
        "gpu_memory_usage_percent": 0.07,
        "gpu_memory_kb": 4694452.5
    },
    "training_summary": {
        "total_epochs": 1,
        "best_accuracy": 0.5471,
        "final_accuracy": 0.5471
    },
    "uid": "7b77af1b6909a5128d08d18456db6837"
}