{
    "config": {
        "task": "img-classification",
        "dataset": "cifar-10",
        "metric": "acc",
        "model": "GenFractalNet-c553eb9462a6260fe699c0c979e44c6e"
    },
    "hyperparameters": {
        "lr": 0.01,
        "momentum": 0.95,
        "batch": 64,
        "epoch": 1,
        "transform": "norm_32_flip",
        "max_batches": null,
        "uid": "7e0d9d3a4af27bbe52d1557a4daae329",
        "duration": 35262716985,
        "accuracy": 0.1501,
        "train_loss": 2.2806532477478845,
        "test_loss": 2.280520094428093,
        "train_accuracy": 0.14832,
        "gradient_norm": 0.6570110030747193,
        "samples_per_second": 1417.9380760475772,
        "best_accuracy": 0.1501,
        "best_epoch": 1,
        "cpu_type": "x86_64",
        "cpu_count": 128,
        "total_ram_kb": 263708948.0,
        "gpu_type": "NVIDIA GeForce RTX 3090",
        "gpu_total_memory_kb": 24703168.0,
        "occupied_ram_kb": 34639500.0,
        "ram_usage_percent": 14.9,
        "cpu_usage_percent": 7.0,
        "occupied_gpu_memory_kb": 16993.0,
        "gpu_memory_usage_percent": 0.07,
        "gpu_memory_kb": 6195581.5
    },
    "training_summary": {
        "total_epochs": 1,
        "best_accuracy": 0.1501,
        "final_accuracy": 0.1501
    },
    "uid": "c553eb9462a6260fe699c0c979e44c6e"
}