{
    "config": {
        "task": "img-classification",
        "dataset": "cifar-10",
        "metric": "acc",
        "model": "GenFractalNet-af47abc1b704f9a35174f4ce98980b70"
    },
    "hyperparameters": {
        "lr": 0.01,
        "momentum": 0.8,
        "batch": 64,
        "epoch": 1,
        "transform": "norm_32_flip",
        "max_batches": null,
        "uid": "cac9e1582511f93cefcb9518dad95595",
        "duration": 35699878372,
        "accuracy": 0.4666,
        "train_loss": 1.4223129692894723,
        "test_loss": 1.4271437825670668,
        "train_accuracy": 0.47284,
        "gradient_norm": 0.9108273660743427,
        "samples_per_second": 1400.5732166620455,
        "best_accuracy": 0.4666,
        "best_epoch": 1,
        "cpu_type": "x86_64",
        "cpu_count": 128,
        "total_ram_kb": 263708948.0,
        "gpu_type": "NVIDIA GeForce RTX 3090",
        "gpu_total_memory_kb": 24703168.0,
        "occupied_ram_kb": 32729064.0,
        "ram_usage_percent": 14.1,
        "cpu_usage_percent": 7.5,
        "occupied_gpu_memory_kb": 26086.0,
        "gpu_memory_usage_percent": 0.11,
        "gpu_memory_kb": 6272893.5
    },
    "training_summary": {
        "total_epochs": 1,
        "best_accuracy": 0.4666,
        "final_accuracy": 0.4666
    },
    "uid": "af47abc1b704f9a35174f4ce98980b70"
}