{
    "config": {
        "task": "img-classification",
        "dataset": "cifar-10",
        "metric": "acc",
        "model": "GenFractalNet-a34ffdf739356c1ee7d7e3d981eec844"
    },
    "hyperparameters": {
        "lr": 0.005,
        "momentum": 0.85,
        "batch": 64,
        "epoch": 1,
        "transform": "norm_32_flip",
        "max_batches": null,
        "uid": "66c0389308131baca1c2e07779bf8112",
        "duration": 39550757917,
        "accuracy": 0.6246,
        "train_loss": 1.0265781470119495,
        "test_loss": 1.047662362930881,
        "train_accuracy": 0.63094,
        "gradient_norm": 1.3901297453595574,
        "samples_per_second": 1264.2141136694802,
        "best_accuracy": 0.6246,
        "best_epoch": 1,
        "cpu_type": "x86_64",
        "cpu_count": 128,
        "total_ram_kb": 263708948.0,
        "gpu_type": "NVIDIA GeForce RTX 3090",
        "gpu_total_memory_kb": 24703168.0,
        "occupied_ram_kb": 22381328.0,
        "ram_usage_percent": 10.9,
        "cpu_usage_percent": 0.9,
        "occupied_gpu_memory_kb": 32515.0,
        "gpu_memory_usage_percent": 0.13,
        "gpu_memory_kb": 6272893.5
    },
    "training_summary": {
        "total_epochs": 1,
        "best_accuracy": 0.6246,
        "final_accuracy": 0.6246
    },
    "uid": "a34ffdf739356c1ee7d7e3d981eec844"
}