{
    "eval_args": {
        "model_package": "/home/s497466/nn-gpt/out/nngpt/llm/epoch/A0/synth_nn/B38",
        "task": "img-classification",
        "dataset": "imagenette",
        "metric": "acc",
        "prm": {
            "lr": 0.01,
            "batch": 32,
            "dropout": 0.2,
            "momentum": 0.9,
            "transform": "norm_256_flip",
            "stochastic_depth_prob": 0.0,
            "norm_eps": 1e-05,
            "norm_std": 0.5,
            "tie_weights": 0.0,
            "dropout_aux": 0.0,
            "attention_dropout": 0.0,
            "norm_momentum": 0.1,
            "score_thresh": 0.01,
            "nms_thresh": 0.45,
            "iou_thresh": 0.5,
            "detections_per_img": 0.5,
            "topk_candidates": 0.5,
            "neg_to_pos_ratio": 0.5,
            "pretrained": 0.0,
            "patch_size": 0.125,
            "epoch": 1,
            "uid": "b9095d884c36ec05935d296b86e19df1",
            "duration": 219114131843,
            "duration_seconds": 219.11,
            "accuracy": 0.26420382165605094,
            "train_stat": {
                "train_loss": 1.8002149316977265,
                "test_loss": 2.4404638952356046,
                "train_accuracy": 0.3625514837892069,
                "gradient_norm": 2.999999712406078,
                "samples_per_second": 43.217192549514934,
                "best_accuracy": 0.26420382165605094,
                "best_epoch": 1,
                "epoch_max": 1,
                "cpu_count": 128,
                "cpu_type": "x86_64",
                "cpu_usage_percent": 16.9,
                "total_ram_kb": 1056603672.0,
                "occupied_ram_kb": 195189504.0,
                "ram_usage_percent": 18.5,
                "gpu_type": "NVIDIA L40S",
                "gpu_memory_kb": 19684715.0,
                "gpu_total_memory_kb": 46550528.0,
                "occupied_gpu_memory_kb": 232785.5,
                "gpu_memory_usage_percent": 0.5
            },
            "metric_acc": 0.26420382165605094
        }
    },
    "eval_results": {
        "checksum": "FractalFusion-6b-8c3b13f028efee4a8a62143bec885e00",
        "accuracy": 0.26420382165605094,
        "full_result": "('FractalFusion-6b-8c3b13f028efee4a8a62143bec885e00', 0.26420382165605094, 0.07493985909302578, 0.57)"
    },
    "cli_args": {
        "task": "img-classification",
        "dataset": "imagenette",
        "metric": "acc",
        "lr": 0.01,
        "batch": 32,
        "dropout": 0.2,
        "momentum": 0.9,
        "transform": "norm_256_flip"
    }
}