{
    "config": {
        "task": "img-classification",
        "dataset": "cifar-10",
        "metric": "acc",
        "model": "GenFractalNet-9d6f58167261495fa887b7e0ca7f82f7"
    },
    "hyperparameters": {
        "lr": 0.005,
        "momentum": 0.9,
        "batch": 64,
        "epoch": 1,
        "transform": "norm_32_flip",
        "max_batches": null,
        "uid": "2a64534394dffeddd8342f36ba57f478",
        "duration": 34821992067,
        "accuracy": 0.2035,
        "train_loss": 1.9782403570306881,
        "test_loss": 1.9786676479752656,
        "train_accuracy": 0.20028,
        "gradient_norm": 0.4467258349134007,
        "samples_per_second": 1435.8837209841215,
        "best_accuracy": 0.2035,
        "best_epoch": 1,
        "cpu_type": "x86_64",
        "cpu_count": 128,
        "total_ram_kb": 263708948.0,
        "gpu_type": "NVIDIA GeForce RTX 3090",
        "gpu_total_memory_kb": 24703168.0,
        "occupied_ram_kb": 30751084.0,
        "ram_usage_percent": 13.4,
        "cpu_usage_percent": 4.5,
        "occupied_gpu_memory_kb": 54162.5,
        "gpu_memory_usage_percent": 0.22,
        "gpu_memory_kb": 5486889.5
    },
    "training_summary": {
        "total_epochs": 1,
        "best_accuracy": 0.2035,
        "final_accuracy": 0.2035
    },
    "uid": "9d6f58167261495fa887b7e0ca7f82f7"
}