{
    "config": {
        "task": "img-classification",
        "dataset": "cifar-10",
        "metric": "acc",
        "model": "GenFractalNet-2e2418829f0cdfa85bffc4187c085f45"
    },
    "hyperparameters": {
        "lr": 0.001,
        "momentum": 0.95,
        "batch": 64,
        "epoch": 1,
        "transform": "norm_32_flip",
        "max_batches": null,
        "uid": "413233aa5202d01e749eded26a1af0b4",
        "duration": 34724923378,
        "accuracy": 0.2639,
        "train_loss": 1.9147731530696839,
        "test_loss": 1.9113736008382907,
        "train_accuracy": 0.25778,
        "gradient_norm": 1.3246646945303548,
        "samples_per_second": 1439.903500012744,
        "best_accuracy": 0.2639,
        "best_epoch": 1,
        "cpu_type": "x86_64",
        "cpu_count": 128,
        "total_ram_kb": 263708948.0,
        "gpu_type": "NVIDIA GeForce RTX 3090",
        "gpu_total_memory_kb": 24703168.0,
        "occupied_ram_kb": 27959912.0,
        "ram_usage_percent": 12.3,
        "cpu_usage_percent": 0.3,
        "occupied_gpu_memory_kb": 17726.5,
        "gpu_memory_usage_percent": 0.07,
        "gpu_memory_kb": 2782956.5
    },
    "training_summary": {
        "total_epochs": 1,
        "best_accuracy": 0.2639,
        "final_accuracy": 0.2639
    },
    "uid": "2e2418829f0cdfa85bffc4187c085f45"
}