{
    "config": {
        "task": "img-classification",
        "dataset": "cifar-10",
        "metric": "acc",
        "model": "GenFractalNet-b61c8d58cc1f98d4e63709e19a4efbc2"
    },
    "hyperparameters": {
        "lr": 0.005,
        "momentum": 0.95,
        "batch": 64,
        "epoch": 1,
        "transform": "norm_32_flip",
        "max_batches": null,
        "uid": "c3bab3e9931db53638d2791332ae0024",
        "duration": 36060092800,
        "accuracy": 0.5968,
        "train_loss": 1.1132093204561706,
        "test_loss": 1.1237429437363984,
        "train_accuracy": 0.59974,
        "gradient_norm": 1.7053751160687463,
        "samples_per_second": 1386.5889714794216,
        "best_accuracy": 0.5968,
        "best_epoch": 1,
        "cpu_type": "x86_64",
        "cpu_count": 128,
        "total_ram_kb": 263708948.0,
        "gpu_type": "NVIDIA GeForce RTX 3090",
        "gpu_total_memory_kb": 24703168.0,
        "occupied_ram_kb": 31114780.0,
        "ram_usage_percent": 13.5,
        "cpu_usage_percent": 10.3,
        "occupied_gpu_memory_kb": 20412.5,
        "gpu_memory_usage_percent": 0.08,
        "gpu_memory_kb": 5710255.0
    },
    "training_summary": {
        "total_epochs": 1,
        "best_accuracy": 0.5968,
        "final_accuracy": 0.5968
    },
    "uid": "b61c8d58cc1f98d4e63709e19a4efbc2"
}