{
    "eval_args": {
        "model_package": "/home/s497466/nn-gpt/out/nngpt/llm/epoch/A0/synth_nn/B25",
        "task": "img-classification",
        "dataset": "imagenette",
        "metric": "acc",
        "prm": {
            "lr": 0.01,
            "batch": 32,
            "dropout": 0.2,
            "momentum": 0.9,
            "transform": "norm_256_flip",
            "stochastic_depth_prob": 0.0,
            "norm_eps": 1e-05,
            "norm_std": 0.5,
            "tie_weights": 0.0,
            "dropout_aux": 0.0,
            "attention_dropout": 0.0,
            "norm_momentum": 0.1,
            "score_thresh": 0.01,
            "nms_thresh": 0.45,
            "iou_thresh": 0.5,
            "detections_per_img": 0.5,
            "topk_candidates": 0.5,
            "neg_to_pos_ratio": 0.5,
            "pretrained": 0.0,
            "patch_size": 0.125,
            "epoch": 1,
            "uid": "b9095d884c36ec05935d296b86e19df1",
            "duration": 107447437384,
            "duration_seconds": 107.45,
            "accuracy": 0.3131210191082803,
            "train_stat": {
                "train_loss": 1.9726355955459485,
                "test_loss": 2.6148271303835924,
                "train_accuracy": 0.3143943394233816,
                "gradient_norm": 2.9999998320747423,
                "samples_per_second": 88.13451097963863,
                "best_accuracy": 0.3131210191082803,
                "best_epoch": 1,
                "epoch_max": 1,
                "cpu_count": 128,
                "cpu_type": "x86_64",
                "cpu_usage_percent": 4.7,
                "total_ram_kb": 1056603672.0,
                "occupied_ram_kb": 181733564.0,
                "ram_usage_percent": 17.2,
                "gpu_type": "NVIDIA L40S",
                "gpu_memory_kb": 17296417.5,
                "gpu_total_memory_kb": 46550528.0,
                "occupied_gpu_memory_kb": 237497.5,
                "gpu_memory_usage_percent": 0.51
            },
            "metric_acc": 0.3131210191082803
        }
    },
    "eval_results": {
        "checksum": "FractalFusion-6b-b49002ce954c598990ff36426a204e3b",
        "accuracy": 0.3131210191082803,
        "full_result": "('FractalFusion-6b-b49002ce954c598990ff36426a204e3b', 0.3131210191082803, 0.1983490944941011, 0.57)"
    },
    "cli_args": {
        "task": "img-classification",
        "dataset": "imagenette",
        "metric": "acc",
        "lr": 0.01,
        "batch": 32,
        "dropout": 0.2,
        "momentum": 0.9,
        "transform": "norm_256_flip"
    }
}