{
    "config": {
        "task": "img-classification",
        "dataset": "cifar-10",
        "metric": "acc",
        "model": "GenFractalNet-2a362e40bddc4f1a4b7575567a45f5f4"
    },
    "hyperparameters": {
        "lr": 0.005,
        "momentum": 0.9,
        "batch": 64,
        "epoch": 1,
        "transform": "norm_32_flip",
        "max_batches": null,
        "uid": "2a64534394dffeddd8342f36ba57f478",
        "duration": 34100640493,
        "accuracy": 0.2282,
        "train_loss": 1.9193719573642896,
        "test_loss": 1.9185837879302396,
        "train_accuracy": 0.22872,
        "gradient_norm": 1.5667221526144182,
        "samples_per_second": 1466.258707551453,
        "best_accuracy": 0.2282,
        "best_epoch": 1,
        "cpu_type": "x86_64",
        "cpu_count": 32,
        "total_ram_kb": 131724388.0,
        "gpu_type": "NVIDIA GeForce RTX 3090",
        "gpu_total_memory_kb": 24703168.0,
        "occupied_ram_kb": 17418172.0,
        "ram_usage_percent": 15.5,
        "cpu_usage_percent": 0.3,
        "occupied_gpu_memory_kb": 17178.0,
        "gpu_memory_usage_percent": 0.07,
        "gpu_memory_kb": 6268638.0
    },
    "training_summary": {
        "total_epochs": 1,
        "best_accuracy": 0.2282,
        "final_accuracy": 0.2282
    },
    "uid": "2a362e40bddc4f1a4b7575567a45f5f4"
}