{
    "eval_args": {
        "model_package": "/home/s497466/nn-gpt/out/nngpt/llm/epoch/A0/synth_nn/B52",
        "task": "img-classification",
        "dataset": "imagenette",
        "metric": "acc",
        "prm": {
            "lr": 0.01,
            "batch": 32,
            "dropout": 0.2,
            "momentum": 0.9,
            "transform": "norm_256_flip",
            "stochastic_depth_prob": 0.0,
            "norm_eps": 1e-05,
            "norm_std": 0.5,
            "tie_weights": 0.0,
            "dropout_aux": 0.0,
            "attention_dropout": 0.0,
            "norm_momentum": 0.1,
            "score_thresh": 0.01,
            "nms_thresh": 0.45,
            "iou_thresh": 0.5,
            "detections_per_img": 0.5,
            "topk_candidates": 0.5,
            "neg_to_pos_ratio": 0.5,
            "pretrained": 0.0,
            "patch_size": 0.125,
            "epoch": 1,
            "uid": "b9095d884c36ec05935d296b86e19df1",
            "duration": 187004324811,
            "duration_seconds": 187.0,
            "accuracy": 0.3070063694267516,
            "train_stat": {
                "train_loss": 1.8645462485474662,
                "test_loss": 2.532153397071652,
                "train_accuracy": 0.34966733551589396,
                "gradient_norm": 2.999999912148878,
                "samples_per_second": 50.63775477544735,
                "best_accuracy": 0.3070063694267516,
                "best_epoch": 1,
                "epoch_max": 1,
                "cpu_count": 128,
                "cpu_type": "x86_64",
                "cpu_usage_percent": 5.2,
                "total_ram_kb": 1056603672.0,
                "occupied_ram_kb": 178254084.0,
                "ram_usage_percent": 16.9,
                "gpu_type": "NVIDIA L40S",
                "gpu_memory_kb": 22923929.0,
                "gpu_total_memory_kb": 46550528.0,
                "occupied_gpu_memory_kb": 281886.0,
                "gpu_memory_usage_percent": 0.61
            },
            "metric_acc": 0.3070063694267516
        }
    },
    "eval_results": {
        "checksum": "FractalFusion-6b-6d995316af58d915d06cde3d542af22b",
        "accuracy": 0.3070063694267516,
        "full_result": "('FractalFusion-6b-6d995316af58d915d06cde3d542af22b', 0.3070063694267516, 0.1106960331724772, 0.59)"
    },
    "cli_args": {
        "task": "img-classification",
        "dataset": "imagenette",
        "metric": "acc",
        "lr": 0.01,
        "batch": 32,
        "dropout": 0.2,
        "momentum": 0.9,
        "transform": "norm_256_flip"
    }
}