{
    "eval_args": {
        "model_package": "/home/s497466/nn-gpt/out/nngpt/llm/epoch/A0/synth_nn/B98",
        "task": "img-classification",
        "dataset": "imagenette",
        "metric": "acc",
        "prm": {
            "lr": 0.01,
            "batch": 32,
            "dropout": 0.2,
            "momentum": 0.9,
            "transform": "norm_256_flip",
            "stochastic_depth_prob": 0.0,
            "norm_eps": 1e-05,
            "norm_std": 0.5,
            "tie_weights": 0.0,
            "dropout_aux": 0.0,
            "attention_dropout": 0.0,
            "norm_momentum": 0.1,
            "score_thresh": 0.01,
            "nms_thresh": 0.45,
            "iou_thresh": 0.5,
            "detections_per_img": 0.5,
            "topk_candidates": 0.5,
            "neg_to_pos_ratio": 0.5,
            "pretrained": 0.0,
            "patch_size": 0.125,
            "epoch": 1,
            "uid": "b9095d884c36ec05935d296b86e19df1",
            "duration": 215394419568,
            "duration_seconds": 215.39,
            "accuracy": 0.3363057324840764,
            "train_stat": {
                "train_loss": 2.2686955708991086,
                "test_loss": 2.667161687602842,
                "train_accuracy": 0.23708944978350407,
                "gradient_norm": 2.999999766087412,
                "samples_per_second": 43.96338481513063,
                "best_accuracy": 0.3363057324840764,
                "best_epoch": 1,
                "epoch_max": 1,
                "cpu_count": 128,
                "cpu_type": "x86_64",
                "cpu_usage_percent": 15.1,
                "total_ram_kb": 1056603672.0,
                "occupied_ram_kb": 184090508.0,
                "ram_usage_percent": 17.4,
                "gpu_type": "NVIDIA L40S",
                "gpu_memory_kb": 27483911.5,
                "gpu_total_memory_kb": 46550528.0,
                "occupied_gpu_memory_kb": 300168.0,
                "gpu_memory_usage_percent": 0.64
            },
            "metric_acc": 0.3363057324840764
        }
    },
    "eval_results": {
        "checksum": "FractalFusion-2b-6f50f2c1189c55538d58d7dd792f4033",
        "accuracy": 0.3363057324840764,
        "full_result": "('FractalFusion-2b-6f50f2c1189c55538d58d7dd792f4033', 0.3363057324840764, 0.10970838193395012, 0.59)"
    },
    "cli_args": {
        "task": "img-classification",
        "dataset": "imagenette",
        "metric": "acc",
        "lr": 0.01,
        "batch": 32,
        "dropout": 0.2,
        "momentum": 0.9,
        "transform": "norm_256_flip"
    }
}