{
    "config": {
        "task": "img-classification",
        "dataset": "cifar-10",
        "metric": "acc",
        "model": "GenFractalNet-f9e900d2840cb137c59f5e1028149713"
    },
    "hyperparameters": {
        "lr": 0.002,
        "momentum": 0.85,
        "batch": 64,
        "epoch": 1,
        "transform": "norm_32_flip",
        "max_batches": null,
        "uid": "afe2b82b64cacdd9e39aafaf3952d9ac",
        "duration": 35580645886,
        "accuracy": 0.4074,
        "train_loss": 1.5587143769959355,
        "test_loss": 1.5589437925132217,
        "train_accuracy": 0.40398,
        "gradient_norm": 1.7317467273349816,
        "samples_per_second": 1405.2718631677012,
        "best_accuracy": 0.4074,
        "best_epoch": 1,
        "cpu_type": "x86_64",
        "cpu_count": 32,
        "total_ram_kb": 131724388.0,
        "gpu_type": "NVIDIA GeForce RTX 4090",
        "gpu_total_memory_kb": 24658816.0,
        "occupied_ram_kb": 17103756.0,
        "ram_usage_percent": 15.3,
        "cpu_usage_percent": 0.6,
        "occupied_gpu_memory_kb": 96861.0,
        "gpu_memory_usage_percent": 0.39,
        "gpu_memory_kb": 4585198.5
    },
    "training_summary": {
        "total_epochs": 1,
        "best_accuracy": 0.4074,
        "final_accuracy": 0.4074
    },
    "uid": "f9e900d2840cb137c59f5e1028149713"
}