{
    "config": {
        "task": "img-classification",
        "dataset": "cifar-10",
        "metric": "acc",
        "model": "GenFractalNet-8b8d7a65401574c5a061cf49d00847f5"
    },
    "hyperparameters": {
        "lr": 0.01,
        "momentum": 0.95,
        "batch": 64,
        "epoch": 1,
        "transform": "norm_32_flip",
        "max_batches": null,
        "uid": "7e0d9d3a4af27bbe52d1557a4daae329",
        "duration": 39591062979,
        "accuracy": 0.4878,
        "train_loss": 1.3939744683787645,
        "test_loss": 1.398753074324055,
        "train_accuracy": 0.49338,
        "gradient_norm": 0.6500420089297156,
        "samples_per_second": 1262.935934007004,
        "best_accuracy": 0.4878,
        "best_epoch": 1,
        "cpu_type": "x86_64",
        "cpu_count": 128,
        "total_ram_kb": 263708948.0,
        "gpu_type": "NVIDIA GeForce RTX 3090",
        "gpu_total_memory_kb": 24703168.0,
        "occupied_ram_kb": 33734016.0,
        "ram_usage_percent": 14.6,
        "cpu_usage_percent": 5.0,
        "occupied_gpu_memory_kb": 47218.5,
        "gpu_memory_usage_percent": 0.19,
        "gpu_memory_kb": 6266059.5
    },
    "training_summary": {
        "total_epochs": 1,
        "best_accuracy": 0.4878,
        "final_accuracy": 0.4878
    },
    "uid": "8b8d7a65401574c5a061cf49d00847f5"
}