{
    "config": {
        "task": "img-classification",
        "dataset": "cifar-10",
        "metric": "acc",
        "model": "GenFractalNet-b7ad177d526040ab395726bf07b45a72"
    },
    "hyperparameters": {
        "lr": 0.003,
        "momentum": 0.75,
        "batch": 64,
        "epoch": 1,
        "transform": "norm_32_flip",
        "max_batches": null,
        "uid": "a63387910132d79fd15b7eb6df3c7f86",
        "duration": 34597191641,
        "accuracy": 0.3805,
        "train_loss": 1.633315234080605,
        "test_loss": 1.6417545634470168,
        "train_accuracy": 0.38114,
        "gradient_norm": 0.8606789464200689,
        "samples_per_second": 1445.2127733680675,
        "best_accuracy": 0.3805,
        "best_epoch": 1,
        "cpu_type": "x86_64",
        "cpu_count": 32,
        "total_ram_kb": 131724388.0,
        "gpu_type": "NVIDIA GeForce RTX 3090",
        "gpu_total_memory_kb": 24703168.0,
        "occupied_ram_kb": 17261008.0,
        "ram_usage_percent": 15.4,
        "cpu_usage_percent": 0.3,
        "occupied_gpu_memory_kb": 19218.5,
        "gpu_memory_usage_percent": 0.08,
        "gpu_memory_kb": 4411018.0
    },
    "training_summary": {
        "total_epochs": 1,
        "best_accuracy": 0.3805,
        "final_accuracy": 0.3805
    },
    "uid": "b7ad177d526040ab395726bf07b45a72"
}