{
    "config": {
        "task": "img-classification",
        "dataset": "cifar-10",
        "metric": "acc",
        "model": "GenFractalNet-1d29afcd214dd108e301265c93cc00d2"
    },
    "hyperparameters": {
        "lr": 0.002,
        "momentum": 0.95,
        "batch": 64,
        "epoch": 1,
        "transform": "norm_32_flip",
        "max_batches": null,
        "uid": "5d4cbfc901888801ca1aca78f120bc98",
        "duration": 33230225915,
        "accuracy": 0.3667,
        "train_loss": 1.7182390901743603,
        "test_loss": 1.7177731368192442,
        "train_accuracy": 0.36412,
        "gradient_norm": 1.812945651698307,
        "samples_per_second": 1504.663219508429,
        "best_accuracy": 0.3667,
        "best_epoch": 1,
        "cpu_type": "x86_64",
        "cpu_count": 32,
        "total_ram_kb": 131724388.0,
        "gpu_type": "NVIDIA GeForce RTX 3090",
        "gpu_total_memory_kb": 24703168.0,
        "occupied_ram_kb": 17247784.0,
        "ram_usage_percent": 15.4,
        "cpu_usage_percent": 0.3,
        "occupied_gpu_memory_kb": 17951.0,
        "gpu_memory_usage_percent": 0.07,
        "gpu_memory_kb": 6268638.0
    },
    "training_summary": {
        "total_epochs": 1,
        "best_accuracy": 0.3667,
        "final_accuracy": 0.3667
    },
    "uid": "1d29afcd214dd108e301265c93cc00d2"
}