{
    "config": {
        "task": "img-classification",
        "dataset": "cifar-10",
        "metric": "acc",
        "model": "GenFractalNet-3596298553c1698652cca637cc4c0199"
    },
    "hyperparameters": {
        "lr": 0.001,
        "momentum": 0.9,
        "batch": 64,
        "epoch": 1,
        "transform": "norm_32_flip",
        "max_batches": null,
        "uid": "844fa18fcaaac2a828a4ea18152f334d",
        "duration": 33048306541,
        "accuracy": 0.4832,
        "train_loss": 1.424422423552979,
        "test_loss": 1.4308804387499572,
        "train_accuracy": 0.49168,
        "gradient_norm": 2.999999651681625,
        "samples_per_second": 1512.9471503282432,
        "best_accuracy": 0.4832,
        "best_epoch": 1,
        "cpu_type": "x86_64",
        "cpu_count": 32,
        "total_ram_kb": 131724388.0,
        "gpu_type": "NVIDIA GeForce RTX 3090",
        "gpu_total_memory_kb": 24703168.0,
        "occupied_ram_kb": 17102284.0,
        "ram_usage_percent": 15.2,
        "cpu_usage_percent": 0.0,
        "occupied_gpu_memory_kb": 47017.0,
        "gpu_memory_usage_percent": 0.19,
        "gpu_memory_kb": 5182624.5
    },
    "training_summary": {
        "total_epochs": 1,
        "best_accuracy": 0.4832,
        "final_accuracy": 0.4832
    },
    "uid": "3596298553c1698652cca637cc4c0199"
}