{
    "config": {
        "task": "img-classification",
        "dataset": "cifar-10",
        "metric": "acc",
        "model": "GenFractalNet-a63b764421f0af66ac04dc96fe4b0bb5"
    },
    "hyperparameters": {
        "lr": 0.003,
        "momentum": 0.92,
        "batch": 64,
        "epoch": 1,
        "transform": "norm_32_flip",
        "max_batches": null,
        "uid": "69a6050c3922e50596d976d13608a704",
        "duration": 40239522858,
        "accuracy": 0.3711,
        "train_loss": 1.6673835134872086,
        "test_loss": 1.666894704672941,
        "train_accuracy": 0.37562,
        "gradient_norm": 0.3607973634170348,
        "samples_per_second": 1242.5727832776222,
        "best_accuracy": 0.3711,
        "best_epoch": 1,
        "cpu_type": "x86_64",
        "cpu_count": 32,
        "total_ram_kb": 131724388.0,
        "gpu_type": "NVIDIA GeForce RTX 3090",
        "gpu_total_memory_kb": 24703168.0,
        "occupied_ram_kb": 17306532.0,
        "ram_usage_percent": 15.4,
        "cpu_usage_percent": 0.3,
        "occupied_gpu_memory_kb": 136164.0,
        "gpu_memory_usage_percent": 0.55,
        "gpu_memory_kb": 4434780.0
    },
    "training_summary": {
        "total_epochs": 1,
        "best_accuracy": 0.3711,
        "final_accuracy": 0.3711
    },
    "uid": "a63b764421f0af66ac04dc96fe4b0bb5"
}