{
    "config": {
        "task": "img-classification",
        "dataset": "cifar-10",
        "metric": "acc",
        "model": "GenFractalNet-c7e6e78551a8215b4283c341dbfe955e"
    },
    "hyperparameters": {
        "lr": 0.001,
        "momentum": 0.95,
        "batch": 64,
        "epoch": 1,
        "transform": "norm_32_flip",
        "max_batches": null,
        "uid": "413233aa5202d01e749eded26a1af0b4",
        "duration": 35177990884,
        "accuracy": 0.384,
        "train_loss": 1.6258990664006499,
        "test_loss": 1.6199205688610199,
        "train_accuracy": 0.38818,
        "gradient_norm": 0.5884620980664793,
        "samples_per_second": 1421.3560779383336,
        "best_accuracy": 0.384,
        "best_epoch": 1,
        "cpu_type": "x86_64",
        "cpu_count": 128,
        "total_ram_kb": 263708948.0,
        "gpu_type": "NVIDIA GeForce RTX 3090",
        "gpu_total_memory_kb": 24703168.0,
        "occupied_ram_kb": 32167244.0,
        "ram_usage_percent": 14.0,
        "cpu_usage_percent": 5.6,
        "occupied_gpu_memory_kb": 21759.0,
        "gpu_memory_usage_percent": 0.09,
        "gpu_memory_kb": 6272025.5
    },
    "training_summary": {
        "total_epochs": 1,
        "best_accuracy": 0.384,
        "final_accuracy": 0.384
    },
    "uid": "c7e6e78551a8215b4283c341dbfe955e"
}