{
    "config": {
        "task": "img-classification",
        "dataset": "cifar-10",
        "metric": "acc",
        "model": "GenFractalNet-3190506e1376d38b3323a15ba14b11f3"
    },
    "hyperparameters": {
        "lr": 0.01,
        "momentum": 0.9,
        "batch": 64,
        "epoch": 1,
        "transform": "norm_32_flip",
        "max_batches": null,
        "uid": "fddd85ed21879149faee86627a9f4554",
        "duration": 33363484177,
        "accuracy": 0.6116,
        "train_loss": 1.055628271054124,
        "test_loss": 1.073643490387376,
        "train_accuracy": 0.6233,
        "gradient_norm": 1.2617264141846194,
        "samples_per_second": 1498.6566756568511,
        "best_accuracy": 0.6116,
        "best_epoch": 1,
        "cpu_type": "x86_64",
        "cpu_count": 32,
        "total_ram_kb": 131724388.0,
        "gpu_type": "NVIDIA GeForce RTX 4090",
        "gpu_total_memory_kb": 24658816.0,
        "occupied_ram_kb": 17409488.0,
        "ram_usage_percent": 15.5,
        "cpu_usage_percent": 0.0,
        "occupied_gpu_memory_kb": 21387.0,
        "gpu_memory_usage_percent": 0.09,
        "gpu_memory_kb": 6272025.5
    },
    "training_summary": {
        "total_epochs": 1,
        "best_accuracy": 0.6116,
        "final_accuracy": 0.6116
    },
    "uid": "3190506e1376d38b3323a15ba14b11f3"
}