{
    "config": {
        "task": "img-classification",
        "dataset": "cifar-10",
        "metric": "acc",
        "model": "GenFractalNet-917ff800c35b23ce4cb873356d5247e6"
    },
    "hyperparameters": {
        "lr": 0.005,
        "momentum": 0.9,
        "batch": 64,
        "epoch": 1,
        "transform": "norm_32_flip",
        "max_batches": null,
        "uid": "2a64534394dffeddd8342f36ba57f478",
        "duration": 37082191512,
        "accuracy": 0.485,
        "train_loss": 1.3756026819996212,
        "test_loss": 1.3783223993459326,
        "train_accuracy": 0.4926,
        "gradient_norm": 0.5180920878372117,
        "samples_per_second": 1348.374468653314,
        "best_accuracy": 0.485,
        "best_epoch": 1,
        "cpu_type": "x86_64",
        "cpu_count": 32,
        "total_ram_kb": 131724388.0,
        "gpu_type": "NVIDIA GeForce RTX 3090",
        "gpu_total_memory_kb": 24703168.0,
        "occupied_ram_kb": 17085872.0,
        "ram_usage_percent": 15.2,
        "cpu_usage_percent": 0.0,
        "occupied_gpu_memory_kb": 17941.0,
        "gpu_memory_usage_percent": 0.07,
        "gpu_memory_kb": 5182624.5
    },
    "training_summary": {
        "total_epochs": 1,
        "best_accuracy": 0.485,
        "final_accuracy": 0.485
    },
    "uid": "917ff800c35b23ce4cb873356d5247e6"
}