{
    "config": {
        "task": "img-classification",
        "dataset": "cifar-10",
        "metric": "acc",
        "model": "GenFractalNet-38ef7a0a4d3c0f4e65948a3f656956c7"
    },
    "hyperparameters": {
        "lr": 0.003,
        "momentum": 0.95,
        "batch": 64,
        "epoch": 1,
        "transform": "norm_32_flip",
        "max_batches": null,
        "uid": "9ea869fde7b3127470ef4c9a9f95d4c3",
        "duration": 34093415253,
        "accuracy": 0.3036,
        "train_loss": 1.8818856151512517,
        "test_loss": 1.8700946698522871,
        "train_accuracy": 0.30462,
        "gradient_norm": 0.4815274160411107,
        "samples_per_second": 1466.5745127441994,
        "best_accuracy": 0.3036,
        "best_epoch": 1,
        "cpu_type": "x86_64",
        "cpu_count": 128,
        "total_ram_kb": 263708948.0,
        "gpu_type": "NVIDIA GeForce RTX 3090",
        "gpu_total_memory_kb": 24703168.0,
        "occupied_ram_kb": 21103556.0,
        "ram_usage_percent": 11.1,
        "cpu_usage_percent": 0.8,
        "occupied_gpu_memory_kb": 24189.0,
        "gpu_memory_usage_percent": 0.1,
        "gpu_memory_kb": 2296924.5
    },
    "training_summary": {
        "total_epochs": 1,
        "best_accuracy": 0.3036,
        "final_accuracy": 0.3036
    },
    "uid": "38ef7a0a4d3c0f4e65948a3f656956c7"
}