{
    "config": {
        "task": "img-classification",
        "dataset": "cifar-10",
        "metric": "acc",
        "model": "GenFractalNet-882716070a0dc83057c320c379b2747c"
    },
    "hyperparameters": {
        "lr": 0.01,
        "momentum": 0.85,
        "batch": 64,
        "epoch": 1,
        "transform": "norm_32_flip",
        "max_batches": null,
        "uid": "9a0ac318ff9595fe2f49aa22f8b190c4",
        "duration": 31862072082,
        "accuracy": 0.4294,
        "train_loss": 1.531127528766232,
        "test_loss": 1.5277284148392405,
        "train_accuracy": 0.43186,
        "gradient_norm": 0.5910117499303191,
        "samples_per_second": 1569.274259108702,
        "best_accuracy": 0.4294,
        "best_epoch": 1,
        "cpu_type": "x86_64",
        "cpu_count": 128,
        "total_ram_kb": 263708948.0,
        "gpu_type": "NVIDIA GeForce RTX 3090",
        "gpu_total_memory_kb": 24703168.0,
        "occupied_ram_kb": 21080364.0,
        "ram_usage_percent": 11.2,
        "cpu_usage_percent": 1.3,
        "occupied_gpu_memory_kb": 17063.0,
        "gpu_memory_usage_percent": 0.07,
        "gpu_memory_kb": 5784103.5
    },
    "training_summary": {
        "total_epochs": 1,
        "best_accuracy": 0.4294,
        "final_accuracy": 0.4294
    },
    "uid": "882716070a0dc83057c320c379b2747c"
}