{
    "config": {
        "task": "img-classification",
        "dataset": "cifar-10",
        "metric": "acc",
        "model": "GenFractalNet-e15403f5b16c751685784050c32388ff"
    },
    "hyperparameters": {
        "lr": 0.005,
        "momentum": 0.75,
        "batch": 64,
        "epoch": 1,
        "transform": "norm_32_flip",
        "max_batches": null,
        "uid": "53491a4d36a6cc19b8a31ca7d743eb4c",
        "duration": 38467358137,
        "accuracy": 0.4458,
        "train_loss": 1.4670847689404207,
        "test_loss": 1.4730979834392572,
        "train_accuracy": 0.44898,
        "gradient_norm": 0.5495231715261315,
        "samples_per_second": 1299.8173444596882,
        "best_accuracy": 0.4458,
        "best_epoch": 1,
        "cpu_type": "x86_64",
        "cpu_count": 128,
        "total_ram_kb": 263708948.0,
        "gpu_type": "NVIDIA GeForce RTX 3090",
        "gpu_total_memory_kb": 24703168.0,
        "occupied_ram_kb": 21008436.0,
        "ram_usage_percent": 11.1,
        "cpu_usage_percent": 0.9,
        "occupied_gpu_memory_kb": 100513.0,
        "gpu_memory_usage_percent": 0.41,
        "gpu_memory_kb": 5087960.0
    },
    "training_summary": {
        "total_epochs": 1,
        "best_accuracy": 0.4458,
        "final_accuracy": 0.4458
    },
    "uid": "e15403f5b16c751685784050c32388ff"
}