{
    "config": {
        "task": "img-classification",
        "dataset": "cifar-10",
        "metric": "acc",
        "model": "GenFractalNet-483f2e886b89963bec818f3809286811"
    },
    "hyperparameters": {
        "lr": 0.01,
        "momentum": 0.8,
        "batch": 64,
        "epoch": 1,
        "transform": "norm_32_flip",
        "max_batches": null,
        "uid": "cac9e1582511f93cefcb9518dad95595",
        "duration": 34224755408,
        "accuracy": 0.5023,
        "train_loss": 1.3125903373179229,
        "test_loss": 1.3330835624105613,
        "train_accuracy": 0.51578,
        "gradient_norm": 1.7689417871261774,
        "samples_per_second": 1460.9403534230964,
        "best_accuracy": 0.5023,
        "best_epoch": 1,
        "cpu_type": "x86_64",
        "cpu_count": 32,
        "total_ram_kb": 131724388.0,
        "gpu_type": "NVIDIA GeForce RTX 4090",
        "gpu_total_memory_kb": 24658816.0,
        "occupied_ram_kb": 17218928.0,
        "ram_usage_percent": 15.4,
        "cpu_usage_percent": 0.3,
        "occupied_gpu_memory_kb": 19218.5,
        "gpu_memory_usage_percent": 0.08,
        "gpu_memory_kb": 5660059.5
    },
    "training_summary": {
        "total_epochs": 1,
        "best_accuracy": 0.5023,
        "final_accuracy": 0.5023
    },
    "uid": "483f2e886b89963bec818f3809286811"
}