{
    "config": {
        "task": "img-classification",
        "dataset": "cifar-10",
        "metric": "acc",
        "model": "GenFractalNet-4544820c07c6b057c0652f4f499cb09d"
    },
    "hyperparameters": {
        "lr": 0.005,
        "momentum": 0.9,
        "batch": 64,
        "epoch": 1,
        "transform": "norm_32_flip",
        "max_batches": null,
        "uid": "2a64534394dffeddd8342f36ba57f478",
        "duration": 36154673795,
        "accuracy": 0.2008,
        "train_loss": 2.2409622126528066,
        "test_loss": 2.2416113121494368,
        "train_accuracy": 0.20578,
        "gradient_norm": 2.9999991201990466,
        "samples_per_second": 1382.9744452404864,
        "best_accuracy": 0.2008,
        "best_epoch": 1,
        "cpu_type": "x86_64",
        "cpu_count": 128,
        "total_ram_kb": 263708948.0,
        "gpu_type": "NVIDIA GeForce RTX 3090",
        "gpu_total_memory_kb": 24703168.0,
        "occupied_ram_kb": 33213244.0,
        "ram_usage_percent": 14.3,
        "cpu_usage_percent": 6.5,
        "occupied_gpu_memory_kb": 21691.0,
        "gpu_memory_usage_percent": 0.09,
        "gpu_memory_kb": 2247227.5
    },
    "training_summary": {
        "total_epochs": 1,
        "best_accuracy": 0.2008,
        "final_accuracy": 0.2008
    },
    "uid": "4544820c07c6b057c0652f4f499cb09d"
}