{
    "config": {
        "task": "img-classification",
        "dataset": "cifar-10",
        "metric": "acc",
        "model": "GenFractalNet-28cd5bd76022e41d821283e4aec334c8"
    },
    "hyperparameters": {
        "lr": 0.01,
        "momentum": 0.75,
        "batch": 64,
        "epoch": 1,
        "transform": "norm_32_flip",
        "max_batches": null,
        "uid": "d091050f01990917d03203023019d417",
        "duration": 33479563964,
        "accuracy": 0.3847,
        "train_loss": 1.6645892675575393,
        "test_loss": 1.6591619822629697,
        "train_accuracy": 0.38108,
        "gradient_norm": 0.47227418064038923,
        "samples_per_second": 1493.4589001270058,
        "best_accuracy": 0.3847,
        "best_epoch": 1,
        "cpu_type": "x86_64",
        "cpu_count": 32,
        "total_ram_kb": 131724388.0,
        "gpu_type": "NVIDIA GeForce RTX 4090",
        "gpu_total_memory_kb": 24658816.0,
        "occupied_ram_kb": 17260732.0,
        "ram_usage_percent": 15.4,
        "cpu_usage_percent": 0.0,
        "occupied_gpu_memory_kb": 42589.5,
        "gpu_memory_usage_percent": 0.17,
        "gpu_memory_kb": 5131404.0
    },
    "training_summary": {
        "total_epochs": 1,
        "best_accuracy": 0.3847,
        "final_accuracy": 0.3847
    },
    "uid": "28cd5bd76022e41d821283e4aec334c8"
}