{
    "config": {
        "task": "img-classification",
        "dataset": "cifar-10",
        "metric": "acc",
        "model": "GenFractalNet-1bdb5f55192249d225dab44eeef94760"
    },
    "hyperparameters": {
        "lr": 0.002,
        "momentum": 0.95,
        "batch": 64,
        "epoch": 1,
        "transform": "norm_32_flip",
        "max_batches": null,
        "uid": "5d4cbfc901888801ca1aca78f120bc98",
        "duration": 42793606080,
        "accuracy": 0.2836,
        "train_loss": 1.9368965025143245,
        "test_loss": 1.9333519343357937,
        "train_accuracy": 0.2832,
        "gradient_norm": 2.1178007502307694,
        "samples_per_second": 1168.4074118204026,
        "best_accuracy": 0.2836,
        "best_epoch": 1,
        "cpu_type": "x86_64",
        "cpu_count": 128,
        "total_ram_kb": 263708948.0,
        "gpu_type": "NVIDIA GeForce RTX 3090",
        "gpu_total_memory_kb": 24703168.0,
        "occupied_ram_kb": 35422100.0,
        "ram_usage_percent": 15.2,
        "cpu_usage_percent": 5.8,
        "occupied_gpu_memory_kb": 39167.5,
        "gpu_memory_usage_percent": 0.16,
        "gpu_memory_kb": 5542616.0
    },
    "training_summary": {
        "total_epochs": 1,
        "best_accuracy": 0.2836,
        "final_accuracy": 0.2836
    },
    "uid": "1bdb5f55192249d225dab44eeef94760"
}