{
    "config": {
        "task": "img-classification",
        "dataset": "cifar-10",
        "metric": "acc",
        "model": "GenFractalNet-1043f50cb676e738b1549a05d9448e31"
    },
    "hyperparameters": {
        "lr": 0.01,
        "momentum": 0.92,
        "batch": 64,
        "epoch": 1,
        "transform": "norm_32_flip",
        "max_batches": null,
        "uid": "fb90a55754624e15cc974013a9a25d1f",
        "duration": 32035516445,
        "accuracy": 0.4473,
        "train_loss": 1.4831118504409595,
        "test_loss": 1.4890879050941224,
        "train_accuracy": 0.45298,
        "gradient_norm": 2.146892710970268,
        "samples_per_second": 1560.7782037226957,
        "best_accuracy": 0.4473,
        "best_epoch": 1,
        "cpu_type": "x86_64",
        "cpu_count": 128,
        "total_ram_kb": 263708948.0,
        "gpu_type": "NVIDIA GeForce RTX 3090",
        "gpu_total_memory_kb": 24703168.0,
        "occupied_ram_kb": 21385500.0,
        "ram_usage_percent": 10.0,
        "cpu_usage_percent": 0.9,
        "occupied_gpu_memory_kb": 16837.0,
        "gpu_memory_usage_percent": 0.07,
        "gpu_memory_kb": 6272893.5
    },
    "training_summary": {
        "total_epochs": 1,
        "best_accuracy": 0.4473,
        "final_accuracy": 0.4473
    },
    "uid": "1043f50cb676e738b1549a05d9448e31"
}