{
    "config": {
        "task": "img-classification",
        "dataset": "cifar-10",
        "metric": "acc",
        "model": "GenFractalNet-df00a1518ef9b30f0dc9d5554c990c06"
    },
    "hyperparameters": {
        "lr": 0.005,
        "momentum": 0.95,
        "batch": 64,
        "epoch": 1,
        "transform": "norm_32_flip",
        "max_batches": null,
        "uid": "c3bab3e9931db53638d2791332ae0024",
        "duration": 34217050207,
        "accuracy": 0.5555,
        "train_loss": 1.2147434454439852,
        "test_loss": 1.2304817567205732,
        "train_accuracy": 0.55848,
        "gradient_norm": 2.1808964123604864,
        "samples_per_second": 1461.270603472123,
        "best_accuracy": 0.5555,
        "best_epoch": 1,
        "cpu_type": "x86_64",
        "cpu_count": 32,
        "total_ram_kb": 131724388.0,
        "gpu_type": "NVIDIA GeForce RTX 4090",
        "gpu_total_memory_kb": 24658816.0,
        "occupied_ram_kb": 17307756.0,
        "ram_usage_percent": 15.5,
        "cpu_usage_percent": 0.0,
        "occupied_gpu_memory_kb": 18235.0,
        "gpu_memory_usage_percent": 0.07,
        "gpu_memory_kb": 5660059.5
    },
    "training_summary": {
        "total_epochs": 1,
        "best_accuracy": 0.5555,
        "final_accuracy": 0.5555
    },
    "uid": "df00a1518ef9b30f0dc9d5554c990c06"
}