{
    "config": {
        "task": "img-classification",
        "dataset": "cifar-10",
        "metric": "acc",
        "model": "GenFractalNet-8293f04355db9311c166139d7a5a87a8"
    },
    "hyperparameters": {
        "lr": 0.005,
        "momentum": 0.9,
        "batch": 64,
        "epoch": 1,
        "transform": "norm_32_flip",
        "max_batches": null,
        "uid": "2a64534394dffeddd8342f36ba57f478",
        "duration": 33109631826,
        "accuracy": 0.4497,
        "train_loss": 1.535261036337489,
        "test_loss": 1.5228329820997397,
        "train_accuracy": 0.45124,
        "gradient_norm": 2.014822504250855,
        "samples_per_second": 1510.1431987265742,
        "best_accuracy": 0.4497,
        "best_epoch": 1,
        "cpu_type": "x86_64",
        "cpu_count": 32,
        "total_ram_kb": 131724388.0,
        "gpu_type": "NVIDIA GeForce RTX 3090",
        "gpu_total_memory_kb": 24703168.0,
        "occupied_ram_kb": 17495216.0,
        "ram_usage_percent": 15.6,
        "cpu_usage_percent": 0.0,
        "occupied_gpu_memory_kb": 18342.0,
        "gpu_memory_usage_percent": 0.07,
        "gpu_memory_kb": 6268638.0
    },
    "training_summary": {
        "total_epochs": 1,
        "best_accuracy": 0.4497,
        "final_accuracy": 0.4497
    },
    "uid": "8293f04355db9311c166139d7a5a87a8"
}