{
    "eval_args": {
        "model_package": "/home/s497466/nn-gpt/out/nngpt/llm/epoch/A0/synth_nn/B11",
        "task": "img-classification",
        "dataset": "imagenette",
        "metric": "acc",
        "prm": {
            "lr": 0.01,
            "batch": 32,
            "dropout": 0.2,
            "momentum": 0.9,
            "transform": "norm_256_flip",
            "stochastic_depth_prob": 0.0,
            "norm_eps": 1e-05,
            "norm_std": 0.5,
            "tie_weights": 0.0,
            "dropout_aux": 0.0,
            "attention_dropout": 0.0,
            "norm_momentum": 0.1,
            "score_thresh": 0.01,
            "nms_thresh": 0.45,
            "iou_thresh": 0.5,
            "detections_per_img": 0.5,
            "topk_candidates": 0.5,
            "neg_to_pos_ratio": 0.5,
            "pretrained": 0.0,
            "patch_size": 0.125,
            "epoch": 1,
            "uid": "b9095d884c36ec05935d296b86e19df1",
            "duration": 259309772321,
            "duration_seconds": 259.31,
            "accuracy": 0.27337579617834395,
            "train_stat": {
                "train_loss": 2.248447819375,
                "test_loss": 2.430016794340397,
                "train_accuracy": 0.2479670503749076,
                "gradient_norm": 2.999999710085577,
                "samples_per_second": 36.51744139466686,
                "best_accuracy": 0.27337579617834395,
                "best_epoch": 1,
                "epoch_max": 1,
                "cpu_count": 128,
                "cpu_type": "x86_64",
                "cpu_usage_percent": 16.3,
                "total_ram_kb": 1056603668.0,
                "occupied_ram_kb": 164055792.0,
                "ram_usage_percent": 15.5,
                "gpu_type": "NVIDIA L40S",
                "gpu_memory_kb": 19191799.5,
                "gpu_total_memory_kb": 46550528.0,
                "occupied_gpu_memory_kb": 252916.5,
                "gpu_memory_usage_percent": 0.54
            },
            "metric_acc": 0.27337579617834395
        }
    },
    "eval_results": {
        "checksum": "FractalFusion-4b-0f722cdbd73a2cb019cdf63680761696",
        "accuracy": 0.27337579617834395,
        "full_result": "('FractalFusion-4b-0f722cdbd73a2cb019cdf63680761696', 0.27337579617834395, 0.06686049454538942, 0.57)"
    },
    "cli_args": {
        "task": "img-classification",
        "dataset": "imagenette",
        "metric": "acc",
        "lr": 0.01,
        "batch": 32,
        "dropout": 0.2,
        "momentum": 0.9,
        "transform": "norm_256_flip"
    }
}