{
    "config": {
        "task": "img-classification",
        "dataset": "cifar-10",
        "metric": "acc",
        "model": "GenFractalNet-a1838cea3ca34037ba37a5c32f88ef54"
    },
    "hyperparameters": {
        "lr": 0.003,
        "momentum": 0.92,
        "batch": 64,
        "epoch": 1,
        "transform": "norm_32_flip",
        "max_batches": null,
        "uid": "69a6050c3922e50596d976d13608a704",
        "duration": 38828596958,
        "accuracy": 0.2987,
        "train_loss": 1.8703024683096219,
        "test_loss": 1.8689754297778864,
        "train_accuracy": 0.29222,
        "gradient_norm": 0.3643523238179844,
        "samples_per_second": 1287.7212718519665,
        "best_accuracy": 0.2987,
        "best_epoch": 1,
        "cpu_type": "x86_64",
        "cpu_count": 128,
        "total_ram_kb": 263708948.0,
        "gpu_type": "NVIDIA GeForce RTX 3090",
        "gpu_total_memory_kb": 24703168.0,
        "occupied_ram_kb": 21181540.0,
        "ram_usage_percent": 11.2,
        "cpu_usage_percent": 1.4,
        "occupied_gpu_memory_kb": 44556.0,
        "gpu_memory_usage_percent": 0.18,
        "gpu_memory_kb": 4333376.5
    },
    "training_summary": {
        "total_epochs": 1,
        "best_accuracy": 0.2987,
        "final_accuracy": 0.2987
    },
    "uid": "a1838cea3ca34037ba37a5c32f88ef54"
}