{
    "config": {
        "task": "img-classification",
        "dataset": "cifar-10",
        "metric": "acc",
        "model": "GenFractalNet-260092b97dc6236bfb24fae5e54c6d4f"
    },
    "hyperparameters": {
        "lr": 0.005,
        "momentum": 0.95,
        "batch": 64,
        "epoch": 1,
        "transform": "norm_32_flip",
        "max_batches": null,
        "uid": "c3bab3e9931db53638d2791332ae0024",
        "duration": 43276497313,
        "accuracy": 0.3581,
        "train_loss": 1.7013098112762433,
        "test_loss": 1.7027452812073336,
        "train_accuracy": 0.35978,
        "gradient_norm": 0.37999546056990713,
        "samples_per_second": 1155.3736070980779,
        "best_accuracy": 0.3581,
        "best_epoch": 1,
        "cpu_type": "x86_64",
        "cpu_count": 128,
        "total_ram_kb": 263708948.0,
        "gpu_type": "NVIDIA GeForce RTX 3090",
        "gpu_total_memory_kb": 24703168.0,
        "occupied_ram_kb": 34957912.0,
        "ram_usage_percent": 15.0,
        "cpu_usage_percent": 4.7,
        "occupied_gpu_memory_kb": 101008.5,
        "gpu_memory_usage_percent": 0.41,
        "gpu_memory_kb": 5542616.0
    },
    "training_summary": {
        "total_epochs": 1,
        "best_accuracy": 0.3581,
        "final_accuracy": 0.3581
    },
    "uid": "260092b97dc6236bfb24fae5e54c6d4f"
}