{
    "config": {
        "task": "img-classification",
        "dataset": "cifar-10",
        "metric": "acc",
        "model": "GenFractalNet-7f3832a049b7715b28209852dfda4b73"
    },
    "hyperparameters": {
        "lr": 0.005,
        "momentum": 0.95,
        "batch": 64,
        "epoch": 1,
        "transform": "norm_32_flip",
        "max_batches": null,
        "uid": "c3bab3e9931db53638d2791332ae0024",
        "duration": 35767628068,
        "accuracy": 0.5836,
        "train_loss": 1.13521447175604,
        "test_loss": 1.1610887631489213,
        "train_accuracy": 0.59654,
        "gradient_norm": 2.9999996392257247,
        "samples_per_second": 1397.920708503818,
        "best_accuracy": 0.5836,
        "best_epoch": 1,
        "cpu_type": "x86_64",
        "cpu_count": 128,
        "total_ram_kb": 263708948.0,
        "gpu_type": "NVIDIA GeForce RTX 3090",
        "gpu_total_memory_kb": 24703168.0,
        "occupied_ram_kb": 29679736.0,
        "ram_usage_percent": 13.0,
        "cpu_usage_percent": 6.3,
        "occupied_gpu_memory_kb": 47476.0,
        "gpu_memory_usage_percent": 0.19,
        "gpu_memory_kb": 6272893.5
    },
    "training_summary": {
        "total_epochs": 1,
        "best_accuracy": 0.5836,
        "final_accuracy": 0.5836
    },
    "uid": "7f3832a049b7715b28209852dfda4b73"
}