{
    "eval_args": {
        "model_package": "/home/s497466/nn-gpt/out/nngpt/llm/epoch/A0/synth_nn/B95",
        "task": "img-classification",
        "dataset": "imagenette",
        "metric": "acc",
        "prm": {
            "lr": 0.01,
            "batch": 32,
            "dropout": 0.2,
            "momentum": 0.9,
            "transform": "norm_256_flip",
            "stochastic_depth_prob": 0.0,
            "norm_eps": 1e-05,
            "norm_std": 0.5,
            "tie_weights": 0.0,
            "dropout_aux": 0.0,
            "attention_dropout": 0.0,
            "norm_momentum": 0.1,
            "score_thresh": 0.01,
            "nms_thresh": 0.45,
            "iou_thresh": 0.5,
            "detections_per_img": 0.5,
            "topk_candidates": 0.5,
            "neg_to_pos_ratio": 0.5,
            "pretrained": 0.0,
            "patch_size": 0.125,
            "epoch": 1,
            "uid": "b9095d884c36ec05935d296b86e19df1",
            "duration": 130556288159,
            "duration_seconds": 130.56,
            "accuracy": 0.27031847133757964,
            "train_stat": {
                "train_loss": 2.0559367845121135,
                "test_loss": 2.4545126697881434,
                "train_accuracy": 0.2812334987855106,
                "gradient_norm": 2.9999993312804176,
                "samples_per_second": 72.5334560825475,
                "best_accuracy": 0.27031847133757964,
                "best_epoch": 1,
                "epoch_max": 1,
                "cpu_count": 128,
                "cpu_type": "x86_64",
                "cpu_usage_percent": 2.6,
                "total_ram_kb": 1056603672.0,
                "occupied_ram_kb": 169365008.0,
                "ram_usage_percent": 16.0,
                "gpu_type": "NVIDIA L40S",
                "gpu_memory_kb": 29476093.0,
                "gpu_total_memory_kb": 46550528.0,
                "occupied_gpu_memory_kb": 237221.5,
                "gpu_memory_usage_percent": 0.51
            },
            "metric_acc": 0.27031847133757964
        }
    },
    "eval_results": {
        "checksum": "FractalFusion-2b-500a7a082e1dba4c2f81e6462eb28ce8",
        "accuracy": 0.27031847133757964,
        "full_result": "('FractalFusion-2b-500a7a082e1dba4c2f81e6462eb28ce8', 0.27031847133757964, 0.13045596940543733, 0.57)"
    },
    "cli_args": {
        "task": "img-classification",
        "dataset": "imagenette",
        "metric": "acc",
        "lr": 0.01,
        "batch": 32,
        "dropout": 0.2,
        "momentum": 0.9,
        "transform": "norm_256_flip"
    }
}