{
    "config": {
        "task": "img-classification",
        "dataset": "cifar-10",
        "metric": "acc",
        "model": "GenFractalNet-3cb73f4311fd28d8c81d593671d950cd"
    },
    "hyperparameters": {
        "lr": 0.01,
        "momentum": 0.95,
        "batch": 64,
        "epoch": 1,
        "transform": "norm_32_flip",
        "max_batches": null,
        "uid": "7e0d9d3a4af27bbe52d1557a4daae329",
        "duration": 33197686909,
        "accuracy": 0.3324,
        "train_loss": 1.8255443098904836,
        "test_loss": 1.8303621901068718,
        "train_accuracy": 0.3392,
        "gradient_norm": 0.7185002686018364,
        "samples_per_second": 1506.1371488999273,
        "best_accuracy": 0.3324,
        "best_epoch": 1,
        "cpu_type": "x86_64",
        "cpu_count": 32,
        "total_ram_kb": 131724388.0,
        "gpu_type": "NVIDIA GeForce RTX 4090",
        "gpu_total_memory_kb": 24658816.0,
        "occupied_ram_kb": 17067032.0,
        "ram_usage_percent": 15.3,
        "cpu_usage_percent": 1.2,
        "occupied_gpu_memory_kb": 17255.0,
        "gpu_memory_usage_percent": 0.07,
        "gpu_memory_kb": 2304849.5
    },
    "training_summary": {
        "total_epochs": 1,
        "best_accuracy": 0.3324,
        "final_accuracy": 0.3324
    },
    "uid": "3cb73f4311fd28d8c81d593671d950cd"
}