{
    "config": {
        "task": "img-classification",
        "dataset": "cifar-10",
        "metric": "acc",
        "model": "GenFractalNet-439bed3f4f3f521aa3fb529cd889f4aa"
    },
    "hyperparameters": {
        "lr": 0.01,
        "momentum": 0.75,
        "batch": 64,
        "epoch": 1,
        "transform": "norm_32_flip",
        "max_batches": null,
        "uid": "d091050f01990917d03203023019d417",
        "duration": 35751717134,
        "accuracy": 0.4363,
        "train_loss": 1.5244443855627114,
        "test_loss": 1.5190741772864276,
        "train_accuracy": 0.43714,
        "gradient_norm": 1.1774424603757583,
        "samples_per_second": 1398.5547639003776,
        "best_accuracy": 0.4363,
        "best_epoch": 1,
        "cpu_type": "x86_64",
        "cpu_count": 128,
        "total_ram_kb": 263708948.0,
        "gpu_type": "NVIDIA GeForce RTX 3090",
        "gpu_total_memory_kb": 24703168.0,
        "occupied_ram_kb": 20343724.0,
        "ram_usage_percent": 10.9,
        "cpu_usage_percent": 0.8,
        "occupied_gpu_memory_kb": 30050.0,
        "gpu_memory_usage_percent": 0.12,
        "gpu_memory_kb": 5663001.0
    },
    "training_summary": {
        "total_epochs": 1,
        "best_accuracy": 0.4363,
        "final_accuracy": 0.4363
    },
    "uid": "439bed3f4f3f521aa3fb529cd889f4aa"
}