{
    "config": {
        "task": "img-classification",
        "dataset": "cifar-10",
        "metric": "acc",
        "model": "GenFractalNet-7045594819324c85ec360e2908e48e8f"
    },
    "hyperparameters": {
        "lr": 0.01,
        "momentum": 0.75,
        "batch": 64,
        "epoch": 1,
        "transform": "norm_32_flip",
        "max_batches": null,
        "uid": "d091050f01990917d03203023019d417",
        "duration": 37210828046,
        "accuracy": 0.4339,
        "train_loss": 1.510747422647598,
        "test_loss": 1.5040983698170656,
        "train_accuracy": 0.4339,
        "gradient_norm": 0.8798735490435173,
        "samples_per_second": 1343.7121512626004,
        "best_accuracy": 0.4339,
        "best_epoch": 1,
        "cpu_type": "x86_64",
        "cpu_count": 128,
        "total_ram_kb": 263708948.0,
        "gpu_type": "NVIDIA GeForce RTX 3090",
        "gpu_total_memory_kb": 24703168.0,
        "occupied_ram_kb": 21260992.0,
        "ram_usage_percent": 11.3,
        "cpu_usage_percent": 0.8,
        "occupied_gpu_memory_kb": 31322.0,
        "gpu_memory_usage_percent": 0.13,
        "gpu_memory_kb": 6194557.5
    },
    "training_summary": {
        "total_epochs": 1,
        "best_accuracy": 0.4339,
        "final_accuracy": 0.4339
    },
    "uid": "7045594819324c85ec360e2908e48e8f"
}