{
    "config": {
        "task": "img-classification",
        "dataset": "cifar-10",
        "metric": "acc",
        "model": "GenFractalNet-539257b17003f8b9f852fcf335c5624c"
    },
    "hyperparameters": {
        "lr": 0.005,
        "momentum": 0.95,
        "batch": 64,
        "epoch": 1,
        "transform": "norm_32_flip",
        "max_batches": null,
        "uid": "c3bab3e9931db53638d2791332ae0024",
        "duration": 41348584737,
        "accuracy": 0.4632,
        "train_loss": 1.4335749002978624,
        "test_loss": 1.441546055162029,
        "train_accuracy": 0.46954,
        "gradient_norm": 2.999999403274767,
        "samples_per_second": 1209.245495470634,
        "best_accuracy": 0.4632,
        "best_epoch": 1,
        "cpu_type": "x86_64",
        "cpu_count": 128,
        "total_ram_kb": 263708948.0,
        "gpu_type": "NVIDIA GeForce RTX 3090",
        "gpu_total_memory_kb": 24703168.0,
        "occupied_ram_kb": 33426912.0,
        "ram_usage_percent": 14.4,
        "cpu_usage_percent": 5.5,
        "occupied_gpu_memory_kb": 28582.0,
        "gpu_memory_usage_percent": 0.12,
        "gpu_memory_kb": 6266059.5
    },
    "training_summary": {
        "total_epochs": 1,
        "best_accuracy": 0.4632,
        "final_accuracy": 0.4632
    },
    "uid": "539257b17003f8b9f852fcf335c5624c"
}