{
    "eval_args": {
        "model_package": "/home/s497466/nn-gpt/out/nngpt/llm/epoch/A0/synth_nn/B86",
        "task": "img-classification",
        "dataset": "imagenette",
        "metric": "acc",
        "prm": {
            "lr": 0.01,
            "batch": 32,
            "dropout": 0.2,
            "momentum": 0.9,
            "transform": "norm_256_flip",
            "stochastic_depth_prob": 0.0,
            "norm_eps": 1e-05,
            "norm_std": 0.5,
            "tie_weights": 0.0,
            "dropout_aux": 0.0,
            "attention_dropout": 0.0,
            "norm_momentum": 0.1,
            "score_thresh": 0.01,
            "nms_thresh": 0.45,
            "iou_thresh": 0.5,
            "detections_per_img": 0.5,
            "topk_candidates": 0.5,
            "neg_to_pos_ratio": 0.5,
            "pretrained": 0.0,
            "patch_size": 0.125,
            "epoch": 1,
            "uid": "b9095d884c36ec05935d296b86e19df1",
            "duration": 140942661609,
            "duration_seconds": 140.94,
            "accuracy": 0.23031847133757963,
            "train_stat": {
                "train_loss": 1.9210511143852884,
                "test_loss": 2.444372404881609,
                "train_accuracy": 0.3292850353786039,
                "gradient_norm": 2.9999995708688063,
                "samples_per_second": 67.18764661130409,
                "best_accuracy": 0.23031847133757963,
                "best_epoch": 1,
                "epoch_max": 1,
                "cpu_count": 128,
                "cpu_type": "x86_64",
                "cpu_usage_percent": 0.2,
                "total_ram_kb": 527801156.0,
                "occupied_ram_kb": 42483668.0,
                "ram_usage_percent": 8.0,
                "gpu_type": "NVIDIA L40",
                "gpu_memory_kb": 26754218.5,
                "gpu_total_memory_kb": 49677504.0,
                "occupied_gpu_memory_kb": 321666.0,
                "gpu_memory_usage_percent": 0.65
            },
            "metric_acc": 0.23031847133757963
        }
    },
    "eval_results": {
        "checksum": "FractalFusion-1b-d32fe968bc4eac8d86f247c00146706a",
        "accuracy": 0.23031847133757963,
        "full_result": "('FractalFusion-1b-d32fe968bc4eac8d86f247c00146706a', 0.23031847133757963, 0.09246204793485895, 0.59)"
    },
    "cli_args": {
        "task": "img-classification",
        "dataset": "imagenette",
        "metric": "acc",
        "lr": 0.01,
        "batch": 32,
        "dropout": 0.2,
        "momentum": 0.9,
        "transform": "norm_256_flip"
    }
}