{
    "config": {
        "task": "img-classification",
        "dataset": "cifar-10",
        "metric": "acc",
        "model": "GenFractalNet-57723f29099740192ea747b370fc95de"
    },
    "hyperparameters": {
        "lr": 0.01,
        "momentum": 0.95,
        "batch": 64,
        "epoch": 1,
        "transform": "norm_32_flip",
        "max_batches": null,
        "uid": "7e0d9d3a4af27bbe52d1557a4daae329",
        "duration": 42671720376,
        "accuracy": 0.4135,
        "train_loss": 1.6006774127940693,
        "test_loss": 1.5999120504233488,
        "train_accuracy": 0.41342,
        "gradient_norm": 0.2897742204204652,
        "samples_per_second": 1171.7451872848465,
        "best_accuracy": 0.4135,
        "best_epoch": 1,
        "cpu_type": "x86_64",
        "cpu_count": 128,
        "total_ram_kb": 263708948.0,
        "gpu_type": "NVIDIA GeForce RTX 3090",
        "gpu_total_memory_kb": 24703168.0,
        "occupied_ram_kb": 34206500.0,
        "ram_usage_percent": 14.8,
        "cpu_usage_percent": 7.2,
        "occupied_gpu_memory_kb": 45752.0,
        "gpu_memory_usage_percent": 0.19,
        "gpu_memory_kb": 4839565.5
    },
    "training_summary": {
        "total_epochs": 1,
        "best_accuracy": 0.4135,
        "final_accuracy": 0.4135
    },
    "uid": "57723f29099740192ea747b370fc95de"
}