{
    "config": {
        "task": "img-classification",
        "dataset": "cifar-10",
        "metric": "acc",
        "model": "GenFractalNet-92a8ecf4509b1bd9476de913a5b95853"
    },
    "hyperparameters": {
        "lr": 0.01,
        "momentum": 0.85,
        "batch": 64,
        "epoch": 1,
        "transform": "norm_32_flip",
        "max_batches": null,
        "uid": "9a0ac318ff9595fe2f49aa22f8b190c4",
        "duration": 35237403529,
        "accuracy": 0.5475,
        "train_loss": 1.2480806809709506,
        "test_loss": 1.2591652570256762,
        "train_accuracy": 0.54626,
        "gradient_norm": 0.9873079239119027,
        "samples_per_second": 1418.9599844108834,
        "best_accuracy": 0.5475,
        "best_epoch": 1,
        "cpu_type": "x86_64",
        "cpu_count": 128,
        "total_ram_kb": 263708948.0,
        "gpu_type": "NVIDIA GeForce RTX 3090",
        "gpu_total_memory_kb": 24703168.0,
        "occupied_ram_kb": 34447820.0,
        "ram_usage_percent": 14.8,
        "cpu_usage_percent": 4.0,
        "occupied_gpu_memory_kb": 24032.0,
        "gpu_memory_usage_percent": 0.1,
        "gpu_memory_kb": 6272893.5
    },
    "training_summary": {
        "total_epochs": 1,
        "best_accuracy": 0.5475,
        "final_accuracy": 0.5475
    },
    "uid": "92a8ecf4509b1bd9476de913a5b95853"
}