{
    "config": {
        "task": "img-classification",
        "dataset": "cifar-10",
        "metric": "acc",
        "model": "GenFractalNet-0423ed612a621d7e601031f777e8b259"
    },
    "hyperparameters": {
        "lr": 0.01,
        "momentum": 0.85,
        "batch": 64,
        "epoch": 1,
        "transform": "norm_32_flip",
        "max_batches": null,
        "uid": "9a0ac318ff9595fe2f49aa22f8b190c4",
        "duration": 49091928626,
        "accuracy": 0.5036,
        "train_loss": 1.3290645615828922,
        "test_loss": 1.3318568308641956,
        "train_accuracy": 0.51692,
        "gradient_norm": 1.1346795015237698,
        "samples_per_second": 1018.5035283269335,
        "best_accuracy": 0.5036,
        "best_epoch": 1,
        "cpu_type": "x86_64",
        "cpu_count": 128,
        "total_ram_kb": 263708948.0,
        "gpu_type": "NVIDIA GeForce RTX 3090",
        "gpu_total_memory_kb": 24703168.0,
        "occupied_ram_kb": 21399788.0,
        "ram_usage_percent": 11.4,
        "cpu_usage_percent": 1.0,
        "occupied_gpu_memory_kb": 100536.0,
        "gpu_memory_usage_percent": 0.41,
        "gpu_memory_kb": 6194557.5
    },
    "training_summary": {
        "total_epochs": 1,
        "best_accuracy": 0.5036,
        "final_accuracy": 0.5036
    },
    "uid": "0423ed612a621d7e601031f777e8b259"
}