{
    "config": {
        "task": "img-classification",
        "dataset": "cifar-10",
        "metric": "acc",
        "model": "GenFractalNet-28649197b5b1d2b3db18ac82b4d01ce7"
    },
    "hyperparameters": {
        "lr": 0.001,
        "momentum": 0.8,
        "batch": 64,
        "epoch": 1,
        "transform": "norm_32_flip",
        "max_batches": null,
        "uid": "718e08aca88d5f13ee47d280389de377",
        "duration": 33281538566,
        "accuracy": 0.5148,
        "train_loss": 1.3150147676772779,
        "test_loss": 1.3337082608490234,
        "train_accuracy": 0.51674,
        "gradient_norm": 2.9999995170394262,
        "samples_per_second": 1502.352064574402,
        "best_accuracy": 0.5148,
        "best_epoch": 1,
        "cpu_type": "x86_64",
        "cpu_count": 32,
        "total_ram_kb": 131724388.0,
        "gpu_type": "NVIDIA GeForce RTX 4090",
        "gpu_total_memory_kb": 24658816.0,
        "occupied_ram_kb": 17125332.0,
        "ram_usage_percent": 15.3,
        "cpu_usage_percent": 0.3,
        "occupied_gpu_memory_kb": 20865.0,
        "gpu_memory_usage_percent": 0.08,
        "gpu_memory_kb": 4585198.5
    },
    "training_summary": {
        "total_epochs": 1,
        "best_accuracy": 0.5148,
        "final_accuracy": 0.5148
    },
    "uid": "28649197b5b1d2b3db18ac82b4d01ce7"
}