{
    "config": {
        "task": "img-classification",
        "dataset": "cifar-10",
        "metric": "acc",
        "model": "GenFractalNet-ca2776bcde59417567d8c2c215155e09"
    },
    "hyperparameters": {
        "lr": 0.005,
        "momentum": 0.9,
        "batch": 64,
        "epoch": 1,
        "transform": "norm_32_flip",
        "max_batches": null,
        "uid": "2a64534394dffeddd8342f36ba57f478",
        "duration": 34453917447,
        "accuracy": 0.2799,
        "train_loss": 1.950269693913667,
        "test_loss": 1.9489778257479333,
        "train_accuracy": 0.27224,
        "gradient_norm": 2.9161070087075696,
        "samples_per_second": 1451.2238762815828,
        "best_accuracy": 0.2799,
        "best_epoch": 1,
        "cpu_type": "x86_64",
        "cpu_count": 32,
        "total_ram_kb": 131724388.0,
        "gpu_type": "NVIDIA GeForce RTX 4090",
        "gpu_total_memory_kb": 24658816.0,
        "occupied_ram_kb": 17281908.0,
        "ram_usage_percent": 15.4,
        "cpu_usage_percent": 0.3,
        "occupied_gpu_memory_kb": 20756.0,
        "gpu_memory_usage_percent": 0.08,
        "gpu_memory_kb": 5131404.0
    },
    "training_summary": {
        "total_epochs": 1,
        "best_accuracy": 0.2799,
        "final_accuracy": 0.2799
    },
    "uid": "ca2776bcde59417567d8c2c215155e09"
}