{
    "config": {
        "task": "img-classification",
        "dataset": "cifar-10",
        "metric": "acc",
        "model": "GenFractalNet-c8746a2a476040781b992c1d03c86422"
    },
    "hyperparameters": {
        "lr": 0.003,
        "momentum": 0.75,
        "batch": 64,
        "epoch": 1,
        "transform": "norm_32_flip",
        "max_batches": null,
        "uid": "a63387910132d79fd15b7eb6df3c7f86",
        "duration": 37528684869,
        "accuracy": 0.1609,
        "train_loss": 2.2794252414532634,
        "test_loss": 2.279429863972269,
        "train_accuracy": 0.1635,
        "gradient_norm": 2.9999988123194936,
        "samples_per_second": 1332.329877042177,
        "best_accuracy": 0.1609,
        "best_epoch": 1,
        "cpu_type": "x86_64",
        "cpu_count": 32,
        "total_ram_kb": 131724388.0,
        "gpu_type": "NVIDIA GeForce RTX 4090",
        "gpu_total_memory_kb": 24658816.0,
        "occupied_ram_kb": 17058956.0,
        "ram_usage_percent": 15.3,
        "cpu_usage_percent": 0.0,
        "occupied_gpu_memory_kb": 39612.0,
        "gpu_memory_usage_percent": 0.16,
        "gpu_memory_kb": 2304849.5
    },
    "training_summary": {
        "total_epochs": 1,
        "best_accuracy": 0.1609,
        "final_accuracy": 0.1609
    },
    "uid": "c8746a2a476040781b992c1d03c86422"
}