{
    "eval_args": {
        "model_package": "/home/s497466/nn-gpt/out/nngpt/llm/epoch/A0/synth_nn/B35",
        "task": "img-classification",
        "dataset": "imagenette",
        "metric": "acc",
        "prm": {
            "lr": 0.01,
            "batch": 32,
            "dropout": 0.2,
            "momentum": 0.9,
            "transform": "norm_256_flip",
            "stochastic_depth_prob": 0.0,
            "norm_eps": 1e-05,
            "norm_std": 0.5,
            "tie_weights": 0.0,
            "dropout_aux": 0.0,
            "attention_dropout": 0.0,
            "norm_momentum": 0.1,
            "score_thresh": 0.01,
            "nms_thresh": 0.45,
            "iou_thresh": 0.5,
            "detections_per_img": 0.5,
            "topk_candidates": 0.5,
            "neg_to_pos_ratio": 0.5,
            "pretrained": 0.0,
            "patch_size": 0.125,
            "epoch": 1,
            "uid": "b9095d884c36ec05935d296b86e19df1",
            "duration": 302127498138,
            "duration_seconds": 302.13,
            "accuracy": 0.2575796178343949,
            "train_stat": {
                "train_loss": 2.164752847580059,
                "test_loss": 3.666224587254408,
                "train_accuracy": 0.26729327278487697,
                "gradient_norm": 2.9999998586045646,
                "samples_per_second": 31.342026904836068,
                "best_accuracy": 0.2575796178343949,
                "best_epoch": 1,
                "epoch_max": 1,
                "cpu_count": 128,
                "cpu_type": "x86_64",
                "cpu_usage_percent": 1.6,
                "total_ram_kb": 527801156.0,
                "occupied_ram_kb": 47606188.0,
                "ram_usage_percent": 9.0,
                "gpu_type": "NVIDIA L40",
                "gpu_memory_kb": 27583695.0,
                "gpu_total_memory_kb": 49677504.0,
                "occupied_gpu_memory_kb": 265665.5,
                "gpu_memory_usage_percent": 0.53
            },
            "metric_acc": 0.2575796178343949
        }
    },
    "eval_results": {
        "checksum": "FractalFusion-1b-c4353fc6921e717f1f22af1667d7d6b6",
        "accuracy": 0.2575796178343949,
        "full_result": "('FractalFusion-1b-c4353fc6921e717f1f22af1667d7d6b6', 0.2575796178343949, 0.052156661940919634, 0.57)"
    },
    "cli_args": {
        "task": "img-classification",
        "dataset": "imagenette",
        "metric": "acc",
        "lr": 0.01,
        "batch": 32,
        "dropout": 0.2,
        "momentum": 0.9,
        "transform": "norm_256_flip"
    }
}