{
    "config": {
        "task": "img-classification",
        "dataset": "cifar-10",
        "metric": "acc",
        "model": "GenFractalNet-2f29a7b33b3395679dba1a9180fc1fd3"
    },
    "hyperparameters": {
        "lr": 0.01,
        "momentum": 0.9,
        "batch": 64,
        "epoch": 1,
        "transform": "norm_32_flip",
        "max_batches": null,
        "uid": "fddd85ed21879149faee86627a9f4554",
        "duration": 37204819553,
        "accuracy": 0.6146,
        "train_loss": 1.0246027563996327,
        "test_loss": 1.0405259994184894,
        "train_accuracy": 0.62384,
        "gradient_norm": 1.2570367841711296,
        "samples_per_second": 1343.9261772379866,
        "best_accuracy": 0.6146,
        "best_epoch": 1,
        "cpu_type": "x86_64",
        "cpu_count": 128,
        "total_ram_kb": 263708948.0,
        "gpu_type": "NVIDIA GeForce RTX 3090",
        "gpu_total_memory_kb": 24703168.0,
        "occupied_ram_kb": 30041496.0,
        "ram_usage_percent": 13.1,
        "cpu_usage_percent": 6.0,
        "occupied_gpu_memory_kb": 20432.0,
        "gpu_memory_usage_percent": 0.08,
        "gpu_memory_kb": 6195581.5
    },
    "training_summary": {
        "total_epochs": 1,
        "best_accuracy": 0.6146,
        "final_accuracy": 0.6146
    },
    "uid": "2f29a7b33b3395679dba1a9180fc1fd3"
}