{
    "config": {
        "task": "img-classification",
        "dataset": "cifar-10",
        "metric": "acc",
        "model": "GenFractalNet-0a60b894ab4a89a3324d345f602994bb"
    },
    "hyperparameters": {
        "lr": 0.003,
        "momentum": 0.95,
        "batch": 64,
        "epoch": 1,
        "transform": "norm_32_flip",
        "max_batches": null,
        "uid": "9ea869fde7b3127470ef4c9a9f95d4c3",
        "duration": 82930714713,
        "accuracy": 0.408,
        "train_loss": 1.5393685346369244,
        "test_loss": 1.5440493708203553,
        "train_accuracy": 0.40862,
        "gradient_norm": 0.4802091217480413,
        "samples_per_second": 602.9162609234771,
        "best_accuracy": 0.408,
        "best_epoch": 1,
        "cpu_type": "x86_64",
        "cpu_count": 128,
        "total_ram_kb": 263708948.0,
        "gpu_type": "NVIDIA GeForce RTX 3090",
        "gpu_total_memory_kb": 24703168.0,
        "occupied_ram_kb": 30781596.0,
        "ram_usage_percent": 13.5,
        "cpu_usage_percent": 5.5,
        "occupied_gpu_memory_kb": 359427.5,
        "gpu_memory_usage_percent": 1.45,
        "gpu_memory_kb": 5718922.0
    },
    "training_summary": {
        "total_epochs": 1,
        "best_accuracy": 0.408,
        "final_accuracy": 0.408
    },
    "uid": "0a60b894ab4a89a3324d345f602994bb"
}