{
    "config": {
        "task": "img-classification",
        "dataset": "cifar-10",
        "metric": "acc",
        "model": "GenFractalNet-8af32585484aec70f69e58ce792415d4"
    },
    "hyperparameters": {
        "lr": 0.01,
        "momentum": 0.9,
        "batch": 64,
        "epoch": 1,
        "transform": "norm_32_flip",
        "max_batches": null,
        "uid": "fddd85ed21879149faee86627a9f4554",
        "duration": 35789198966,
        "accuracy": 0.2963,
        "train_loss": 1.8822154792983208,
        "test_loss": 1.8720479117836921,
        "train_accuracy": 0.29426,
        "gradient_norm": 0.3851400449793618,
        "samples_per_second": 1397.084349139812,
        "best_accuracy": 0.2963,
        "best_epoch": 1,
        "cpu_type": "x86_64",
        "cpu_count": 128,
        "total_ram_kb": 263708948.0,
        "gpu_type": "NVIDIA GeForce RTX 3090",
        "gpu_total_memory_kb": 24703168.0,
        "occupied_ram_kb": 21556552.0,
        "ram_usage_percent": 11.4,
        "cpu_usage_percent": 0.8,
        "occupied_gpu_memory_kb": 23833.5,
        "gpu_memory_usage_percent": 0.1,
        "gpu_memory_kb": 6318687.0
    },
    "training_summary": {
        "total_epochs": 1,
        "best_accuracy": 0.2963,
        "final_accuracy": 0.2963
    },
    "uid": "8af32585484aec70f69e58ce792415d4"
}