{
    "config": {
        "task": "img-classification",
        "dataset": "cifar-10",
        "metric": "acc",
        "model": "GenFractalNet-4b9a5e866c46fe0c166089423a5bb86a"
    },
    "hyperparameters": {
        "lr": 0.01,
        "momentum": 0.95,
        "batch": 64,
        "epoch": 1,
        "transform": "norm_32_flip",
        "max_batches": null,
        "uid": "7e0d9d3a4af27bbe52d1557a4daae329",
        "duration": 31060876485,
        "accuracy": 0.5962,
        "train_loss": 1.1082344932476882,
        "test_loss": 1.1217883084989657,
        "train_accuracy": 0.60056,
        "gradient_norm": 0.9876873592732515,
        "samples_per_second": 1609.7553653390123,
        "best_accuracy": 0.5962,
        "best_epoch": 1,
        "cpu_type": "x86_64",
        "cpu_count": 128,
        "total_ram_kb": 263708948.0,
        "gpu_type": "NVIDIA GeForce RTX 3090",
        "gpu_total_memory_kb": 24703168.0,
        "occupied_ram_kb": 16969948.0,
        "ram_usage_percent": 8.2,
        "cpu_usage_percent": 0.0,
        "occupied_gpu_memory_kb": 18300.0,
        "gpu_memory_usage_percent": 0.07,
        "gpu_memory_kb": 6194574.5
    },
    "training_summary": {
        "total_epochs": 1,
        "best_accuracy": 0.5962,
        "final_accuracy": 0.5962
    },
    "uid": "4b9a5e866c46fe0c166089423a5bb86a"
}