{
    "eval_args": {
        "model_package": "/home/s497466/nn-gpt/out/nngpt/llm/epoch/A0/synth_nn/B31",
        "task": "img-classification",
        "dataset": "imagenette",
        "metric": "acc",
        "prm": {
            "lr": 0.01,
            "batch": 32,
            "dropout": 0.2,
            "momentum": 0.9,
            "transform": "norm_256_flip",
            "stochastic_depth_prob": 0.0,
            "norm_eps": 1e-05,
            "norm_std": 0.5,
            "tie_weights": 0.0,
            "dropout_aux": 0.0,
            "attention_dropout": 0.0,
            "norm_momentum": 0.1,
            "score_thresh": 0.01,
            "nms_thresh": 0.45,
            "iou_thresh": 0.5,
            "detections_per_img": 0.5,
            "topk_candidates": 0.5,
            "neg_to_pos_ratio": 0.5,
            "pretrained": 0.0,
            "patch_size": 0.125,
            "epoch": 1,
            "uid": "b9095d884c36ec05935d296b86e19df1",
            "duration": 182072014481,
            "duration_seconds": 182.07,
            "accuracy": 0.2761783439490446,
            "train_stat": {
                "train_loss": 2.119466902751683,
                "test_loss": 3.3625243652642256,
                "train_accuracy": 0.2741577780124617,
                "gradient_norm": 2.999999659727543,
                "samples_per_second": 52.01026100698674,
                "best_accuracy": 0.2761783439490446,
                "best_epoch": 1,
                "epoch_max": 1,
                "cpu_count": 128,
                "cpu_type": "x86_64",
                "cpu_usage_percent": 21.5,
                "total_ram_kb": 1056603672.0,
                "occupied_ram_kb": 177607780.0,
                "ram_usage_percent": 16.8,
                "gpu_type": "NVIDIA L40S",
                "gpu_memory_kb": 29177853.0,
                "gpu_total_memory_kb": 46550528.0,
                "occupied_gpu_memory_kb": 357772.5,
                "gpu_memory_usage_percent": 0.77
            },
            "metric_acc": 0.2761783439490446
        }
    },
    "eval_results": {
        "checksum": "FractalFusion-2b-11d1af83a1dff1a71b43a985807ef8f7",
        "accuracy": 0.2761783439490446,
        "full_result": "('FractalFusion-2b-11d1af83a1dff1a71b43a985807ef8f7', 0.2761783439490446, 0.09676300031679475, 0.57)"
    },
    "cli_args": {
        "task": "img-classification",
        "dataset": "imagenette",
        "metric": "acc",
        "lr": 0.01,
        "batch": 32,
        "dropout": 0.2,
        "momentum": 0.9,
        "transform": "norm_256_flip"
    }
}