{
    "config": {
        "task": "img-classification",
        "dataset": "cifar-10",
        "metric": "acc",
        "model": "GenFractalNet-3c74d986f02690aaffe16a640adbe802"
    },
    "hyperparameters": {
        "lr": 0.003,
        "momentum": 0.95,
        "batch": 64,
        "epoch": 1,
        "transform": "norm_32_flip",
        "max_batches": null,
        "uid": "9ea869fde7b3127470ef4c9a9f95d4c3",
        "duration": 69306868878,
        "accuracy": 0.5653,
        "train_loss": 1.1973761817073578,
        "test_loss": 1.2253682727267028,
        "train_accuracy": 0.57446,
        "gradient_norm": 2.9999995901478056,
        "samples_per_second": 721.4343313658384,
        "best_accuracy": 0.5653,
        "best_epoch": 1,
        "cpu_type": "x86_64",
        "cpu_count": 128,
        "total_ram_kb": 263708948.0,
        "gpu_type": "NVIDIA GeForce RTX 3090",
        "gpu_total_memory_kb": 24703168.0,
        "occupied_ram_kb": 30848904.0,
        "ram_usage_percent": 13.5,
        "cpu_usage_percent": 5.2,
        "occupied_gpu_memory_kb": 282781.5,
        "gpu_memory_usage_percent": 1.14,
        "gpu_memory_kb": 4839565.5
    },
    "training_summary": {
        "total_epochs": 1,
        "best_accuracy": 0.5653,
        "final_accuracy": 0.5653
    },
    "uid": "3c74d986f02690aaffe16a640adbe802"
}