{
    "config": {
        "task": "img-classification",
        "dataset": "cifar-10",
        "metric": "acc",
        "model": "GenFractalNet-40f14d05167a53faf51fdd580d2a8804"
    },
    "hyperparameters": {
        "lr": 0.005,
        "momentum": 0.9,
        "batch": 64,
        "epoch": 1,
        "transform": "norm_32_flip",
        "max_batches": null,
        "uid": "2a64534394dffeddd8342f36ba57f478",
        "duration": 31577830844,
        "accuracy": 0.5126,
        "train_loss": 1.3136646895457411,
        "test_loss": 1.320313914566283,
        "train_accuracy": 0.51286,
        "gradient_norm": 2.9999990339085327,
        "samples_per_second": 1583.4002478330847,
        "best_accuracy": 0.5126,
        "best_epoch": 1,
        "cpu_type": "x86_64",
        "cpu_count": 128,
        "total_ram_kb": 263708948.0,
        "gpu_type": "NVIDIA GeForce RTX 3090",
        "gpu_total_memory_kb": 24703168.0,
        "occupied_ram_kb": 21348360.0,
        "ram_usage_percent": 11.3,
        "cpu_usage_percent": 1.0,
        "occupied_gpu_memory_kb": 16845.0,
        "gpu_memory_usage_percent": 0.07,
        "gpu_memory_kb": 4429749.0
    },
    "training_summary": {
        "total_epochs": 1,
        "best_accuracy": 0.5126,
        "final_accuracy": 0.5126
    },
    "uid": "40f14d05167a53faf51fdd580d2a8804"
}