{
    "eval_args": {
        "model_package": "/home/s497466/nn-gpt/out/nngpt/llm/epoch/A0/synth_nn/B68",
        "task": "img-classification",
        "dataset": "imagenette",
        "metric": "acc",
        "prm": {
            "lr": 0.01,
            "batch": 32,
            "dropout": 0.2,
            "momentum": 0.9,
            "transform": "norm_256_flip",
            "stochastic_depth_prob": 0.0,
            "norm_eps": 1e-05,
            "norm_std": 0.5,
            "tie_weights": 0.0,
            "dropout_aux": 0.0,
            "attention_dropout": 0.0,
            "norm_momentum": 0.1,
            "score_thresh": 0.01,
            "nms_thresh": 0.45,
            "iou_thresh": 0.5,
            "detections_per_img": 0.5,
            "topk_candidates": 0.5,
            "neg_to_pos_ratio": 0.5,
            "pretrained": 0.0,
            "patch_size": 0.125,
            "epoch": 1,
            "uid": "b9095d884c36ec05935d296b86e19df1",
            "duration": 224235420433,
            "duration_seconds": 224.24,
            "accuracy": 0.2878980891719745,
            "train_stat": {
                "train_loss": 2.1803430881831596,
                "test_loss": 2.4177078694347443,
                "train_accuracy": 0.2563100644207414,
                "gradient_norm": 2.9999997264991145,
                "samples_per_second": 42.229650442462045,
                "best_accuracy": 0.2878980891719745,
                "best_epoch": 1,
                "epoch_max": 1,
                "cpu_count": 128,
                "cpu_type": "x86_64",
                "cpu_usage_percent": 14.1,
                "total_ram_kb": 1056603672.0,
                "occupied_ram_kb": 171721264.0,
                "ram_usage_percent": 16.3,
                "gpu_type": "NVIDIA L40S",
                "gpu_memory_kb": 30864076.0,
                "gpu_total_memory_kb": 46550528.0,
                "occupied_gpu_memory_kb": 308416.0,
                "gpu_memory_usage_percent": 0.66
            },
            "metric_acc": 0.2878980891719745
        }
    },
    "eval_results": {
        "checksum": "FractalFusion-6b-9f5d9dbe7060b0f56eb973802b6d002f",
        "accuracy": 0.2878980891719745,
        "full_result": "('FractalFusion-6b-9f5d9dbe7060b0f56eb973802b6d002f', 0.2878980891719745, 0.08379500830383625, 0.57)"
    },
    "cli_args": {
        "task": "img-classification",
        "dataset": "imagenette",
        "metric": "acc",
        "lr": 0.01,
        "batch": 32,
        "dropout": 0.2,
        "momentum": 0.9,
        "transform": "norm_256_flip"
    }
}