{
    "config": {
        "task": "img-classification",
        "dataset": "cifar-10",
        "metric": "acc",
        "model": "GenFractalNet-f7d80e4cc666264534494d14f1a8991e"
    },
    "hyperparameters": {
        "lr": 0.01,
        "momentum": 0.8,
        "batch": 64,
        "epoch": 1,
        "transform": "norm_32_flip",
        "max_batches": null,
        "uid": "cac9e1582511f93cefcb9518dad95595",
        "duration": 35465742183,
        "accuracy": 0.4068,
        "train_loss": 1.5579997142562476,
        "test_loss": 1.5664122620965266,
        "train_accuracy": 0.40874,
        "gradient_norm": 1.3709496473741851,
        "samples_per_second": 1409.820058914097,
        "best_accuracy": 0.4068,
        "best_epoch": 1,
        "cpu_type": "x86_64",
        "cpu_count": 128,
        "total_ram_kb": 263708948.0,
        "gpu_type": "NVIDIA GeForce RTX 3090",
        "gpu_total_memory_kb": 24703168.0,
        "occupied_ram_kb": 35624044.0,
        "ram_usage_percent": 15.3,
        "cpu_usage_percent": 5.7,
        "occupied_gpu_memory_kb": 17051.0,
        "gpu_memory_usage_percent": 0.07,
        "gpu_memory_kb": 6272893.5
    },
    "training_summary": {
        "total_epochs": 1,
        "best_accuracy": 0.4068,
        "final_accuracy": 0.4068
    },
    "uid": "f7d80e4cc666264534494d14f1a8991e"
}