{
    "config": {
        "task": "img-classification",
        "dataset": "cifar-10",
        "metric": "acc",
        "model": "GenFractalNet-8a1497c73adf43617f2325d5c854dc2c"
    },
    "hyperparameters": {
        "lr": 0.001,
        "momentum": 0.95,
        "batch": 64,
        "epoch": 1,
        "transform": "norm_32_flip",
        "max_batches": null,
        "uid": "413233aa5202d01e749eded26a1af0b4",
        "duration": 35429877862,
        "accuracy": 0.4604,
        "train_loss": 1.496304403333103,
        "test_loss": 1.5003059312796136,
        "train_accuracy": 0.46676,
        "gradient_norm": 2.9999994335584974,
        "samples_per_second": 1411.2456503564204,
        "best_accuracy": 0.4604,
        "best_epoch": 1,
        "cpu_type": "x86_64",
        "cpu_count": 128,
        "total_ram_kb": 263708948.0,
        "gpu_type": "NVIDIA GeForce RTX 3090",
        "gpu_total_memory_kb": 24703168.0,
        "occupied_ram_kb": 31125500.0,
        "ram_usage_percent": 13.6,
        "cpu_usage_percent": 5.9,
        "occupied_gpu_memory_kb": 18527.5,
        "gpu_memory_usage_percent": 0.08,
        "gpu_memory_kb": 6268230.0
    },
    "training_summary": {
        "total_epochs": 1,
        "best_accuracy": 0.4604,
        "final_accuracy": 0.4604
    },
    "uid": "8a1497c73adf43617f2325d5c854dc2c"
}