{
    "config": {
        "task": "img-classification",
        "dataset": "cifar-10",
        "metric": "acc",
        "model": "GenFractalNet-a539e7aa39c0258a8562f626c2ed6f93"
    },
    "hyperparameters": {
        "lr": 0.005,
        "momentum": 0.85,
        "batch": 64,
        "epoch": 1,
        "transform": "norm_32_flip",
        "max_batches": null,
        "uid": "66c0389308131baca1c2e07779bf8112",
        "duration": 37403678875,
        "accuracy": 0.4872,
        "train_loss": 1.385091354474997,
        "test_loss": 1.395518744827076,
        "train_accuracy": 0.48976,
        "gradient_norm": 2.417628025107803,
        "samples_per_second": 1336.7853695181307,
        "best_accuracy": 0.4872,
        "best_epoch": 1,
        "cpu_type": "x86_64",
        "cpu_count": 32,
        "total_ram_kb": 131724388.0,
        "gpu_type": "NVIDIA GeForce RTX 3090",
        "gpu_total_memory_kb": 24703168.0,
        "occupied_ram_kb": 17588140.0,
        "ram_usage_percent": 15.7,
        "cpu_usage_percent": 0.6,
        "occupied_gpu_memory_kb": 18195.5,
        "gpu_memory_usage_percent": 0.07,
        "gpu_memory_kb": 5791538.5
    },
    "training_summary": {
        "total_epochs": 1,
        "best_accuracy": 0.4872,
        "final_accuracy": 0.4872
    },
    "uid": "a539e7aa39c0258a8562f626c2ed6f93"
}