{
    "config": {
        "task": "img-classification",
        "dataset": "cifar-10",
        "metric": "acc",
        "model": "GenFractalNet-6879453644af9a432da642a71dcb227f"
    },
    "hyperparameters": {
        "lr": 0.005,
        "momentum": 0.95,
        "batch": 64,
        "epoch": 1,
        "transform": "norm_32_flip",
        "max_batches": null,
        "uid": "c3bab3e9931db53638d2791332ae0024",
        "duration": 35165915537,
        "accuracy": 0.3079,
        "train_loss": 1.816876360065187,
        "test_loss": 1.8166325919947046,
        "train_accuracy": 0.30808,
        "gradient_norm": 0.4492807482773443,
        "samples_per_second": 1421.8455667828139,
        "best_accuracy": 0.3079,
        "best_epoch": 1,
        "cpu_type": "x86_64",
        "cpu_count": 32,
        "total_ram_kb": 131724388.0,
        "gpu_type": "NVIDIA GeForce RTX 4090",
        "gpu_total_memory_kb": 24658816.0,
        "occupied_ram_kb": 17327416.0,
        "ram_usage_percent": 15.5,
        "cpu_usage_percent": 0.3,
        "occupied_gpu_memory_kb": 92084.0,
        "gpu_memory_usage_percent": 0.37,
        "gpu_memory_kb": 5660059.5
    },
    "training_summary": {
        "total_epochs": 1,
        "best_accuracy": 0.3079,
        "final_accuracy": 0.3079
    },
    "uid": "6879453644af9a432da642a71dcb227f"
}