{
    "eval_args": {
        "model_package": "/home/s497466/nn-gpt/out/nngpt/llm/epoch/A0/synth_nn/B89",
        "task": "img-classification",
        "dataset": "imagenette",
        "metric": "acc",
        "prm": {
            "lr": 0.01,
            "batch": 32,
            "dropout": 0.2,
            "momentum": 0.9,
            "transform": "norm_256_flip",
            "stochastic_depth_prob": 0.0,
            "norm_eps": 1e-05,
            "norm_std": 0.5,
            "tie_weights": 0.0,
            "dropout_aux": 0.0,
            "attention_dropout": 0.0,
            "norm_momentum": 0.1,
            "score_thresh": 0.01,
            "nms_thresh": 0.45,
            "iou_thresh": 0.5,
            "detections_per_img": 0.5,
            "topk_candidates": 0.5,
            "neg_to_pos_ratio": 0.5,
            "pretrained": 0.0,
            "patch_size": 0.125,
            "epoch": 1,
            "uid": "b9095d884c36ec05935d296b86e19df1",
            "duration": 265191670198,
            "duration_seconds": 265.19,
            "accuracy": 0.44203821656050957,
            "train_stat": {
                "train_loss": 1.739786880423469,
                "test_loss": 1.7883743038022422,
                "train_accuracy": 0.40817404160946247,
                "gradient_norm": 2.9999995071225976,
                "samples_per_second": 35.707547823296046,
                "best_accuracy": 0.44203821656050957,
                "best_epoch": 1,
                "epoch_max": 1,
                "cpu_count": 128,
                "cpu_type": "x86_64",
                "cpu_usage_percent": 6.2,
                "total_ram_kb": 1056603672.0,
                "occupied_ram_kb": 175854192.0,
                "ram_usage_percent": 16.6,
                "gpu_type": "NVIDIA L40S",
                "gpu_memory_kb": 23715975.5,
                "gpu_total_memory_kb": 46550528.0,
                "occupied_gpu_memory_kb": 336022.0,
                "gpu_memory_usage_percent": 0.72
            },
            "metric_acc": 0.44203821656050957
        }
    },
    "eval_results": {
        "checksum": "FractalFusion-6b-77da4425d1d89f40b6e6e85a7ceaaad4",
        "accuracy": 0.44203821656050957,
        "full_result": "('FractalFusion-6b-77da4425d1d89f40b6e6e85a7ceaaad4', 0.44203821656050957, 0.1289777376133774, 0.57)"
    },
    "cli_args": {
        "task": "img-classification",
        "dataset": "imagenette",
        "metric": "acc",
        "lr": 0.01,
        "batch": 32,
        "dropout": 0.2,
        "momentum": 0.9,
        "transform": "norm_256_flip"
    }
}