{
    "config": {
        "task": "img-classification",
        "dataset": "cifar-10",
        "metric": "acc",
        "model": "GenFractalNet-1a6654090971eb11d6ce999b3ae4795a"
    },
    "hyperparameters": {
        "lr": 0.005,
        "momentum": 0.95,
        "batch": 64,
        "epoch": 1,
        "transform": "norm_32_flip",
        "max_batches": null,
        "uid": "c3bab3e9931db53638d2791332ae0024",
        "duration": 35997933151,
        "accuracy": 0.5268,
        "train_loss": 1.2942605319687777,
        "test_loss": 1.3115724989563038,
        "train_accuracy": 0.5404,
        "gradient_norm": 2.1568742236867124,
        "samples_per_second": 1388.9798233916222,
        "best_accuracy": 0.5268,
        "best_epoch": 1,
        "cpu_type": "x86_64",
        "cpu_count": 128,
        "total_ram_kb": 263708948.0,
        "gpu_type": "NVIDIA GeForce RTX 3090",
        "gpu_total_memory_kb": 24703168.0,
        "occupied_ram_kb": 30430544.0,
        "ram_usage_percent": 13.3,
        "cpu_usage_percent": 8.3,
        "occupied_gpu_memory_kb": 17117.5,
        "gpu_memory_usage_percent": 0.07,
        "gpu_memory_kb": 6272893.5
    },
    "training_summary": {
        "total_epochs": 1,
        "best_accuracy": 0.5268,
        "final_accuracy": 0.5268
    },
    "uid": "1a6654090971eb11d6ce999b3ae4795a"
}