{
    "config": {
        "task": "img-classification",
        "dataset": "cifar-10",
        "metric": "acc",
        "model": "GenFractalNet-02b4321c00b1e44a18abb69f7f733242"
    },
    "hyperparameters": {
        "lr": 0.01,
        "momentum": 0.95,
        "batch": 64,
        "epoch": 1,
        "transform": "norm_32_flip",
        "max_batches": null,
        "uid": "7e0d9d3a4af27bbe52d1557a4daae329",
        "duration": 35555018944,
        "accuracy": 0.5462,
        "train_loss": 1.246756863182463,
        "test_loss": 1.2513827351248188,
        "train_accuracy": 0.55372,
        "gradient_norm": 1.0716561782224558,
        "samples_per_second": 1406.2805033139844,
        "best_accuracy": 0.5462,
        "best_epoch": 1,
        "cpu_type": "x86_64",
        "cpu_count": 128,
        "total_ram_kb": 263708948.0,
        "gpu_type": "NVIDIA GeForce RTX 3090",
        "gpu_total_memory_kb": 24703168.0,
        "occupied_ram_kb": 33249756.0,
        "ram_usage_percent": 14.4,
        "cpu_usage_percent": 7.1,
        "occupied_gpu_memory_kb": 19236.5,
        "gpu_memory_usage_percent": 0.08,
        "gpu_memory_kb": 6272893.5
    },
    "training_summary": {
        "total_epochs": 1,
        "best_accuracy": 0.5462,
        "final_accuracy": 0.5462
    },
    "uid": "02b4321c00b1e44a18abb69f7f733242"
}