{
    "config": {
        "task": "img-classification",
        "dataset": "cifar-10",
        "metric": "acc",
        "model": "GenFractalNet-1f613329987157f980c9200ca8a4438f"
    },
    "hyperparameters": {
        "lr": 0.001,
        "momentum": 0.92,
        "batch": 64,
        "epoch": 1,
        "transform": "norm_32_flip",
        "max_batches": null,
        "uid": "54e9167499a10144dbbbdd76b20bb2cc",
        "duration": 33001738135,
        "accuracy": 0.5219,
        "train_loss": 1.288376182241513,
        "test_loss": 1.3002604496706822,
        "train_accuracy": 0.52562,
        "gradient_norm": 2.9999991211382118,
        "samples_per_second": 1515.080273184644,
        "best_accuracy": 0.5219,
        "best_epoch": 1,
        "cpu_type": "x86_64",
        "cpu_count": 32,
        "total_ram_kb": 131724388.0,
        "gpu_type": "NVIDIA GeForce RTX 3090",
        "gpu_total_memory_kb": 24703168.0,
        "occupied_ram_kb": 17537236.0,
        "ram_usage_percent": 15.6,
        "cpu_usage_percent": 0.3,
        "occupied_gpu_memory_kb": 26231.0,
        "gpu_memory_usage_percent": 0.11,
        "gpu_memory_kb": 6268638.0
    },
    "training_summary": {
        "total_epochs": 1,
        "best_accuracy": 0.5219,
        "final_accuracy": 0.5219
    },
    "uid": "1f613329987157f980c9200ca8a4438f"
}