{
    "config": {
        "task": "img-classification",
        "dataset": "cifar-10",
        "metric": "acc",
        "model": "GenFractalNet-38dd91fe68ee94323279288cb2372de3"
    },
    "hyperparameters": {
        "lr": 0.003,
        "momentum": 0.85,
        "batch": 64,
        "epoch": 1,
        "transform": "norm_32_flip",
        "max_batches": null,
        "uid": "2f2d598760b629b9174e1f9aaeecca8a",
        "duration": 42689847693,
        "accuracy": 0.5236,
        "train_loss": 1.3786628192190624,
        "test_loss": 1.3956663525028594,
        "train_accuracy": 0.52764,
        "gradient_norm": 0.6564473446945936,
        "samples_per_second": 1171.2520892679986,
        "best_accuracy": 0.5236,
        "best_epoch": 1,
        "cpu_type": "x86_64",
        "cpu_count": 32,
        "total_ram_kb": 131724388.0,
        "gpu_type": "NVIDIA GeForce RTX 3090",
        "gpu_total_memory_kb": 24703168.0,
        "occupied_ram_kb": 17378208.0,
        "ram_usage_percent": 15.5,
        "cpu_usage_percent": 2.2,
        "occupied_gpu_memory_kb": 32811.0,
        "gpu_memory_usage_percent": 0.13,
        "gpu_memory_kb": 6319711.0
    },
    "training_summary": {
        "total_epochs": 1,
        "best_accuracy": 0.5236,
        "final_accuracy": 0.5236
    },
    "uid": "38dd91fe68ee94323279288cb2372de3"
}