{
    "config": {
        "task": "img-classification",
        "dataset": "cifar-10",
        "metric": "acc",
        "model": "GenFractalNet-8bbeef8cfe4183219494d4d45a7fe19c"
    },
    "hyperparameters": {
        "lr": 0.01,
        "momentum": 0.75,
        "batch": 64,
        "epoch": 1,
        "transform": "norm_32_flip",
        "max_batches": null,
        "uid": "d091050f01990917d03203023019d417",
        "duration": 34976900131,
        "accuracy": 0.4806,
        "train_loss": 1.4002710516800356,
        "test_loss": 1.4131888348585482,
        "train_accuracy": 0.48626,
        "gradient_norm": 2.9999996952012014,
        "samples_per_second": 1429.523319518586,
        "best_accuracy": 0.4806,
        "best_epoch": 1,
        "cpu_type": "x86_64",
        "cpu_count": 128,
        "total_ram_kb": 263708948.0,
        "gpu_type": "NVIDIA GeForce RTX 3090",
        "gpu_total_memory_kb": 24703168.0,
        "occupied_ram_kb": 33009904.0,
        "ram_usage_percent": 14.3,
        "cpu_usage_percent": 7.1,
        "occupied_gpu_memory_kb": 21727.5,
        "gpu_memory_usage_percent": 0.09,
        "gpu_memory_kb": 5390012.5
    },
    "training_summary": {
        "total_epochs": 1,
        "best_accuracy": 0.4806,
        "final_accuracy": 0.4806
    },
    "uid": "8bbeef8cfe4183219494d4d45a7fe19c"
}