{
    "config": {
        "task": "img-classification",
        "dataset": "cifar-10",
        "metric": "acc",
        "model": "GenFractalNet-761aa5b977b686fd7f78def93436c6d6"
    },
    "hyperparameters": {
        "lr": 0.003,
        "momentum": 0.75,
        "batch": 64,
        "epoch": 1,
        "transform": "norm_32_flip",
        "max_batches": null,
        "uid": "a63387910132d79fd15b7eb6df3c7f86",
        "duration": 36044494135,
        "accuracy": 0.3307,
        "train_loss": 1.7786101311673899,
        "test_loss": 1.7679160453711347,
        "train_accuracy": 0.32188,
        "gradient_norm": 0.482853725207649,
        "samples_per_second": 1387.1884067548453,
        "best_accuracy": 0.3307,
        "best_epoch": 1,
        "cpu_type": "x86_64",
        "cpu_count": 128,
        "total_ram_kb": 263708948.0,
        "gpu_type": "NVIDIA GeForce RTX 3090",
        "gpu_total_memory_kb": 24703168.0,
        "occupied_ram_kb": 16844016.0,
        "ram_usage_percent": 8.1,
        "cpu_usage_percent": 0.0,
        "occupied_gpu_memory_kb": 20826.0,
        "gpu_memory_usage_percent": 0.08,
        "gpu_memory_kb": 4787008.5
    },
    "training_summary": {
        "total_epochs": 1,
        "best_accuracy": 0.3307,
        "final_accuracy": 0.3307
    },
    "uid": "761aa5b977b686fd7f78def93436c6d6"
}