{
    "config": {
        "task": "img-classification",
        "dataset": "cifar-10",
        "metric": "acc",
        "model": "GenFractalNet-f2fd69796b2d297ffc6664035c1bca08"
    },
    "hyperparameters": {
        "lr": 0.01,
        "momentum": 0.92,
        "batch": 64,
        "epoch": 1,
        "transform": "norm_32_flip",
        "max_batches": null,
        "uid": "fb90a55754624e15cc974013a9a25d1f",
        "duration": 38671774626,
        "accuracy": 0.4388,
        "train_loss": 1.519927797262626,
        "test_loss": 1.516888793107051,
        "train_accuracy": 0.43268,
        "gradient_norm": 1.063013919022166,
        "samples_per_second": 1292.9450742522326,
        "best_accuracy": 0.4388,
        "best_epoch": 1,
        "cpu_type": "x86_64",
        "cpu_count": 128,
        "total_ram_kb": 263708948.0,
        "gpu_type": "NVIDIA GeForce RTX 3090",
        "gpu_total_memory_kb": 24703168.0,
        "occupied_ram_kb": 22633548.0,
        "ram_usage_percent": 11.5,
        "cpu_usage_percent": 0.9,
        "occupied_gpu_memory_kb": 99718.0,
        "gpu_memory_usage_percent": 0.4,
        "gpu_memory_kb": 6318687.0
    },
    "training_summary": {
        "total_epochs": 1,
        "best_accuracy": 0.4388,
        "final_accuracy": 0.4388
    },
    "uid": "f2fd69796b2d297ffc6664035c1bca08"
}