{
    "eval_args": {
        "model_package": "/home/s497466/nn-gpt/out/nngpt/llm/epoch/A0/synth_nn/B77",
        "task": "img-classification",
        "dataset": "imagenette",
        "metric": "acc",
        "prm": {
            "lr": 0.01,
            "batch": 32,
            "dropout": 0.2,
            "momentum": 0.9,
            "transform": "norm_256_flip",
            "stochastic_depth_prob": 0.0,
            "norm_eps": 1e-05,
            "norm_std": 0.5,
            "tie_weights": 0.0,
            "dropout_aux": 0.0,
            "attention_dropout": 0.0,
            "norm_momentum": 0.1,
            "score_thresh": 0.01,
            "nms_thresh": 0.45,
            "iou_thresh": 0.5,
            "detections_per_img": 0.5,
            "topk_candidates": 0.5,
            "neg_to_pos_ratio": 0.5,
            "pretrained": 0.0,
            "patch_size": 0.125,
            "epoch": 1,
            "uid": "b9095d884c36ec05935d296b86e19df1",
            "duration": 237878622937,
            "duration_seconds": 237.88,
            "accuracy": 0.38522292993630575,
            "train_stat": {
                "train_loss": 1.9593290599425575,
                "test_loss": 2.2468672181532634,
                "train_accuracy": 0.3418523603337206,
                "gradient_norm": 2.9999996782436433,
                "samples_per_second": 39.8089690278284,
                "best_accuracy": 0.38522292993630575,
                "best_epoch": 1,
                "epoch_max": 1,
                "cpu_count": 128,
                "cpu_type": "x86_64",
                "cpu_usage_percent": 44.4,
                "total_ram_kb": 1056603668.0,
                "occupied_ram_kb": 174109108.0,
                "ram_usage_percent": 16.5,
                "gpu_type": "NVIDIA L40S",
                "gpu_memory_kb": 31718620.0,
                "gpu_total_memory_kb": 46550528.0,
                "occupied_gpu_memory_kb": 401570.0,
                "gpu_memory_usage_percent": 0.86
            },
            "metric_acc": 0.38522292993630575
        }
    },
    "eval_results": {
        "checksum": "FractalFusion-4b-f79f70c5f519f4d6dd981255844b4681",
        "accuracy": 0.38522292993630575,
        "full_result": "('FractalFusion-4b-f79f70c5f519f4d6dd981255844b4681', 0.38522292993630575, 0.11990271610570254, 0.57)"
    },
    "cli_args": {
        "task": "img-classification",
        "dataset": "imagenette",
        "metric": "acc",
        "lr": 0.01,
        "batch": 32,
        "dropout": 0.2,
        "momentum": 0.9,
        "transform": "norm_256_flip"
    }
}