{
    "eval_args": {
        "model_package": "/home/s497466/nn-gpt/out/nngpt/llm/epoch/A0/synth_nn/B44",
        "task": "img-classification",
        "dataset": "imagenette",
        "metric": "acc",
        "prm": {
            "lr": 0.01,
            "batch": 32,
            "dropout": 0.2,
            "momentum": 0.9,
            "transform": "norm_256_flip",
            "stochastic_depth_prob": 0.0,
            "norm_eps": 1e-05,
            "norm_std": 0.5,
            "tie_weights": 0.0,
            "dropout_aux": 0.0,
            "attention_dropout": 0.0,
            "norm_momentum": 0.1,
            "score_thresh": 0.01,
            "nms_thresh": 0.45,
            "iou_thresh": 0.5,
            "detections_per_img": 0.5,
            "topk_candidates": 0.5,
            "neg_to_pos_ratio": 0.5,
            "pretrained": 0.0,
            "patch_size": 0.125,
            "epoch": 1,
            "uid": "b9095d884c36ec05935d296b86e19df1",
            "duration": 207009849428,
            "duration_seconds": 207.01,
            "accuracy": 0.15566878980891719,
            "train_stat": {
                "train_loss": 1.896161681282091,
                "test_loss": 2.7082245437110344,
                "train_accuracy": 0.33562150174252825,
                "gradient_norm": 3.0000000148988994,
                "samples_per_second": 45.743764846061616,
                "best_accuracy": 0.15566878980891719,
                "best_epoch": 1,
                "epoch_max": 1,
                "cpu_count": 128,
                "cpu_type": "x86_64",
                "cpu_usage_percent": 10.2,
                "total_ram_kb": 1056603668.0,
                "occupied_ram_kb": 151470336.0,
                "ram_usage_percent": 14.3,
                "gpu_type": "NVIDIA L40S",
                "gpu_memory_kb": 23093099.0,
                "gpu_total_memory_kb": 46550528.0,
                "occupied_gpu_memory_kb": 237563.5,
                "gpu_memory_usage_percent": 0.51
            },
            "metric_acc": 0.15566878980891719
        }
    },
    "eval_results": {
        "checksum": "FractalFusion-4b-16216f18bd229fe2e5c84cc94f677d93",
        "accuracy": 0.15566878980891719,
        "full_result": "('FractalFusion-4b-16216f18bd229fe2e5c84cc94f677d93', 0.15566878980891719, 0.026891855611092225, 0.57)"
    },
    "cli_args": {
        "task": "img-classification",
        "dataset": "imagenette",
        "metric": "acc",
        "lr": 0.01,
        "batch": 32,
        "dropout": 0.2,
        "momentum": 0.9,
        "transform": "norm_256_flip"
    }
}