{
    "config": {
        "task": "img-classification",
        "dataset": "cifar-10",
        "metric": "acc",
        "model": "GenFractalNet-90fd4bc12666ac62f804ff03936cc252"
    },
    "hyperparameters": {
        "lr": 0.005,
        "momentum": 0.95,
        "batch": 64,
        "epoch": 1,
        "transform": "norm_32_flip",
        "max_batches": null,
        "uid": "c3bab3e9931db53638d2791332ae0024",
        "duration": 33460950375,
        "accuracy": 0.4959,
        "train_loss": 1.360398080952637,
        "test_loss": 1.361983628030036,
        "train_accuracy": 0.49416,
        "gradient_norm": 2.9999994328474675,
        "samples_per_second": 1494.3018104806913,
        "best_accuracy": 0.4959,
        "best_epoch": 1,
        "cpu_type": "x86_64",
        "cpu_count": 32,
        "total_ram_kb": 131724388.0,
        "gpu_type": "NVIDIA GeForce RTX 3090",
        "gpu_total_memory_kb": 24703168.0,
        "occupied_ram_kb": 17272300.0,
        "ram_usage_percent": 15.4,
        "cpu_usage_percent": 0.0,
        "occupied_gpu_memory_kb": 17081.0,
        "gpu_memory_usage_percent": 0.07,
        "gpu_memory_kb": 4411018.0
    },
    "training_summary": {
        "total_epochs": 1,
        "best_accuracy": 0.4959,
        "final_accuracy": 0.4959
    },
    "uid": "90fd4bc12666ac62f804ff03936cc252"
}