{
    "config": {
        "task": "img-classification",
        "dataset": "cifar-10",
        "metric": "acc",
        "model": "GenFractalNet-9d1e8cc465f9ddd3c89d24c689459f18"
    },
    "hyperparameters": {
        "lr": 0.01,
        "momentum": 0.75,
        "batch": 64,
        "epoch": 1,
        "transform": "norm_32_flip",
        "max_batches": null,
        "uid": "d091050f01990917d03203023019d417",
        "duration": 34555068401,
        "accuracy": 0.3869,
        "train_loss": 1.7535451850317934,
        "test_loss": 1.7661035265892175,
        "train_accuracy": 0.38644,
        "gradient_norm": 2.999999577018708,
        "samples_per_second": 1446.977537453658,
        "best_accuracy": 0.3869,
        "best_epoch": 1,
        "cpu_type": "x86_64",
        "cpu_count": 128,
        "total_ram_kb": 263708948.0,
        "gpu_type": "NVIDIA GeForce RTX 3090",
        "gpu_total_memory_kb": 24703168.0,
        "occupied_ram_kb": 35382016.0,
        "ram_usage_percent": 15.2,
        "cpu_usage_percent": 5.6,
        "occupied_gpu_memory_kb": 17918.0,
        "gpu_memory_usage_percent": 0.07,
        "gpu_memory_kb": 6266059.5
    },
    "training_summary": {
        "total_epochs": 1,
        "best_accuracy": 0.3869,
        "final_accuracy": 0.3869
    },
    "uid": "9d1e8cc465f9ddd3c89d24c689459f18"
}