{
    "config": {
        "task": "img-classification",
        "dataset": "cifar-10",
        "metric": "acc",
        "model": "GenFractalNet-97279e8f506e2ece6105813be33bd420"
    },
    "hyperparameters": {
        "lr": 0.01,
        "momentum": 0.95,
        "batch": 64,
        "epoch": 1,
        "transform": "norm_32_flip",
        "max_batches": null,
        "uid": "7e0d9d3a4af27bbe52d1557a4daae329",
        "duration": 35978173965,
        "accuracy": 0.1565,
        "train_loss": 3.1333771773311487,
        "test_loss": 3.125756131615608,
        "train_accuracy": 0.15812,
        "gradient_norm": 0.29423195928241236,
        "samples_per_second": 1389.7503501957137,
        "best_accuracy": 0.1565,
        "best_epoch": 1,
        "cpu_type": "x86_64",
        "cpu_count": 128,
        "total_ram_kb": 263708948.0,
        "gpu_type": "NVIDIA GeForce RTX 3090",
        "gpu_total_memory_kb": 24703168.0,
        "occupied_ram_kb": 30914964.0,
        "ram_usage_percent": 13.5,
        "cpu_usage_percent": 5.3,
        "occupied_gpu_memory_kb": 20470.0,
        "gpu_memory_usage_percent": 0.08,
        "gpu_memory_kb": 6272025.5
    },
    "training_summary": {
        "total_epochs": 1,
        "best_accuracy": 0.1565,
        "final_accuracy": 0.1565
    },
    "uid": "97279e8f506e2ece6105813be33bd420"
}