{
    "config": {
        "task": "img-classification",
        "dataset": "cifar-10",
        "metric": "acc",
        "model": "GenFractalNet-b32ce7f5fc4c5c8dfb0207271e88f43a"
    },
    "hyperparameters": {
        "lr": 0.005,
        "momentum": 0.85,
        "batch": 64,
        "epoch": 1,
        "transform": "norm_32_flip",
        "max_batches": null,
        "uid": "66c0389308131baca1c2e07779bf8112",
        "duration": 31693533893,
        "accuracy": 0.3808,
        "train_loss": 1.6752001620314616,
        "test_loss": 1.668373681177759,
        "train_accuracy": 0.37134,
        "gradient_norm": 2.742208808580491,
        "samples_per_second": 1577.620815761707,
        "best_accuracy": 0.3808,
        "best_epoch": 1,
        "cpu_type": "x86_64",
        "cpu_count": 128,
        "total_ram_kb": 263708948.0,
        "gpu_type": "NVIDIA GeForce RTX 3090",
        "gpu_total_memory_kb": 24703168.0,
        "occupied_ram_kb": 25705788.0,
        "ram_usage_percent": 11.5,
        "cpu_usage_percent": 0.9,
        "occupied_gpu_memory_kb": 17054.5,
        "gpu_memory_usage_percent": 0.07,
        "gpu_memory_kb": 4694452.5
    },
    "training_summary": {
        "total_epochs": 1,
        "best_accuracy": 0.3808,
        "final_accuracy": 0.3808
    },
    "uid": "b32ce7f5fc4c5c8dfb0207271e88f43a"
}