{
    "config": {
        "task": "img-classification",
        "dataset": "cifar-10",
        "metric": "acc",
        "model": "GenFractalNet-60d2d91d071251cc2cf5e46f806d07ea"
    },
    "hyperparameters": {
        "lr": 0.001,
        "momentum": 0.95,
        "batch": 64,
        "epoch": 1,
        "transform": "norm_32_flip",
        "max_batches": null,
        "uid": "413233aa5202d01e749eded26a1af0b4",
        "duration": 35515942482,
        "accuracy": 0.3561,
        "train_loss": 1.7618249011466571,
        "test_loss": 1.7625833400495492,
        "train_accuracy": 0.34736,
        "gradient_norm": 1.906532563930773,
        "samples_per_second": 1407.8272944654416,
        "best_accuracy": 0.3561,
        "best_epoch": 1,
        "cpu_type": "x86_64",
        "cpu_count": 128,
        "total_ram_kb": 263708948.0,
        "gpu_type": "NVIDIA GeForce RTX 3090",
        "gpu_total_memory_kb": 24703168.0,
        "occupied_ram_kb": 29041596.0,
        "ram_usage_percent": 12.7,
        "cpu_usage_percent": 6.7,
        "occupied_gpu_memory_kb": 26688.5,
        "gpu_memory_usage_percent": 0.11,
        "gpu_memory_kb": 5717030.0
    },
    "training_summary": {
        "total_epochs": 1,
        "best_accuracy": 0.3561,
        "final_accuracy": 0.3561
    },
    "uid": "60d2d91d071251cc2cf5e46f806d07ea"
}