{
    "eval_args": {
        "model_package": "/home/s497466/nn-gpt/out/nngpt/llm/epoch/A0/synth_nn/B18",
        "task": "img-classification",
        "dataset": "imagenette",
        "metric": "acc",
        "prm": {
            "lr": 0.01,
            "batch": 32,
            "dropout": 0.2,
            "momentum": 0.9,
            "transform": "norm_256_flip",
            "stochastic_depth_prob": 0.0,
            "norm_eps": 1e-05,
            "norm_std": 0.5,
            "tie_weights": 0.0,
            "dropout_aux": 0.0,
            "attention_dropout": 0.0,
            "norm_momentum": 0.1,
            "score_thresh": 0.01,
            "nms_thresh": 0.45,
            "iou_thresh": 0.5,
            "detections_per_img": 0.5,
            "topk_candidates": 0.5,
            "neg_to_pos_ratio": 0.5,
            "pretrained": 0.0,
            "patch_size": 0.125,
            "epoch": 1,
            "uid": "b9095d884c36ec05935d296b86e19df1",
            "duration": 155258468921,
            "duration_seconds": 155.26,
            "accuracy": 0.21222929936305732,
            "train_stat": {
                "train_loss": 1.8439317365195762,
                "test_loss": 2.3774363044800797,
                "train_accuracy": 0.34787200337944874,
                "gradient_norm": 2.9999997028166137,
                "samples_per_second": 60.99175900800205,
                "best_accuracy": 0.21222929936305732,
                "best_epoch": 1,
                "epoch_max": 1,
                "cpu_count": 128,
                "cpu_type": "x86_64",
                "cpu_usage_percent": 12.2,
                "total_ram_kb": 1056603672.0,
                "occupied_ram_kb": 191724836.0,
                "ram_usage_percent": 18.1,
                "gpu_type": "NVIDIA L40S",
                "gpu_memory_kb": 26724346.0,
                "gpu_total_memory_kb": 46550528.0,
                "occupied_gpu_memory_kb": 220598.0,
                "gpu_memory_usage_percent": 0.47
            },
            "metric_acc": 0.21222929936305732
        }
    },
    "eval_results": {
        "checksum": "FractalFusion-6b-e7e094447713bc6328c373f002f24d05",
        "accuracy": 0.21222929936305732,
        "full_result": "('FractalFusion-6b-e7e094447713bc6328c373f002f24d05', 0.21222929936305732, 0.0722854605890535, 0.59)"
    },
    "cli_args": {
        "task": "img-classification",
        "dataset": "imagenette",
        "metric": "acc",
        "lr": 0.01,
        "batch": 32,
        "dropout": 0.2,
        "momentum": 0.9,
        "transform": "norm_256_flip"
    }
}