{
    "config": {
        "task": "img-classification",
        "dataset": "cifar-10",
        "metric": "acc",
        "model": "GenFractalNet-6a77a8279366945eff7208764b8ad01a"
    },
    "hyperparameters": {
        "lr": 0.01,
        "momentum": 0.95,
        "batch": 64,
        "epoch": 1,
        "transform": "norm_32_flip",
        "max_batches": null,
        "uid": "7e0d9d3a4af27bbe52d1557a4daae329",
        "duration": 34864094406,
        "accuracy": 0.168,
        "train_loss": 2.290207951270101,
        "test_loss": 2.28970339191947,
        "train_accuracy": 0.16642,
        "gradient_norm": 0.9833592292741734,
        "samples_per_second": 1434.1503508393366,
        "best_accuracy": 0.168,
        "best_epoch": 1,
        "cpu_type": "x86_64",
        "cpu_count": 128,
        "total_ram_kb": 263708948.0,
        "gpu_type": "NVIDIA GeForce RTX 3090",
        "gpu_total_memory_kb": 24703168.0,
        "occupied_ram_kb": 32181276.0,
        "ram_usage_percent": 14.0,
        "cpu_usage_percent": 5.1,
        "occupied_gpu_memory_kb": 17651.5,
        "gpu_memory_usage_percent": 0.07,
        "gpu_memory_kb": 5441234.5
    },
    "training_summary": {
        "total_epochs": 1,
        "best_accuracy": 0.168,
        "final_accuracy": 0.168
    },
    "uid": "6a77a8279366945eff7208764b8ad01a"
}