{
    "config": {
        "task": "img-classification",
        "dataset": "cifar-10",
        "metric": "acc",
        "model": "GenFractalNet-30a377f54277b3d57dde29b78972ae15"
    },
    "hyperparameters": {
        "lr": 0.001,
        "momentum": 0.95,
        "batch": 64,
        "epoch": 1,
        "transform": "norm_32_flip",
        "max_batches": null,
        "uid": "413233aa5202d01e749eded26a1af0b4",
        "duration": 49703519448,
        "accuracy": 0.4833,
        "train_loss": 1.4047481137163498,
        "test_loss": 1.4152262772724127,
        "train_accuracy": 0.49044,
        "gradient_norm": 2.9999996412786745,
        "samples_per_second": 1005.9725170999506,
        "best_accuracy": 0.4833,
        "best_epoch": 1,
        "cpu_type": "x86_64",
        "cpu_count": 128,
        "total_ram_kb": 263708948.0,
        "gpu_type": "NVIDIA GeForce RTX 3090",
        "gpu_total_memory_kb": 24703168.0,
        "occupied_ram_kb": 32934396.0,
        "ram_usage_percent": 14.2,
        "cpu_usage_percent": 3.8,
        "occupied_gpu_memory_kb": 75427.5,
        "gpu_memory_usage_percent": 0.31,
        "gpu_memory_kb": 5636869.0
    },
    "training_summary": {
        "total_epochs": 1,
        "best_accuracy": 0.4833,
        "final_accuracy": 0.4833
    },
    "uid": "30a377f54277b3d57dde29b78972ae15"
}