{
    "eval_args": {
        "model_package": "/home/s497466/nn-gpt/out/nngpt/llm/epoch/A0/synth_nn/B71",
        "task": "img-classification",
        "dataset": "imagenette",
        "metric": "acc",
        "prm": {
            "lr": 0.01,
            "batch": 32,
            "dropout": 0.2,
            "momentum": 0.9,
            "transform": "norm_256_flip",
            "stochastic_depth_prob": 0.0,
            "norm_eps": 1e-05,
            "norm_std": 0.5,
            "tie_weights": 0.0,
            "dropout_aux": 0.0,
            "attention_dropout": 0.0,
            "norm_momentum": 0.1,
            "score_thresh": 0.01,
            "nms_thresh": 0.45,
            "iou_thresh": 0.5,
            "detections_per_img": 0.5,
            "topk_candidates": 0.5,
            "neg_to_pos_ratio": 0.5,
            "pretrained": 0.0,
            "patch_size": 0.125,
            "epoch": 1,
            "uid": "b9095d884c36ec05935d296b86e19df1",
            "duration": 286539149723,
            "duration_seconds": 286.54,
            "accuracy": 0.2221656050955414,
            "train_stat": {
                "train_loss": 2.1527200797528474,
                "test_loss": 2.520115087187387,
                "train_accuracy": 0.27077832928503537,
                "gradient_norm": 2.9999996477411464,
                "samples_per_second": 33.047431776462744,
                "best_accuracy": 0.2221656050955414,
                "best_epoch": 1,
                "epoch_max": 1,
                "cpu_count": 128,
                "cpu_type": "x86_64",
                "cpu_usage_percent": 48.7,
                "total_ram_kb": 1056603700.0,
                "occupied_ram_kb": 174276968.0,
                "ram_usage_percent": 16.5,
                "gpu_type": "NVIDIA L40S",
                "gpu_memory_kb": 20933535.0,
                "gpu_total_memory_kb": 46550528.0,
                "occupied_gpu_memory_kb": 267651.0,
                "gpu_memory_usage_percent": 0.57
            },
            "metric_acc": 0.2221656050955414
        }
    },
    "eval_results": {
        "checksum": "FractalFusion-3b-4f6745f7b4dd02ae45a5d0b797776ae4",
        "accuracy": 0.2221656050955414,
        "full_result": "('FractalFusion-3b-4f6745f7b4dd02ae45a5d0b797776ae4', 0.2221656050955414, 0.042634873878016316, 0.6)"
    },
    "cli_args": {
        "task": "img-classification",
        "dataset": "imagenette",
        "metric": "acc",
        "lr": 0.01,
        "batch": 32,
        "dropout": 0.2,
        "momentum": 0.9,
        "transform": "norm_256_flip"
    }
}