{
    "config": {
        "task": "img-classification",
        "dataset": "cifar-10",
        "metric": "acc",
        "model": "GenFractalNet-87c4350be062b1214def453f64a42d6c"
    },
    "hyperparameters": {
        "lr": 0.005,
        "momentum": 0.75,
        "batch": 64,
        "epoch": 1,
        "transform": "norm_32_flip",
        "max_batches": null,
        "uid": "53491a4d36a6cc19b8a31ca7d743eb4c",
        "duration": 36266018446,
        "accuracy": 0.4934,
        "train_loss": 1.3374560893039265,
        "test_loss": 1.3405442010065554,
        "train_accuracy": 0.49516,
        "gradient_norm": 2.871823553146966,
        "samples_per_second": 1378.7125348822942,
        "best_accuracy": 0.4934,
        "best_epoch": 1,
        "cpu_type": "x86_64",
        "cpu_count": 128,
        "total_ram_kb": 263708948.0,
        "gpu_type": "NVIDIA GeForce RTX 3090",
        "gpu_total_memory_kb": 24703168.0,
        "occupied_ram_kb": 28187612.0,
        "ram_usage_percent": 12.4,
        "cpu_usage_percent": 7.6,
        "occupied_gpu_memory_kb": 17091.5,
        "gpu_memory_usage_percent": 0.07,
        "gpu_memory_kb": 6272893.5
    },
    "training_summary": {
        "total_epochs": 1,
        "best_accuracy": 0.4934,
        "final_accuracy": 0.4934
    },
    "uid": "87c4350be062b1214def453f64a42d6c"
}