{
    "config": {
        "task": "img-classification",
        "dataset": "cifar-10",
        "metric": "acc",
        "model": "GenFractalNet-f89ca7ee551367fe5051499b77ef7673"
    },
    "hyperparameters": {
        "lr": 0.01,
        "momentum": 0.85,
        "batch": 64,
        "epoch": 1,
        "transform": "norm_32_flip",
        "max_batches": null,
        "uid": "9a0ac318ff9595fe2f49aa22f8b190c4",
        "duration": 35459287228,
        "accuracy": 0.3445,
        "train_loss": 1.6322989873873912,
        "test_loss": 1.625981626237274,
        "train_accuracy": 0.35006,
        "gradient_norm": 0.6474431992297867,
        "samples_per_second": 1410.0789892839384,
        "best_accuracy": 0.3445,
        "best_epoch": 1,
        "cpu_type": "x86_64",
        "cpu_count": 128,
        "total_ram_kb": 263708948.0,
        "gpu_type": "NVIDIA GeForce RTX 3090",
        "gpu_total_memory_kb": 24703168.0,
        "occupied_ram_kb": 33098564.0,
        "ram_usage_percent": 14.3,
        "cpu_usage_percent": 7.4,
        "occupied_gpu_memory_kb": 17092.0,
        "gpu_memory_usage_percent": 0.07,
        "gpu_memory_kb": 4809538.0
    },
    "training_summary": {
        "total_epochs": 1,
        "best_accuracy": 0.3445,
        "final_accuracy": 0.3445
    },
    "uid": "f89ca7ee551367fe5051499b77ef7673"
}