{
    "config": {
        "task": "img-classification",
        "dataset": "cifar-10",
        "metric": "acc",
        "model": "GenFractalNet-ecf0e698b225d01df2d3458133931e56"
    },
    "hyperparameters": {
        "lr": 0.01,
        "momentum": 0.95,
        "batch": 64,
        "epoch": 1,
        "transform": "norm_32_flip",
        "max_batches": null,
        "uid": "7e0d9d3a4af27bbe52d1557a4daae329",
        "duration": 33169904045,
        "accuracy": 0.3518,
        "train_loss": 1.6847041249275208,
        "test_loss": 1.684371201096067,
        "train_accuracy": 0.34932,
        "gradient_norm": 1.7932915810886114,
        "samples_per_second": 1507.39985746525,
        "best_accuracy": 0.3518,
        "best_epoch": 1,
        "cpu_type": "x86_64",
        "cpu_count": 32,
        "total_ram_kb": 131724388.0,
        "gpu_type": "NVIDIA GeForce RTX 4090",
        "gpu_total_memory_kb": 24658816.0,
        "occupied_ram_kb": 17259860.0,
        "ram_usage_percent": 15.4,
        "cpu_usage_percent": 0.0,
        "occupied_gpu_memory_kb": 16802.5,
        "gpu_memory_usage_percent": 0.07,
        "gpu_memory_kb": 5559723.0
    },
    "training_summary": {
        "total_epochs": 1,
        "best_accuracy": 0.3518,
        "final_accuracy": 0.3518
    },
    "uid": "ecf0e698b225d01df2d3458133931e56"
}