{
    "config": {
        "task": "img-classification",
        "dataset": "cifar-10",
        "metric": "acc",
        "model": "GenFractalNet-23662264034d8ea19bc72e9c4467b824"
    },
    "hyperparameters": {
        "lr": 0.005,
        "momentum": 0.92,
        "batch": 64,
        "epoch": 1,
        "transform": "norm_32_flip",
        "max_batches": null,
        "uid": "ef1fc8828fb58640dee7e64df834685d",
        "duration": 34242951054,
        "accuracy": 0.4757,
        "train_loss": 1.4219628550359964,
        "test_loss": 1.4315970551436115,
        "train_accuracy": 0.48124,
        "gradient_norm": 1.1095275170684022,
        "samples_per_second": 1460.1646843100468,
        "best_accuracy": 0.4757,
        "best_epoch": 1,
        "cpu_type": "x86_64",
        "cpu_count": 32,
        "total_ram_kb": 131724388.0,
        "gpu_type": "NVIDIA GeForce RTX 4090",
        "gpu_total_memory_kb": 24658816.0,
        "occupied_ram_kb": 17152476.0,
        "ram_usage_percent": 15.3,
        "cpu_usage_percent": 0.0,
        "occupied_gpu_memory_kb": 56743.5,
        "gpu_memory_usage_percent": 0.23,
        "gpu_memory_kb": 5660059.5
    },
    "training_summary": {
        "total_epochs": 1,
        "best_accuracy": 0.4757,
        "final_accuracy": 0.4757
    },
    "uid": "23662264034d8ea19bc72e9c4467b824"
}