{
    "config": {
        "task": "img-classification",
        "dataset": "cifar-10",
        "metric": "acc",
        "model": "GenFractalNet-33af5551b3315ef3029c495522117030"
    },
    "hyperparameters": {
        "lr": 0.01,
        "momentum": 0.75,
        "batch": 64,
        "epoch": 1,
        "transform": "norm_32_flip",
        "max_batches": null,
        "uid": "d091050f01990917d03203023019d417",
        "duration": 37527019374,
        "accuracy": 0.4214,
        "train_loss": 1.585517822171721,
        "test_loss": 1.5714475372035033,
        "train_accuracy": 0.41482,
        "gradient_norm": 0.6397420003311982,
        "samples_per_second": 1332.3884536108992,
        "best_accuracy": 0.4214,
        "best_epoch": 1,
        "cpu_type": "x86_64",
        "cpu_count": 128,
        "total_ram_kb": 263708948.0,
        "gpu_type": "NVIDIA GeForce RTX 3090",
        "gpu_total_memory_kb": 24703168.0,
        "occupied_ram_kb": 21218108.0,
        "ram_usage_percent": 11.2,
        "cpu_usage_percent": 0.9,
        "occupied_gpu_memory_kb": 100008.0,
        "gpu_memory_usage_percent": 0.4,
        "gpu_memory_kb": 6318687.0
    },
    "training_summary": {
        "total_epochs": 1,
        "best_accuracy": 0.4214,
        "final_accuracy": 0.4214
    },
    "uid": "33af5551b3315ef3029c495522117030"
}