{
    "config": {
        "task": "img-classification",
        "dataset": "cifar-10",
        "metric": "acc",
        "model": "GenFractalNet-a68970c401990db305ded275a133d7a8"
    },
    "hyperparameters": {
        "lr": 0.003,
        "momentum": 0.95,
        "batch": 64,
        "epoch": 1,
        "transform": "norm_32_flip",
        "max_batches": null,
        "uid": "9ea869fde7b3127470ef4c9a9f95d4c3",
        "duration": 36818785666,
        "accuracy": 0.4932,
        "train_loss": 1.3334836745658494,
        "test_loss": 1.342770121659443,
        "train_accuracy": 0.49802,
        "gradient_norm": 2.99999912209748,
        "samples_per_second": 1358.01759708751,
        "best_accuracy": 0.4932,
        "best_epoch": 1,
        "cpu_type": "x86_64",
        "cpu_count": 128,
        "total_ram_kb": 263708948.0,
        "gpu_type": "NVIDIA GeForce RTX 3090",
        "gpu_total_memory_kb": 24703168.0,
        "occupied_ram_kb": 28831740.0,
        "ram_usage_percent": 12.7,
        "cpu_usage_percent": 6.4,
        "occupied_gpu_memory_kb": 39957.5,
        "gpu_memory_usage_percent": 0.16,
        "gpu_memory_kb": 4839565.5
    },
    "training_summary": {
        "total_epochs": 1,
        "best_accuracy": 0.4932,
        "final_accuracy": 0.4932
    },
    "uid": "a68970c401990db305ded275a133d7a8"
}