{
    "config": {
        "task": "img-classification",
        "dataset": "cifar-10",
        "metric": "acc",
        "model": "GenFractalNet-95cc899f1163dfb217ea2ce09d361208"
    },
    "hyperparameters": {
        "lr": 0.001,
        "momentum": 0.75,
        "batch": 64,
        "epoch": 1,
        "transform": "norm_32_flip",
        "max_batches": null,
        "uid": "b6bfaf83998d37f4d3476cb4c42c7314",
        "duration": 40103865067,
        "accuracy": 0.1721,
        "train_loss": 2.2151568423756554,
        "test_loss": 2.214117258217684,
        "train_accuracy": 0.17502,
        "gradient_norm": 2.9999990726717316,
        "samples_per_second": 1246.7781435280397,
        "best_accuracy": 0.1721,
        "best_epoch": 1,
        "cpu_type": "x86_64",
        "cpu_count": 32,
        "total_ram_kb": 131724388.0,
        "gpu_type": "NVIDIA GeForce RTX 3090",
        "gpu_total_memory_kb": 24703168.0,
        "occupied_ram_kb": 17403724.0,
        "ram_usage_percent": 15.5,
        "cpu_usage_percent": 0.3,
        "occupied_gpu_memory_kb": 27949.0,
        "gpu_memory_usage_percent": 0.11,
        "gpu_memory_kb": 5558673.5
    },
    "training_summary": {
        "total_epochs": 1,
        "best_accuracy": 0.1721,
        "final_accuracy": 0.1721
    },
    "uid": "95cc899f1163dfb217ea2ce09d361208"
}