{
    "config": {
        "task": "img-classification",
        "dataset": "cifar-10",
        "metric": "acc",
        "model": "GenFractalNet-5dc05c948e59ce5a3f0fc2674852dd93"
    },
    "hyperparameters": {
        "lr": 0.005,
        "momentum": 0.75,
        "batch": 64,
        "epoch": 1,
        "transform": "norm_32_flip",
        "max_batches": null,
        "uid": "53491a4d36a6cc19b8a31ca7d743eb4c",
        "duration": 34326423717,
        "accuracy": 0.5263,
        "train_loss": 1.2981069540733572,
        "test_loss": 1.3111715400294892,
        "train_accuracy": 0.53248,
        "gradient_norm": 1.3886847480127102,
        "samples_per_second": 1456.612979737979,
        "best_accuracy": 0.5263,
        "best_epoch": 1,
        "cpu_type": "x86_64",
        "cpu_count": 128,
        "total_ram_kb": 263708948.0,
        "gpu_type": "NVIDIA GeForce RTX 3090",
        "gpu_total_memory_kb": 24703168.0,
        "occupied_ram_kb": 23670740.0,
        "ram_usage_percent": 10.7,
        "cpu_usage_percent": 1.5,
        "occupied_gpu_memory_kb": 17063.0,
        "gpu_memory_usage_percent": 0.07,
        "gpu_memory_kb": 2782956.5
    },
    "training_summary": {
        "total_epochs": 1,
        "best_accuracy": 0.5263,
        "final_accuracy": 0.5263
    },
    "uid": "5dc05c948e59ce5a3f0fc2674852dd93"
}