{
    "config": {
        "task": "img-classification",
        "dataset": "cifar-10",
        "metric": "acc",
        "model": "GenFractalNet-15f49783d249d76007461852b89e3a17"
    },
    "hyperparameters": {
        "lr": 0.001,
        "momentum": 0.95,
        "batch": 64,
        "epoch": 1,
        "transform": "norm_32_flip",
        "max_batches": null,
        "uid": "413233aa5202d01e749eded26a1af0b4",
        "duration": 33147031446,
        "accuracy": 0.2283,
        "train_loss": 1.970678892586847,
        "test_loss": 1.9700452810639788,
        "train_accuracy": 0.23128,
        "gradient_norm": 0.6442495880978968,
        "samples_per_second": 1508.4398217323007,
        "best_accuracy": 0.2283,
        "best_epoch": 1,
        "cpu_type": "x86_64",
        "cpu_count": 32,
        "total_ram_kb": 131724388.0,
        "gpu_type": "NVIDIA GeForce RTX 4090",
        "gpu_total_memory_kb": 24658816.0,
        "occupied_ram_kb": 17283208.0,
        "ram_usage_percent": 15.4,
        "cpu_usage_percent": 0.0,
        "occupied_gpu_memory_kb": 16824.5,
        "gpu_memory_usage_percent": 0.07,
        "gpu_memory_kb": 5660059.5
    },
    "training_summary": {
        "total_epochs": 1,
        "best_accuracy": 0.2283,
        "final_accuracy": 0.2283
    },
    "uid": "15f49783d249d76007461852b89e3a17"
}