{
    "config": {
        "task": "img-classification",
        "dataset": "cifar-10",
        "metric": "acc",
        "model": "GenFractalNet-28c03da40d4f058ea2f4795bed097574"
    },
    "hyperparameters": {
        "lr": 0.01,
        "momentum": 0.95,
        "batch": 64,
        "epoch": 1,
        "transform": "norm_32_flip",
        "max_batches": null,
        "uid": "7e0d9d3a4af27bbe52d1557a4daae329",
        "duration": 35284309285,
        "accuracy": 0.2454,
        "train_loss": 1.8906941048019683,
        "test_loss": 1.8885123205792373,
        "train_accuracy": 0.24202,
        "gradient_norm": 0.4945775789523974,
        "samples_per_second": 1417.0680576274785,
        "best_accuracy": 0.2454,
        "best_epoch": 1,
        "cpu_type": "x86_64",
        "cpu_count": 128,
        "total_ram_kb": 263708948.0,
        "gpu_type": "NVIDIA GeForce RTX 3090",
        "gpu_total_memory_kb": 24703168.0,
        "occupied_ram_kb": 32227000.0,
        "ram_usage_percent": 14.0,
        "cpu_usage_percent": 5.1,
        "occupied_gpu_memory_kb": 17290.0,
        "gpu_memory_usage_percent": 0.07,
        "gpu_memory_kb": 6272893.5
    },
    "training_summary": {
        "total_epochs": 1,
        "best_accuracy": 0.2454,
        "final_accuracy": 0.2454
    },
    "uid": "28c03da40d4f058ea2f4795bed097574"
}