{
    "eval_args": {
        "model_package": "/home/s497466/nn-gpt/out/nngpt/llm/epoch/A0/synth_nn/B57",
        "task": "img-classification",
        "dataset": "imagenette",
        "metric": "acc",
        "prm": {
            "lr": 0.01,
            "batch": 32,
            "dropout": 0.2,
            "momentum": 0.9,
            "transform": "norm_256_flip",
            "stochastic_depth_prob": 0.0,
            "norm_eps": 1e-05,
            "norm_std": 0.5,
            "tie_weights": 0.0,
            "dropout_aux": 0.0,
            "attention_dropout": 0.0,
            "norm_momentum": 0.1,
            "score_thresh": 0.01,
            "nms_thresh": 0.45,
            "iou_thresh": 0.5,
            "detections_per_img": 0.5,
            "topk_candidates": 0.5,
            "neg_to_pos_ratio": 0.5,
            "pretrained": 0.0,
            "patch_size": 0.125,
            "epoch": 1,
            "uid": "b9095d884c36ec05935d296b86e19df1",
            "duration": 249718426765,
            "duration_seconds": 249.72,
            "accuracy": 0.5036942675159236,
            "train_stat": {
                "train_loss": 1.8879839516149326,
                "test_loss": 1.6214864617440758,
                "train_accuracy": 0.3621290526982786,
                "gradient_norm": 2.9999997397326656,
                "samples_per_second": 37.92206100067285,
                "best_accuracy": 0.5036942675159236,
                "best_epoch": 1,
                "epoch_max": 1,
                "cpu_count": 128,
                "cpu_type": "x86_64",
                "cpu_usage_percent": 32.8,
                "total_ram_kb": 1056603672.0,
                "occupied_ram_kb": 189443524.0,
                "ram_usage_percent": 17.9,
                "gpu_type": "NVIDIA L40S",
                "gpu_memory_kb": 21936361.0,
                "gpu_total_memory_kb": 46550528.0,
                "occupied_gpu_memory_kb": 340389.0,
                "gpu_memory_usage_percent": 0.73
            },
            "metric_acc": 0.5036942675159236
        }
    },
    "eval_results": {
        "checksum": "FractalFusion-2b-bf17ad82f0a0bc7b0443880735049a44",
        "accuracy": 0.5036942675159236,
        "full_result": "('FractalFusion-2b-bf17ad82f0a0bc7b0443880735049a44', 0.5036942675159236, 0.1616597832789585, 0.59)"
    },
    "cli_args": {
        "task": "img-classification",
        "dataset": "imagenette",
        "metric": "acc",
        "lr": 0.01,
        "batch": 32,
        "dropout": 0.2,
        "momentum": 0.9,
        "transform": "norm_256_flip"
    }
}