{
    "config": {
        "task": "img-classification",
        "dataset": "cifar-10",
        "metric": "acc",
        "model": "GenFractalNet-c29e8a3a8b37ef266dc547b852796e30"
    },
    "hyperparameters": {
        "lr": 0.01,
        "momentum": 0.95,
        "batch": 64,
        "epoch": 1,
        "transform": "norm_32_flip",
        "max_batches": null,
        "uid": "7e0d9d3a4af27bbe52d1557a4daae329",
        "duration": 34545159269,
        "accuracy": 0.4176,
        "train_loss": 1.5164208034115374,
        "test_loss": 1.5096003348660316,
        "train_accuracy": 0.4154,
        "gradient_norm": 0.4878540137589872,
        "samples_per_second": 1447.3941633158659,
        "best_accuracy": 0.4176,
        "best_epoch": 1,
        "cpu_type": "x86_64",
        "cpu_count": 128,
        "total_ram_kb": 263708948.0,
        "gpu_type": "NVIDIA GeForce RTX 3090",
        "gpu_total_memory_kb": 24703168.0,
        "occupied_ram_kb": 31815268.0,
        "ram_usage_percent": 13.8,
        "cpu_usage_percent": 5.4,
        "occupied_gpu_memory_kb": 24032.0,
        "gpu_memory_usage_percent": 0.1,
        "gpu_memory_kb": 6266059.5
    },
    "training_summary": {
        "total_epochs": 1,
        "best_accuracy": 0.4176,
        "final_accuracy": 0.4176
    },
    "uid": "c29e8a3a8b37ef266dc547b852796e30"
}