{
    "config": {
        "task": "img-classification",
        "dataset": "cifar-10",
        "metric": "acc",
        "model": "GenFractalNet-b3411c85df8be92880cd0b879cf0571b"
    },
    "hyperparameters": {
        "lr": 0.003,
        "momentum": 0.92,
        "batch": 64,
        "epoch": 1,
        "transform": "norm_32_flip",
        "max_batches": null,
        "uid": "69a6050c3922e50596d976d13608a704",
        "duration": 37453157630,
        "accuracy": 0.6712,
        "train_loss": 0.9009239816147349,
        "test_loss": 0.9259964406110679,
        "train_accuracy": 0.67918,
        "gradient_norm": 2.9999990022245724,
        "samples_per_second": 1335.008461722848,
        "best_accuracy": 0.6712,
        "best_epoch": 1,
        "cpu_type": "x86_64",
        "cpu_count": 128,
        "total_ram_kb": 263708948.0,
        "gpu_type": "NVIDIA GeForce RTX 3090",
        "gpu_total_memory_kb": 24703168.0,
        "occupied_ram_kb": 16991772.0,
        "ram_usage_percent": 8.0,
        "cpu_usage_percent": 0.0,
        "occupied_gpu_memory_kb": 127549.5,
        "gpu_memory_usage_percent": 0.52,
        "gpu_memory_kb": 6272893.5
    },
    "training_summary": {
        "total_epochs": 1,
        "best_accuracy": 0.6712,
        "final_accuracy": 0.6712
    },
    "uid": "b3411c85df8be92880cd0b879cf0571b"
}