{
    "config": {
        "task": "img-classification",
        "dataset": "cifar-10",
        "metric": "acc",
        "model": "GenFractalNet-1f35d4fc6c0f63b430cd764daee11700"
    },
    "hyperparameters": {
        "lr": 0.005,
        "momentum": 0.95,
        "batch": 64,
        "epoch": 1,
        "transform": "norm_32_flip",
        "max_batches": null,
        "uid": "c3bab3e9931db53638d2791332ae0024",
        "duration": 30954364229,
        "accuracy": 0.5292,
        "train_loss": 1.2635371681979246,
        "test_loss": 1.2730811355979579,
        "train_accuracy": 0.53696,
        "gradient_norm": 2.9999991390643745,
        "samples_per_second": 1615.2944401137609,
        "best_accuracy": 0.5292,
        "best_epoch": 1,
        "cpu_type": "x86_64",
        "cpu_count": 128,
        "total_ram_kb": 263708948.0,
        "gpu_type": "NVIDIA GeForce RTX 3090",
        "gpu_total_memory_kb": 24703168.0,
        "occupied_ram_kb": 16989044.0,
        "ram_usage_percent": 8.0,
        "cpu_usage_percent": 0.0,
        "occupied_gpu_memory_kb": 18081.0,
        "gpu_memory_usage_percent": 0.07,
        "gpu_memory_kb": 6272893.5
    },
    "training_summary": {
        "total_epochs": 1,
        "best_accuracy": 0.5292,
        "final_accuracy": 0.5292
    },
    "uid": "1f35d4fc6c0f63b430cd764daee11700"
}