{
    "config": {
        "task": "img-classification",
        "dataset": "cifar-10",
        "metric": "acc",
        "model": "GenFractalNet-5a1c500dbeda9000b3672938b5dc03b1"
    },
    "hyperparameters": {
        "lr": 0.005,
        "momentum": 0.85,
        "batch": 64,
        "epoch": 1,
        "transform": "norm_32_flip",
        "max_batches": null,
        "uid": "66c0389308131baca1c2e07779bf8112",
        "duration": 31732703961,
        "accuracy": 0.4324,
        "train_loss": 1.564046414764336,
        "test_loss": 1.5565109951480938,
        "train_accuracy": 0.42934,
        "gradient_norm": 0.36600246401682984,
        "samples_per_second": 1575.670921706588,
        "best_accuracy": 0.4324,
        "best_epoch": 1,
        "cpu_type": "x86_64",
        "cpu_count": 128,
        "total_ram_kb": 263708948.0,
        "gpu_type": "NVIDIA GeForce RTX 3090",
        "gpu_total_memory_kb": 24703168.0,
        "occupied_ram_kb": 20737188.0,
        "ram_usage_percent": 11.0,
        "cpu_usage_percent": 0.8,
        "occupied_gpu_memory_kb": 18241.0,
        "gpu_memory_usage_percent": 0.07,
        "gpu_memory_kb": 5087960.0
    },
    "training_summary": {
        "total_epochs": 1,
        "best_accuracy": 0.4324,
        "final_accuracy": 0.4324
    },
    "uid": "5a1c500dbeda9000b3672938b5dc03b1"
}