{
    "config": {
        "task": "img-classification",
        "dataset": "cifar-10",
        "metric": "acc",
        "model": "GenFractalNet-42fe62d65445bd6755ac817c5ebd2a16"
    },
    "hyperparameters": {
        "lr": 0.003,
        "momentum": 0.95,
        "batch": 64,
        "epoch": 1,
        "transform": "norm_32_flip",
        "max_batches": null,
        "uid": "9ea869fde7b3127470ef4c9a9f95d4c3",
        "duration": 37906909070,
        "accuracy": 0.2636,
        "train_loss": 1.9390343866689737,
        "test_loss": 1.9326706851363942,
        "train_accuracy": 0.26018,
        "gradient_norm": 0.6675076728659195,
        "samples_per_second": 1319.0379561401094,
        "best_accuracy": 0.2636,
        "best_epoch": 1,
        "cpu_type": "x86_64",
        "cpu_count": 32,
        "total_ram_kb": 131724388.0,
        "gpu_type": "NVIDIA GeForce RTX 3090",
        "gpu_total_memory_kb": 24703168.0,
        "occupied_ram_kb": 35860752.0,
        "ram_usage_percent": 29.5,
        "cpu_usage_percent": 5.3,
        "occupied_gpu_memory_kb": 17925.0,
        "gpu_memory_usage_percent": 0.07,
        "gpu_memory_kb": 4742913.5
    },
    "training_summary": {
        "total_epochs": 1,
        "best_accuracy": 0.2636,
        "final_accuracy": 0.2636
    },
    "uid": "42fe62d65445bd6755ac817c5ebd2a16"
}