{
    "config": {
        "task": "img-classification",
        "dataset": "cifar-10",
        "metric": "acc",
        "model": "GenFractalNet-22b64ded0e9308b703a4e7ec9b616c59"
    },
    "hyperparameters": {
        "lr": 0.01,
        "momentum": 0.9,
        "batch": 64,
        "epoch": 1,
        "transform": "norm_32_flip",
        "max_batches": null,
        "uid": "fddd85ed21879149faee86627a9f4554",
        "duration": 31555479193,
        "accuracy": 0.4995,
        "train_loss": 1.3972296121022891,
        "test_loss": 1.4050701545302275,
        "train_accuracy": 0.50056,
        "gradient_norm": 0.6785339793733107,
        "samples_per_second": 1584.5232551512609,
        "best_accuracy": 0.4995,
        "best_epoch": 1,
        "cpu_type": "x86_64",
        "cpu_count": 128,
        "total_ram_kb": 263708948.0,
        "gpu_type": "NVIDIA GeForce RTX 3090",
        "gpu_total_memory_kb": 24703168.0,
        "occupied_ram_kb": 20756340.0,
        "ram_usage_percent": 11.0,
        "cpu_usage_percent": 1.6,
        "occupied_gpu_memory_kb": 22393.5,
        "gpu_memory_usage_percent": 0.09,
        "gpu_memory_kb": 4333376.5
    },
    "training_summary": {
        "total_epochs": 1,
        "best_accuracy": 0.4995,
        "final_accuracy": 0.4995
    },
    "uid": "22b64ded0e9308b703a4e7ec9b616c59"
}