{
    "config": {
        "task": "img-classification",
        "dataset": "cifar-10",
        "metric": "acc",
        "model": "GenFractalNet-10970411904b185e9304c40e29221c63"
    },
    "hyperparameters": {
        "lr": 0.005,
        "momentum": 0.8,
        "batch": 64,
        "epoch": 1,
        "transform": "norm_32_flip",
        "max_batches": null,
        "uid": "f4cce3862c7c6d42c62fdd6855331be8",
        "duration": 33284055655,
        "accuracy": 0.3481,
        "train_loss": 1.7008109236007456,
        "test_loss": 1.6967694258234303,
        "train_accuracy": 0.34462,
        "gradient_norm": 2.999999645446825,
        "samples_per_second": 1502.2329860650113,
        "best_accuracy": 0.3481,
        "best_epoch": 1,
        "cpu_type": "x86_64",
        "cpu_count": 32,
        "total_ram_kb": 131724388.0,
        "gpu_type": "NVIDIA GeForce RTX 3090",
        "gpu_total_memory_kb": 24703168.0,
        "occupied_ram_kb": 17349444.0,
        "ram_usage_percent": 15.4,
        "cpu_usage_percent": 4.7,
        "occupied_gpu_memory_kb": 17081.0,
        "gpu_memory_usage_percent": 0.07,
        "gpu_memory_kb": 4036321.5
    },
    "training_summary": {
        "total_epochs": 1,
        "best_accuracy": 0.3481,
        "final_accuracy": 0.3481
    },
    "uid": "10970411904b185e9304c40e29221c63"
}