{
    "config": {
        "task": "img-classification",
        "dataset": "cifar-10",
        "metric": "acc",
        "model": "GenFractalNet-30949d3b48203910842d899315900acf"
    },
    "hyperparameters": {
        "lr": 0.001,
        "momentum": 0.75,
        "batch": 64,
        "epoch": 1,
        "transform": "norm_32_flip",
        "max_batches": null,
        "uid": "b6bfaf83998d37f4d3476cb4c42c7314",
        "duration": 33554173716,
        "accuracy": 0.4944,
        "train_loss": 1.3499495230824745,
        "test_loss": 1.3569173228209186,
        "train_accuracy": 0.4994,
        "gradient_norm": 1.803330969215815,
        "samples_per_second": 1490.1448067233162,
        "best_accuracy": 0.4944,
        "best_epoch": 1,
        "cpu_type": "x86_64",
        "cpu_count": 32,
        "total_ram_kb": 131724388.0,
        "gpu_type": "NVIDIA GeForce RTX 3090",
        "gpu_total_memory_kb": 24703168.0,
        "occupied_ram_kb": 17303368.0,
        "ram_usage_percent": 15.4,
        "cpu_usage_percent": 0.0,
        "occupied_gpu_memory_kb": 17098.0,
        "gpu_memory_usage_percent": 0.07,
        "gpu_memory_kb": 4434780.0
    },
    "training_summary": {
        "total_epochs": 1,
        "best_accuracy": 0.4944,
        "final_accuracy": 0.4944
    },
    "uid": "30949d3b48203910842d899315900acf"
}