{
    "config": {
        "task": "img-classification",
        "dataset": "cifar-10",
        "metric": "acc",
        "model": "GenFractalNet-08ed8b98b093361665255b67f208ece0"
    },
    "hyperparameters": {
        "lr": 0.01,
        "momentum": 0.95,
        "batch": 64,
        "epoch": 1,
        "transform": "norm_32_flip",
        "max_batches": null,
        "uid": "7e0d9d3a4af27bbe52d1557a4daae329",
        "duration": 39366300469,
        "accuracy": 0.5161,
        "train_loss": 1.296519459208564,
        "test_loss": 1.3010632726037579,
        "train_accuracy": 0.51752,
        "gradient_norm": 1.4403410641764716,
        "samples_per_second": 1270.1381963134372,
        "best_accuracy": 0.5161,
        "best_epoch": 1,
        "cpu_type": "x86_64",
        "cpu_count": 128,
        "total_ram_kb": 263708948.0,
        "gpu_type": "NVIDIA GeForce RTX 3090",
        "gpu_total_memory_kb": 24703168.0,
        "occupied_ram_kb": 33455788.0,
        "ram_usage_percent": 14.4,
        "cpu_usage_percent": 4.5,
        "occupied_gpu_memory_kb": 29822.0,
        "gpu_memory_usage_percent": 0.12,
        "gpu_memory_kb": 4839565.5
    },
    "training_summary": {
        "total_epochs": 1,
        "best_accuracy": 0.5161,
        "final_accuracy": 0.5161
    },
    "uid": "08ed8b98b093361665255b67f208ece0"
}