{
    "config": {
        "task": "img-classification",
        "dataset": "cifar-10",
        "metric": "acc",
        "model": "GenFractalNet-92d11062f20980dc2be32785ce125c84"
    },
    "hyperparameters": {
        "lr": 0.01,
        "momentum": 0.92,
        "batch": 64,
        "epoch": 1,
        "transform": "norm_32_flip",
        "max_batches": null,
        "uid": "fb90a55754624e15cc974013a9a25d1f",
        "duration": 35381295500,
        "accuracy": 0.3019,
        "train_loss": 1.8960215841107966,
        "test_loss": 1.8897947779126987,
        "train_accuracy": 0.29044,
        "gradient_norm": 0.2790606525936209,
        "samples_per_second": 1413.1903535121564,
        "best_accuracy": 0.3019,
        "best_epoch": 1,
        "cpu_type": "x86_64",
        "cpu_count": 128,
        "total_ram_kb": 263708948.0,
        "gpu_type": "NVIDIA GeForce RTX 3090",
        "gpu_total_memory_kb": 24703168.0,
        "occupied_ram_kb": 32463032.0,
        "ram_usage_percent": 14.1,
        "cpu_usage_percent": 5.5,
        "occupied_gpu_memory_kb": 17895.0,
        "gpu_memory_usage_percent": 0.07,
        "gpu_memory_kb": 4728746.0
    },
    "training_summary": {
        "total_epochs": 1,
        "best_accuracy": 0.3019,
        "final_accuracy": 0.3019
    },
    "uid": "92d11062f20980dc2be32785ce125c84"
}