{
    "config": {
        "task": "img-classification",
        "dataset": "cifar-10",
        "metric": "acc",
        "model": "GenFractalNet-22af8e264e2478f4fd2699a8f4e35d40"
    },
    "hyperparameters": {
        "lr": 0.01,
        "momentum": 0.9,
        "batch": 64,
        "epoch": 1,
        "transform": "norm_32_flip",
        "max_batches": null,
        "uid": "fddd85ed21879149faee86627a9f4554",
        "duration": 35967232019,
        "accuracy": 0.2561,
        "train_loss": 1.963677138928562,
        "test_loss": 1.9585930017908668,
        "train_accuracy": 0.25104,
        "gradient_norm": 0.4018660465252494,
        "samples_per_second": 1390.166533528254,
        "best_accuracy": 0.2561,
        "best_epoch": 1,
        "cpu_type": "x86_64",
        "cpu_count": 128,
        "total_ram_kb": 263708948.0,
        "gpu_type": "NVIDIA GeForce RTX 3090",
        "gpu_total_memory_kb": 24703168.0,
        "occupied_ram_kb": 33654312.0,
        "ram_usage_percent": 17.6,
        "cpu_usage_percent": 5.1,
        "occupied_gpu_memory_kb": 33080.0,
        "gpu_memory_usage_percent": 0.13,
        "gpu_memory_kb": 5182570.5
    },
    "training_summary": {
        "total_epochs": 1,
        "best_accuracy": 0.2561,
        "final_accuracy": 0.2561
    },
    "uid": "22af8e264e2478f4fd2699a8f4e35d40"
}