{
    "eval_args": {
        "model_package": "/home/s497466/nn-gpt/out/nngpt/llm/epoch/A0/synth_nn/B13",
        "task": "img-classification",
        "dataset": "imagenette",
        "metric": "acc",
        "prm": {
            "lr": 0.01,
            "batch": 32,
            "dropout": 0.2,
            "momentum": 0.9,
            "transform": "norm_256_flip",
            "stochastic_depth_prob": 0.0,
            "norm_eps": 1e-05,
            "norm_std": 0.5,
            "tie_weights": 0.0,
            "dropout_aux": 0.0,
            "attention_dropout": 0.0,
            "norm_momentum": 0.1,
            "score_thresh": 0.01,
            "nms_thresh": 0.45,
            "iou_thresh": 0.5,
            "detections_per_img": 0.5,
            "topk_candidates": 0.5,
            "neg_to_pos_ratio": 0.5,
            "pretrained": 0.0,
            "patch_size": 0.125,
            "epoch": 1,
            "uid": "b9095d884c36ec05935d296b86e19df1",
            "duration": 294397578746,
            "duration_seconds": 294.4,
            "accuracy": 0.19745222929936307,
            "train_stat": {
                "train_loss": 2.1572585191755893,
                "test_loss": 3.1795708280268724,
                "train_accuracy": 0.27637554123983527,
                "gradient_norm": 2.9999995159367456,
                "samples_per_second": 32.165770622834955,
                "best_accuracy": 0.19745222929936307,
                "best_epoch": 1,
                "epoch_max": 1,
                "cpu_count": 128,
                "cpu_type": "x86_64",
                "cpu_usage_percent": 45.6,
                "total_ram_kb": 1056603700.0,
                "occupied_ram_kb": 179644208.0,
                "ram_usage_percent": 17.0,
                "gpu_type": "NVIDIA L40S",
                "gpu_memory_kb": 22814338.5,
                "gpu_total_memory_kb": 46550528.0,
                "occupied_gpu_memory_kb": 340490.0,
                "gpu_memory_usage_percent": 0.73
            },
            "metric_acc": 0.19745222929936307
        }
    },
    "eval_results": {
        "checksum": "FractalFusion-3b-6b979e8ca26b7e7ea40aa631c5d61d7b",
        "accuracy": 0.19745222929936307,
        "full_result": "('FractalFusion-3b-6b979e8ca26b7e7ea40aa631c5d61d7b', 0.19745222929936307, 0.03310225230603638, 0.59)"
    },
    "cli_args": {
        "task": "img-classification",
        "dataset": "imagenette",
        "metric": "acc",
        "lr": 0.01,
        "batch": 32,
        "dropout": 0.2,
        "momentum": 0.9,
        "transform": "norm_256_flip"
    }
}