{
    "config": {
        "task": "img-classification",
        "dataset": "cifar-10",
        "metric": "acc",
        "model": "GenFractalNet-2fb2c1b35742a9f899658173ca1e08ba"
    },
    "hyperparameters": {
        "lr": 0.01,
        "momentum": 0.95,
        "batch": 64,
        "epoch": 1,
        "transform": "norm_32_flip",
        "max_batches": null,
        "uid": "7e0d9d3a4af27bbe52d1557a4daae329",
        "duration": 51832485102,
        "accuracy": 0.4049,
        "train_loss": 1.6995412692084642,
        "test_loss": 1.6997075376996569,
        "train_accuracy": 0.40152,
        "gradient_norm": 0.30355964149374415,
        "samples_per_second": 964.6531685092133,
        "best_accuracy": 0.4049,
        "best_epoch": 1,
        "cpu_type": "x86_64",
        "cpu_count": 128,
        "total_ram_kb": 263708948.0,
        "gpu_type": "NVIDIA GeForce RTX 3090",
        "gpu_total_memory_kb": 24703168.0,
        "occupied_ram_kb": 20958332.0,
        "ram_usage_percent": 11.0,
        "cpu_usage_percent": 1.6,
        "occupied_gpu_memory_kb": 140291.5,
        "gpu_memory_usage_percent": 0.57,
        "gpu_memory_kb": 4740034.5
    },
    "training_summary": {
        "total_epochs": 1,
        "best_accuracy": 0.4049,
        "final_accuracy": 0.4049
    },
    "uid": "2fb2c1b35742a9f899658173ca1e08ba"
}