{
    "eval_args": {
        "model_package": "/home/s497466/nn-gpt/out/nngpt/llm/epoch/A0/synth_nn/B74",
        "task": "img-classification",
        "dataset": "imagenette",
        "metric": "acc",
        "prm": {
            "lr": 0.01,
            "batch": 32,
            "dropout": 0.2,
            "momentum": 0.9,
            "transform": "norm_256_flip",
            "stochastic_depth_prob": 0.0,
            "norm_eps": 1e-05,
            "norm_std": 0.5,
            "tie_weights": 0.0,
            "dropout_aux": 0.0,
            "attention_dropout": 0.0,
            "norm_momentum": 0.1,
            "score_thresh": 0.01,
            "nms_thresh": 0.45,
            "iou_thresh": 0.5,
            "detections_per_img": 0.5,
            "topk_candidates": 0.5,
            "neg_to_pos_ratio": 0.5,
            "pretrained": 0.0,
            "patch_size": 0.125,
            "epoch": 1,
            "uid": "b9095d884c36ec05935d296b86e19df1",
            "duration": 123007113737,
            "duration_seconds": 123.01,
            "accuracy": 0.3602547770700637,
            "train_stat": {
                "train_loss": 1.9468146092109386,
                "test_loss": 1.85989891222822,
                "train_accuracy": 0.3099588129686345,
                "gradient_norm": 2.9999994337683735,
                "samples_per_second": 76.98057763173385,
                "best_accuracy": 0.3602547770700637,
                "best_epoch": 1,
                "epoch_max": 1,
                "cpu_count": 256,
                "cpu_type": "x86_64",
                "cpu_usage_percent": 4.1,
                "total_ram_kb": 527761880.0,
                "occupied_ram_kb": 72118712.0,
                "ram_usage_percent": 13.7,
                "gpu_type": "NVIDIA L40",
                "gpu_memory_kb": 23885545.5,
                "gpu_total_memory_kb": 49677504.0,
                "occupied_gpu_memory_kb": 24946.5,
                "gpu_memory_usage_percent": 0.05
            },
            "metric_acc": 0.3602547770700637
        }
    },
    "eval_results": {
        "checksum": "FractalFusion-1b-ca09402803ebc54421ec0c607088d7be",
        "accuracy": 0.3602547770700637,
        "full_result": "('FractalFusion-1b-ca09402803ebc54421ec0c607088d7be', 0.3602547770700637, 0.21157701303886478, 0.58)"
    },
    "cli_args": {
        "task": "img-classification",
        "dataset": "imagenette",
        "metric": "acc",
        "lr": 0.01,
        "batch": 32,
        "dropout": 0.2,
        "momentum": 0.9,
        "transform": "norm_256_flip"
    }
}