{
    "config": {
        "task": "img-classification",
        "dataset": "cifar-10",
        "metric": "acc",
        "model": "GenFractalNet-3de751c7845bc46d4b975b927636beb3"
    },
    "hyperparameters": {
        "lr": 0.003,
        "momentum": 0.92,
        "batch": 64,
        "epoch": 1,
        "transform": "norm_32_flip",
        "max_batches": null,
        "uid": "69a6050c3922e50596d976d13608a704",
        "duration": 44312478129,
        "accuracy": 0.4555,
        "train_loss": 1.4890731196574238,
        "test_loss": 1.4783551875193408,
        "train_accuracy": 0.44422,
        "gradient_norm": 0.42879121346087123,
        "samples_per_second": 1128.3613244186397,
        "best_accuracy": 0.4555,
        "best_epoch": 1,
        "cpu_type": "x86_64",
        "cpu_count": 32,
        "total_ram_kb": 131724388.0,
        "gpu_type": "NVIDIA GeForce RTX 3090",
        "gpu_total_memory_kb": 24703168.0,
        "occupied_ram_kb": 17271620.0,
        "ram_usage_percent": 15.4,
        "cpu_usage_percent": 0.3,
        "occupied_gpu_memory_kb": 140936.0,
        "gpu_memory_usage_percent": 0.57,
        "gpu_memory_kb": 4434780.0
    },
    "training_summary": {
        "total_epochs": 1,
        "best_accuracy": 0.4555,
        "final_accuracy": 0.4555
    },
    "uid": "3de751c7845bc46d4b975b927636beb3"
}