{
    "config": {
        "task": "img-classification",
        "dataset": "cifar-10",
        "metric": "acc",
        "model": "GenFractalNet-226698bd583c308b2e0c273d5784f81b"
    },
    "hyperparameters": {
        "lr": 0.003,
        "momentum": 0.8,
        "batch": 64,
        "epoch": 1,
        "transform": "norm_32_flip",
        "max_batches": null,
        "uid": "ee92ba477c9167c48f5eac9c5b9e4293",
        "duration": 44086792155,
        "accuracy": 0.5348,
        "train_loss": 1.3268203606538456,
        "test_loss": 1.3365248764396473,
        "train_accuracy": 0.5354,
        "gradient_norm": 0.8397699890405451,
        "samples_per_second": 1134.1389612126272,
        "best_accuracy": 0.5348,
        "best_epoch": 1,
        "cpu_type": "x86_64",
        "cpu_count": 128,
        "total_ram_kb": 263708948.0,
        "gpu_type": "NVIDIA GeForce RTX 3090",
        "gpu_total_memory_kb": 24703168.0,
        "occupied_ram_kb": 36222808.0,
        "ram_usage_percent": 15.5,
        "cpu_usage_percent": 5.6,
        "occupied_gpu_memory_kb": 32811.0,
        "gpu_memory_usage_percent": 0.13,
        "gpu_memory_kb": 6272893.5
    },
    "training_summary": {
        "total_epochs": 1,
        "best_accuracy": 0.5348,
        "final_accuracy": 0.5348
    },
    "uid": "226698bd583c308b2e0c273d5784f81b"
}