{
    "eval_args": {
        "model_package": "/home/s497466/nn-gpt/out/nngpt/llm/epoch/A0/synth_nn/B19",
        "task": "img-classification",
        "dataset": "imagenette",
        "metric": "acc",
        "prm": {
            "lr": 0.01,
            "batch": 32,
            "dropout": 0.2,
            "momentum": 0.9,
            "transform": "norm_256_flip",
            "stochastic_depth_prob": 0.0,
            "norm_eps": 1e-05,
            "norm_std": 0.5,
            "tie_weights": 0.0,
            "dropout_aux": 0.0,
            "attention_dropout": 0.0,
            "norm_momentum": 0.1,
            "score_thresh": 0.01,
            "nms_thresh": 0.45,
            "iou_thresh": 0.5,
            "detections_per_img": 0.5,
            "topk_candidates": 0.5,
            "neg_to_pos_ratio": 0.5,
            "pretrained": 0.0,
            "patch_size": 0.125,
            "epoch": 1,
            "uid": "b9095d884c36ec05935d296b86e19df1",
            "duration": 211616242913,
            "duration_seconds": 211.62,
            "accuracy": 0.28229299363057325,
            "train_stat": {
                "train_loss": 2.1764556042482566,
                "test_loss": 2.498535472687667,
                "train_accuracy": 0.2746858168761221,
                "gradient_norm": 2.9999995600586953,
                "samples_per_second": 44.748367142780936,
                "best_accuracy": 0.28229299363057325,
                "best_epoch": 1,
                "epoch_max": 1,
                "cpu_count": 128,
                "cpu_type": "x86_64",
                "cpu_usage_percent": 17.4,
                "total_ram_kb": 1056603668.0,
                "occupied_ram_kb": 198556960.0,
                "ram_usage_percent": 18.8,
                "gpu_type": "NVIDIA L40S",
                "gpu_memory_kb": 20070285.5,
                "gpu_total_memory_kb": 46550528.0,
                "occupied_gpu_memory_kb": 389000.5,
                "gpu_memory_usage_percent": 0.84
            },
            "metric_acc": 0.28229299363057325
        }
    },
    "eval_results": {
        "checksum": "FractalFusion-4b-7e69518498db0e23ff50f9faaf3e7761",
        "accuracy": 0.28229299363057325,
        "full_result": "('FractalFusion-4b-7e69518498db0e23ff50f9faaf3e7761', 0.28229299363057325, 0.08614319539994754, 0.59)"
    },
    "cli_args": {
        "task": "img-classification",
        "dataset": "imagenette",
        "metric": "acc",
        "lr": 0.01,
        "batch": 32,
        "dropout": 0.2,
        "momentum": 0.9,
        "transform": "norm_256_flip"
    }
}