{
    "config": {
        "task": "img-classification",
        "dataset": "cifar-10",
        "metric": "acc",
        "model": "GenFractalNet-f40762fca87fe7ee37e0f1e86591c684"
    },
    "hyperparameters": {
        "lr": 0.01,
        "momentum": 0.92,
        "batch": 64,
        "epoch": 1,
        "transform": "norm_32_flip",
        "max_batches": null,
        "uid": "fb90a55754624e15cc974013a9a25d1f",
        "duration": 41466891291,
        "accuracy": 0.6098,
        "train_loss": 1.1131665349921303,
        "test_loss": 1.1249723931786362,
        "train_accuracy": 0.60582,
        "gradient_norm": 1.4012164094024586,
        "samples_per_second": 1205.794309117648,
        "best_accuracy": 0.6098,
        "best_epoch": 1,
        "cpu_type": "x86_64",
        "cpu_count": 128,
        "total_ram_kb": 263708948.0,
        "gpu_type": "NVIDIA GeForce RTX 3090",
        "gpu_total_memory_kb": 24703168.0,
        "occupied_ram_kb": 20229124.0,
        "ram_usage_percent": 10.9,
        "cpu_usage_percent": 0.8,
        "occupied_gpu_memory_kb": 32811.0,
        "gpu_memory_usage_percent": 0.13,
        "gpu_memory_kb": 6194557.5
    },
    "training_summary": {
        "total_epochs": 1,
        "best_accuracy": 0.6098,
        "final_accuracy": 0.6098
    },
    "uid": "f40762fca87fe7ee37e0f1e86591c684"
}