{
    "config": {
        "task": "img-classification",
        "dataset": "cifar-10",
        "metric": "acc",
        "model": "GenFractalNet-8e93ebf74096fe8dd71093368be233a1"
    },
    "hyperparameters": {
        "lr": 0.01,
        "momentum": 0.75,
        "batch": 64,
        "epoch": 1,
        "transform": "norm_32_flip",
        "max_batches": null,
        "uid": "d091050f01990917d03203023019d417",
        "duration": 35038168000,
        "accuracy": 0.5984,
        "train_loss": 1.108989747817559,
        "test_loss": 1.1229979786903235,
        "train_accuracy": 0.59768,
        "gradient_norm": 2.999999785761242,
        "samples_per_second": 1427.0248286843253,
        "best_accuracy": 0.5984,
        "best_epoch": 1,
        "cpu_type": "x86_64",
        "cpu_count": 128,
        "total_ram_kb": 263708948.0,
        "gpu_type": "NVIDIA GeForce RTX 3090",
        "gpu_total_memory_kb": 24703168.0,
        "occupied_ram_kb": 33603040.0,
        "ram_usage_percent": 17.5,
        "cpu_usage_percent": 3.3,
        "occupied_gpu_memory_kb": 39645.0,
        "gpu_memory_usage_percent": 0.16,
        "gpu_memory_kb": 5441234.5
    },
    "training_summary": {
        "total_epochs": 1,
        "best_accuracy": 0.5984,
        "final_accuracy": 0.5984
    },
    "uid": "8e93ebf74096fe8dd71093368be233a1"
}