{
    "config": {
        "task": "img-classification",
        "dataset": "cifar-10",
        "metric": "acc",
        "model": "GenFractalNet-8db91e4b7e472f86d13ca1b8e87b6a05"
    },
    "hyperparameters": {
        "lr": 0.005,
        "momentum": 0.85,
        "batch": 64,
        "epoch": 1,
        "transform": "norm_32_flip",
        "max_batches": null,
        "uid": "66c0389308131baca1c2e07779bf8112",
        "duration": 34611410957,
        "accuracy": 0.2177,
        "train_loss": 2.03507425580793,
        "test_loss": 2.0281415016028532,
        "train_accuracy": 0.2124,
        "gradient_norm": 2.999999314482911,
        "samples_per_second": 1444.6313431653948,
        "best_accuracy": 0.2177,
        "best_epoch": 1,
        "cpu_type": "x86_64",
        "cpu_count": 32,
        "total_ram_kb": 131724388.0,
        "gpu_type": "NVIDIA GeForce RTX 3090",
        "gpu_total_memory_kb": 24703168.0,
        "occupied_ram_kb": 17212488.0,
        "ram_usage_percent": 15.4,
        "cpu_usage_percent": 0.3,
        "occupied_gpu_memory_kb": 17470.5,
        "gpu_memory_usage_percent": 0.07,
        "gpu_memory_kb": 1510427.5
    },
    "training_summary": {
        "total_epochs": 1,
        "best_accuracy": 0.2177,
        "final_accuracy": 0.2177
    },
    "uid": "8db91e4b7e472f86d13ca1b8e87b6a05"
}