{
    "eval_args": {
        "model_package": "/home/s497466/nn-gpt/out/nngpt/llm/epoch/A0/synth_nn/B51",
        "task": "img-classification",
        "dataset": "imagenette",
        "metric": "acc",
        "prm": {
            "lr": 0.01,
            "batch": 32,
            "dropout": 0.2,
            "momentum": 0.9,
            "transform": "norm_256_flip",
            "stochastic_depth_prob": 0.0,
            "norm_eps": 1e-05,
            "norm_std": 0.5,
            "tie_weights": 0.0,
            "dropout_aux": 0.0,
            "attention_dropout": 0.0,
            "norm_momentum": 0.1,
            "score_thresh": 0.01,
            "nms_thresh": 0.45,
            "iou_thresh": 0.5,
            "detections_per_img": 0.5,
            "topk_candidates": 0.5,
            "neg_to_pos_ratio": 0.5,
            "pretrained": 0.0,
            "patch_size": 0.125,
            "epoch": 1,
            "uid": "b9095d884c36ec05935d296b86e19df1",
            "duration": 257037721835,
            "duration_seconds": 257.04,
            "accuracy": 0.3067515923566879,
            "train_stat": {
                "train_loss": 2.20909580203419,
                "test_loss": 2.3820553688499015,
                "train_accuracy": 0.2476502270567114,
                "gradient_norm": 2.9999998331216293,
                "samples_per_second": 36.840419688770844,
                "best_accuracy": 0.3067515923566879,
                "best_epoch": 1,
                "epoch_max": 1,
                "cpu_count": 128,
                "cpu_type": "x86_64",
                "cpu_usage_percent": 5.4,
                "total_ram_kb": 1056603672.0,
                "occupied_ram_kb": 175674352.0,
                "ram_usage_percent": 16.6,
                "gpu_type": "NVIDIA L40S",
                "gpu_memory_kb": 22158971.5,
                "gpu_total_memory_kb": 46550528.0,
                "occupied_gpu_memory_kb": 252669.5,
                "gpu_memory_usage_percent": 0.54
            },
            "metric_acc": 0.3067515923566879
        }
    },
    "eval_results": {
        "checksum": "FractalFusion-6b-d9429ee87d69b9248fae214684453737",
        "accuracy": 0.3067515923566879,
        "full_result": "('FractalFusion-6b-d9429ee87d69b9248fae214684453737', 0.3067515923566879, 0.08043628416898582, 0.57)"
    },
    "cli_args": {
        "task": "img-classification",
        "dataset": "imagenette",
        "metric": "acc",
        "lr": 0.01,
        "batch": 32,
        "dropout": 0.2,
        "momentum": 0.9,
        "transform": "norm_256_flip"
    }
}