{
    "config": {
        "task": "img-classification",
        "dataset": "cifar-10",
        "metric": "acc",
        "model": "GenFractalNet-10226e6ad09486f80a07b8168f03b37b"
    },
    "hyperparameters": {
        "lr": 0.002,
        "momentum": 0.85,
        "batch": 64,
        "epoch": 1,
        "transform": "norm_32_flip",
        "max_batches": null,
        "uid": "afe2b82b64cacdd9e39aafaf3952d9ac",
        "duration": 33028785161,
        "accuracy": 0.5743,
        "train_loss": 1.1798110659927359,
        "test_loss": 1.19498619911777,
        "train_accuracy": 0.58248,
        "gradient_norm": 2.2405917317041983,
        "samples_per_second": 1513.8463016422695,
        "best_accuracy": 0.5743,
        "best_epoch": 1,
        "cpu_type": "x86_64",
        "cpu_count": 128,
        "total_ram_kb": 263708948.0,
        "gpu_type": "NVIDIA GeForce RTX 3090",
        "gpu_total_memory_kb": 24703168.0,
        "occupied_ram_kb": 21262336.0,
        "ram_usage_percent": 11.3,
        "cpu_usage_percent": 0.8,
        "occupied_gpu_memory_kb": 17772.5,
        "gpu_memory_usage_percent": 0.07,
        "gpu_memory_kb": 5189302.5
    },
    "training_summary": {
        "total_epochs": 1,
        "best_accuracy": 0.5743,
        "final_accuracy": 0.5743
    },
    "uid": "10226e6ad09486f80a07b8168f03b37b"
}