{
    "config": {
        "task": "img-classification",
        "dataset": "cifar-10",
        "metric": "acc",
        "model": "GenFractalNet-fae3b1504069394db59813aec5d8e532"
    },
    "hyperparameters": {
        "lr": 0.003,
        "momentum": 0.95,
        "batch": 64,
        "epoch": 1,
        "transform": "norm_32_flip",
        "max_batches": null,
        "uid": "9ea869fde7b3127470ef4c9a9f95d4c3",
        "duration": 32050624902,
        "accuracy": 0.6173,
        "train_loss": 1.029786245902176,
        "test_loss": 1.0551874903356953,
        "train_accuracy": 0.63022,
        "gradient_norm": 2.999999563235855,
        "samples_per_second": 1560.042727266429,
        "best_accuracy": 0.6173,
        "best_epoch": 1,
        "cpu_type": "x86_64",
        "cpu_count": 128,
        "total_ram_kb": 263708948.0,
        "gpu_type": "NVIDIA GeForce RTX 3090",
        "gpu_total_memory_kb": 24703168.0,
        "occupied_ram_kb": 21041952.0,
        "ram_usage_percent": 11.2,
        "cpu_usage_percent": 0.8,
        "occupied_gpu_memory_kb": 48266.0,
        "gpu_memory_usage_percent": 0.2,
        "gpu_memory_kb": 5189302.5
    },
    "training_summary": {
        "total_epochs": 1,
        "best_accuracy": 0.6173,
        "final_accuracy": 0.6173
    },
    "uid": "fae3b1504069394db59813aec5d8e532"
}