{
    "config": {
        "task": "img-classification",
        "dataset": "cifar-10",
        "metric": "acc",
        "model": "GenFractalNet-0285a168b34254fc8f3693f6e9104c72"
    },
    "hyperparameters": {
        "lr": 0.002,
        "momentum": 0.95,
        "batch": 64,
        "epoch": 1,
        "transform": "norm_32_flip",
        "max_batches": null,
        "uid": "5d4cbfc901888801ca1aca78f120bc98",
        "duration": 33145801975,
        "accuracy": 0.5203,
        "train_loss": 1.2703092922944852,
        "test_loss": 1.2835656806921503,
        "train_accuracy": 0.52814,
        "gradient_norm": 2.9999994491288704,
        "samples_per_second": 1508.4954885349396,
        "best_accuracy": 0.5203,
        "best_epoch": 1,
        "cpu_type": "x86_64",
        "cpu_count": 32,
        "total_ram_kb": 131724388.0,
        "gpu_type": "NVIDIA GeForce RTX 3090",
        "gpu_total_memory_kb": 24703168.0,
        "occupied_ram_kb": 17523356.0,
        "ram_usage_percent": 15.6,
        "cpu_usage_percent": 0.3,
        "occupied_gpu_memory_kb": 17863.0,
        "gpu_memory_usage_percent": 0.07,
        "gpu_memory_kb": 6268638.0
    },
    "training_summary": {
        "total_epochs": 1,
        "best_accuracy": 0.5203,
        "final_accuracy": 0.5203
    },
    "uid": "0285a168b34254fc8f3693f6e9104c72"
}