{
    "eval_args": {
        "model_package": "/home/s497466/nn-gpt/out/nngpt/llm/epoch/A0/synth_nn/B61",
        "task": "img-classification",
        "dataset": "imagenette",
        "metric": "acc",
        "prm": {
            "lr": 0.01,
            "batch": 32,
            "dropout": 0.2,
            "momentum": 0.9,
            "transform": "norm_256_flip",
            "stochastic_depth_prob": 0.0,
            "norm_eps": 1e-05,
            "norm_std": 0.5,
            "tie_weights": 0.0,
            "dropout_aux": 0.0,
            "attention_dropout": 0.0,
            "norm_momentum": 0.1,
            "score_thresh": 0.01,
            "nms_thresh": 0.45,
            "iou_thresh": 0.5,
            "detections_per_img": 0.5,
            "topk_candidates": 0.5,
            "neg_to_pos_ratio": 0.5,
            "pretrained": 0.0,
            "patch_size": 0.125,
            "epoch": 1,
            "uid": "b9095d884c36ec05935d296b86e19df1",
            "duration": 127999027608,
            "duration_seconds": 128.0,
            "accuracy": 0.41146496815286626,
            "train_stat": {
                "train_loss": 1.7293566079889535,
                "test_loss": 2.9735630551973977,
                "train_accuracy": 0.400359066427289,
                "gradient_norm": 2.9999999522304064,
                "samples_per_second": 73.98413077948621,
                "best_accuracy": 0.41146496815286626,
                "best_epoch": 1,
                "epoch_max": 1,
                "cpu_count": 128,
                "cpu_type": "x86_64",
                "cpu_usage_percent": 12.2,
                "total_ram_kb": 1056603672.0,
                "occupied_ram_kb": 177492568.0,
                "ram_usage_percent": 16.8,
                "gpu_type": "NVIDIA L40S",
                "gpu_memory_kb": 19663578.5,
                "gpu_total_memory_kb": 46550528.0,
                "occupied_gpu_memory_kb": 288828.0,
                "gpu_memory_usage_percent": 0.62
            },
            "metric_acc": 0.41146496815286626
        }
    },
    "eval_results": {
        "checksum": "FractalFusion-2b-ffdc8b436127272d87055963877bfea1",
        "accuracy": 0.41146496815286626,
        "full_result": "('FractalFusion-2b-ffdc8b436127272d87055963877bfea1', 0.41146496815286626, 0.2433338549310976, 0.59)"
    },
    "cli_args": {
        "task": "img-classification",
        "dataset": "imagenette",
        "metric": "acc",
        "lr": 0.01,
        "batch": 32,
        "dropout": 0.2,
        "momentum": 0.9,
        "transform": "norm_256_flip"
    }
}