{
    "eval_args": {
        "model_package": "/home/s497466/nn-gpt/out/nngpt/llm/epoch/A0/synth_nn/B61",
        "task": "img-classification",
        "dataset": "imagenette",
        "metric": "acc",
        "prm": {
            "lr": 0.01,
            "batch": 32,
            "dropout": 0.2,
            "momentum": 0.9,
            "transform": "norm_256_flip",
            "stochastic_depth_prob": 0.0,
            "norm_eps": 1e-05,
            "norm_std": 0.5,
            "tie_weights": 0.0,
            "dropout_aux": 0.0,
            "attention_dropout": 0.0,
            "norm_momentum": 0.1,
            "score_thresh": 0.01,
            "nms_thresh": 0.45,
            "iou_thresh": 0.5,
            "detections_per_img": 0.5,
            "topk_candidates": 0.5,
            "neg_to_pos_ratio": 0.5,
            "pretrained": 0.0,
            "patch_size": 0.125,
            "epoch": 1,
            "uid": "b9095d884c36ec05935d296b86e19df1",
            "duration": 179540522424,
            "duration_seconds": 179.54,
            "accuracy": 0.47541401273885353,
            "train_stat": {
                "train_loss": 1.7611993717938292,
                "test_loss": 1.8661494715426996,
                "train_accuracy": 0.3965571866089344,
                "gradient_norm": 2.9999997102806377,
                "samples_per_second": 52.742792934218826,
                "best_accuracy": 0.47541401273885353,
                "best_epoch": 1,
                "epoch_max": 1,
                "cpu_count": 128,
                "cpu_type": "x86_64",
                "cpu_usage_percent": 1.5,
                "total_ram_kb": 527801156.0,
                "occupied_ram_kb": 47150444.0,
                "ram_usage_percent": 8.9,
                "gpu_type": "NVIDIA L40",
                "gpu_memory_kb": 19663578.5,
                "gpu_total_memory_kb": 49677504.0,
                "occupied_gpu_memory_kb": 288828.0,
                "gpu_memory_usage_percent": 0.58
            },
            "metric_acc": 0.47541401273885353
        }
    },
    "eval_results": {
        "checksum": "FractalFusion-1b-ffdc8b436127272d87055963877bfea1",
        "accuracy": 0.47541401273885353,
        "full_result": "('FractalFusion-1b-ffdc8b436127272d87055963877bfea1', 0.47541401273885353, 0.20909709277345304, 0.59)"
    },
    "cli_args": {
        "task": "img-classification",
        "dataset": "imagenette",
        "metric": "acc",
        "lr": 0.01,
        "batch": 32,
        "dropout": 0.2,
        "momentum": 0.9,
        "transform": "norm_256_flip"
    }
}