{
    "config": {
        "task": "img-classification",
        "dataset": "cifar-10",
        "metric": "acc",
        "model": "GenFractalNet-8ff297a73e993c4d1ab4463c83776107"
    },
    "hyperparameters": {
        "lr": 0.005,
        "momentum": 0.8,
        "batch": 64,
        "epoch": 1,
        "transform": "norm_32_flip",
        "max_batches": null,
        "uid": "f4cce3862c7c6d42c62fdd6855331be8",
        "duration": 31514774749,
        "accuracy": 0.3414,
        "train_loss": 1.7517205466089956,
        "test_loss": 1.7445572766528767,
        "train_accuracy": 0.34,
        "gradient_norm": 2.4959914827019953,
        "samples_per_second": 1586.5675767712598,
        "best_accuracy": 0.3414,
        "best_epoch": 1,
        "cpu_type": "x86_64",
        "cpu_count": 128,
        "total_ram_kb": 263708948.0,
        "gpu_type": "NVIDIA GeForce RTX 3090",
        "gpu_total_memory_kb": 24703168.0,
        "occupied_ram_kb": 20136148.0,
        "ram_usage_percent": 10.8,
        "cpu_usage_percent": 0.8,
        "occupied_gpu_memory_kb": 17027.5,
        "gpu_memory_usage_percent": 0.07,
        "gpu_memory_kb": 4333376.5
    },
    "training_summary": {
        "total_epochs": 1,
        "best_accuracy": 0.3414,
        "final_accuracy": 0.3414
    },
    "uid": "8ff297a73e993c4d1ab4463c83776107"
}