{
    "config": {
        "task": "img-classification",
        "dataset": "cifar-10",
        "metric": "acc",
        "model": "GenFractalNet-f943678b1088889be113b6f6c62c83dd"
    },
    "hyperparameters": {
        "lr": 0.005,
        "momentum": 0.95,
        "batch": 64,
        "epoch": 1,
        "transform": "norm_32_flip",
        "max_batches": null,
        "uid": "c3bab3e9931db53638d2791332ae0024",
        "duration": 32974369366,
        "accuracy": 0.4126,
        "train_loss": 1.5503224533842044,
        "test_loss": 1.5507204828748278,
        "train_accuracy": 0.41396,
        "gradient_norm": 0.6965461120774784,
        "samples_per_second": 1516.3377230395863,
        "best_accuracy": 0.4126,
        "best_epoch": 1,
        "cpu_type": "x86_64",
        "cpu_count": 32,
        "total_ram_kb": 131724388.0,
        "gpu_type": "NVIDIA GeForce RTX 4090",
        "gpu_total_memory_kb": 24658816.0,
        "occupied_ram_kb": 17084676.0,
        "ram_usage_percent": 15.3,
        "cpu_usage_percent": 0.0,
        "occupied_gpu_memory_kb": 18290.0,
        "gpu_memory_usage_percent": 0.07,
        "gpu_memory_kb": 5131404.0
    },
    "training_summary": {
        "total_epochs": 1,
        "best_accuracy": 0.4126,
        "final_accuracy": 0.4126
    },
    "uid": "f943678b1088889be113b6f6c62c83dd"
}