{
    "config": {
        "task": "img-classification",
        "dataset": "cifar-10",
        "metric": "acc",
        "model": "GenFractalNet-4764924bfd1b38d5cfaeefe3e22c880c"
    },
    "hyperparameters": {
        "lr": 0.01,
        "momentum": 0.75,
        "batch": 64,
        "epoch": 1,
        "transform": "norm_32_flip",
        "max_batches": null,
        "uid": "d091050f01990917d03203023019d417",
        "duration": 36709304358,
        "accuracy": 0.5869,
        "train_loss": 1.1148929022004843,
        "test_loss": 1.1340496000970246,
        "train_accuracy": 0.59702,
        "gradient_norm": 0.978244800628958,
        "samples_per_second": 1362.0630904497289,
        "best_accuracy": 0.5869,
        "best_epoch": 1,
        "cpu_type": "x86_64",
        "cpu_count": 128,
        "total_ram_kb": 263708948.0,
        "gpu_type": "NVIDIA GeForce RTX 3090",
        "gpu_total_memory_kb": 24703168.0,
        "occupied_ram_kb": 21106524.0,
        "ram_usage_percent": 11.3,
        "cpu_usage_percent": 1.9,
        "occupied_gpu_memory_kb": 36832.0,
        "gpu_memory_usage_percent": 0.15,
        "gpu_memory_kb": 6194557.5
    },
    "training_summary": {
        "total_epochs": 1,
        "best_accuracy": 0.5869,
        "final_accuracy": 0.5869
    },
    "uid": "4764924bfd1b38d5cfaeefe3e22c880c"
}