{
    "config": {
        "task": "img-classification",
        "dataset": "cifar-10",
        "metric": "acc",
        "model": "GenFractalNet-53acbccea17c6217fe1c2f924ba9a334"
    },
    "hyperparameters": {
        "lr": 0.01,
        "momentum": 0.75,
        "batch": 64,
        "epoch": 1,
        "transform": "norm_32_flip",
        "max_batches": null,
        "uid": "d091050f01990917d03203023019d417",
        "duration": 35828454243,
        "accuracy": 0.5127,
        "train_loss": 1.3253086272560421,
        "test_loss": 1.333720930063041,
        "train_accuracy": 0.51632,
        "gradient_norm": 2.999999478552422,
        "samples_per_second": 1395.547493602726,
        "best_accuracy": 0.5127,
        "best_epoch": 1,
        "cpu_type": "x86_64",
        "cpu_count": 128,
        "total_ram_kb": 263708948.0,
        "gpu_type": "NVIDIA GeForce RTX 3090",
        "gpu_total_memory_kb": 24703168.0,
        "occupied_ram_kb": 32083524.0,
        "ram_usage_percent": 13.9,
        "cpu_usage_percent": 5.4,
        "occupied_gpu_memory_kb": 18641.0,
        "gpu_memory_usage_percent": 0.08,
        "gpu_memory_kb": 5636869.0
    },
    "training_summary": {
        "total_epochs": 1,
        "best_accuracy": 0.5127,
        "final_accuracy": 0.5127
    },
    "uid": "53acbccea17c6217fe1c2f924ba9a334"
}