{
    "config": {
        "task": "img-classification",
        "dataset": "cifar-10",
        "metric": "acc",
        "model": "GenFractalNet-d638173e7b6276f3f03c829a4c9b47e1"
    },
    "hyperparameters": {
        "lr": 0.001,
        "momentum": 0.95,
        "batch": 64,
        "epoch": 1,
        "transform": "norm_32_flip",
        "max_batches": null,
        "uid": "413233aa5202d01e749eded26a1af0b4",
        "duration": 36439001930,
        "accuracy": 0.2448,
        "train_loss": 2.0334479869783992,
        "test_loss": 2.0337219602742773,
        "train_accuracy": 0.24308,
        "gradient_norm": 0.6691565890151142,
        "samples_per_second": 1372.168187306553,
        "best_accuracy": 0.2448,
        "best_epoch": 1,
        "cpu_type": "x86_64",
        "cpu_count": 128,
        "total_ram_kb": 263708948.0,
        "gpu_type": "NVIDIA GeForce RTX 3090",
        "gpu_total_memory_kb": 24703168.0,
        "occupied_ram_kb": 24266380.0,
        "ram_usage_percent": 11.0,
        "cpu_usage_percent": 2.7,
        "occupied_gpu_memory_kb": 35388.0,
        "gpu_memory_usage_percent": 0.14,
        "gpu_memory_kb": 5718054.0
    },
    "training_summary": {
        "total_epochs": 1,
        "best_accuracy": 0.2448,
        "final_accuracy": 0.2448
    },
    "uid": "d638173e7b6276f3f03c829a4c9b47e1"
}