{
    "eval_args": {
        "model_package": "/home/ghaffar/nn-dataset/scratch/auto_train_loop/Blip2Fast-A1-B4",
        "task": "img-captioning",
        "dataset": "coco",
        "metric": "bleu",
        "prm": {
            "lr": 0.0001,
            "batch": 32,
            "dropout": 0.2,
            "momentum": 0.9,
            "transform": "cached_blip2",
            "epoch": 5,
            "limit": 7000,
            "num_workers": 8,
            "pin_memory": false,
            "feature_cache_dir": null,
            "feature_cache_mode": "read",
            "freeze_gpt2": false,
            "uid": "a05738900840cea8dd3cee5b407ff038",
            "duration": 1211814742658,
            "accuracy": 0.04515796024458108,
            "train_loss": 1.3342188059525906,
            "test_loss": 1.1052492447197437,
            "train_accuracy": 0.0,
            "gradient_norm": 0.9999995769923268,
            "samples_per_second": 487.89723763840163,
            "best_accuracy": 0.04663807017627739,
            "best_epoch": 4,
            "cpu_type": "x86_64",
            "cpu_count": 16,
            "total_ram_kb": 31935912.0,
            "gpu_type": "NVIDIA GeForce RTX 4090",
            "gpu_total_memory_kb": 24635840.0,
            "occupied_ram_kb": 15968748.0,
            "ram_usage_percent": 50.0,
            "cpu_usage_percent": 0.0,
            "occupied_gpu_memory_kb": 4623181.0,
            "gpu_memory_usage_percent": 18.77,
            "gpu_memory_kb": 8109863.0,
            "metric_bleu": 0.04515796024458108
        }
    },
    "eval_results": [
        "4249508d9d43ddfc747934d10d3384d4",
        0.04515796024458108,
        0.0036439530474538383,
        0.98
    ],
    "cli_args": {
        "task": "img-captioning",
        "dataset": "coco",
        "metric": "bleu"
    }
}