{
    "config": {
        "task": "img-classification",
        "dataset": "cifar-10",
        "metric": "acc",
        "model": "GenFractalNet-27149b424fa92276dcec3d6b154aad39"
    },
    "hyperparameters": {
        "lr": 0.01,
        "momentum": 0.92,
        "batch": 64,
        "epoch": 1,
        "transform": "norm_32_flip",
        "max_batches": null,
        "uid": "fb90a55754624e15cc974013a9a25d1f",
        "duration": 37203217812,
        "accuracy": 0.4691,
        "train_loss": 1.450729130174193,
        "test_loss": 1.4548726886700674,
        "train_accuracy": 0.46856,
        "gradient_norm": 0.6011743038924849,
        "samples_per_second": 1343.9883718263693,
        "best_accuracy": 0.4691,
        "best_epoch": 1,
        "cpu_type": "x86_64",
        "cpu_count": 128,
        "total_ram_kb": 263708948.0,
        "gpu_type": "NVIDIA GeForce RTX 3090",
        "gpu_total_memory_kb": 24703168.0,
        "occupied_ram_kb": 29422260.0,
        "ram_usage_percent": 12.9,
        "cpu_usage_percent": 5.3,
        "occupied_gpu_memory_kb": 20737.0,
        "gpu_memory_usage_percent": 0.08,
        "gpu_memory_kb": 6272893.5
    },
    "training_summary": {
        "total_epochs": 1,
        "best_accuracy": 0.4691,
        "final_accuracy": 0.4691
    },
    "uid": "27149b424fa92276dcec3d6b154aad39"
}