{
    "config": {
        "task": "img-classification",
        "dataset": "cifar-10",
        "metric": "acc",
        "model": "GenFractalNet-20d69508988a8b0280d367590edc8e56"
    },
    "hyperparameters": {
        "lr": 0.002,
        "momentum": 0.92,
        "batch": 64,
        "epoch": 1,
        "transform": "norm_32_flip",
        "max_batches": null,
        "uid": "fdc3164628af2fb61d044e254a1789b9",
        "duration": 39885580794,
        "accuracy": 0.5639,
        "train_loss": 1.159034401864347,
        "test_loss": 1.1991012176130986,
        "train_accuracy": 0.5829,
        "gradient_norm": 0.6096545153946388,
        "samples_per_second": 1253.5933765236634,
        "best_accuracy": 0.5639,
        "best_epoch": 1,
        "cpu_type": "x86_64",
        "cpu_count": 32,
        "total_ram_kb": 131724388.0,
        "gpu_type": "NVIDIA GeForce RTX 3090",
        "gpu_total_memory_kb": 24703168.0,
        "occupied_ram_kb": 17292424.0,
        "ram_usage_percent": 15.4,
        "cpu_usage_percent": 0.3,
        "occupied_gpu_memory_kb": 130215.5,
        "gpu_memory_usage_percent": 0.53,
        "gpu_memory_kb": 6190918.0
    },
    "training_summary": {
        "total_epochs": 1,
        "best_accuracy": 0.5639,
        "final_accuracy": 0.5639
    },
    "uid": "20d69508988a8b0280d367590edc8e56"
}