{
    "config": {
        "task": "img-classification",
        "dataset": "cifar-10",
        "metric": "acc",
        "model": "GenFractalNet-ffaaf0ed106826795b28877a593379b5"
    },
    "hyperparameters": {
        "lr": 0.003,
        "momentum": 0.92,
        "batch": 64,
        "epoch": 1,
        "transform": "norm_32_flip",
        "max_batches": null,
        "uid": "69a6050c3922e50596d976d13608a704",
        "duration": 33123535014,
        "accuracy": 0.3601,
        "train_loss": 1.7062939260621814,
        "test_loss": 1.7033421378226796,
        "train_accuracy": 0.3594,
        "gradient_norm": 2.368918923266678,
        "samples_per_second": 1509.5096974530468,
        "best_accuracy": 0.3601,
        "best_epoch": 1,
        "cpu_type": "x86_64",
        "cpu_count": 32,
        "total_ram_kb": 131724388.0,
        "gpu_type": "NVIDIA GeForce RTX 4090",
        "gpu_total_memory_kb": 24658816.0,
        "occupied_ram_kb": 17341956.0,
        "ram_usage_percent": 15.5,
        "cpu_usage_percent": 0.0,
        "occupied_gpu_memory_kb": 16928.5,
        "gpu_memory_usage_percent": 0.07,
        "gpu_memory_kb": 5559723.0
    },
    "training_summary": {
        "total_epochs": 1,
        "best_accuracy": 0.3601,
        "final_accuracy": 0.3601
    },
    "uid": "ffaaf0ed106826795b28877a593379b5"
}