{
    "eval_args": {
        "model_package": "/home/s497466/nn-gpt/out/nngpt/llm/epoch/A0/synth_nn/B86",
        "task": "img-classification",
        "dataset": "imagenette",
        "metric": "acc",
        "prm": {
            "lr": 0.01,
            "batch": 32,
            "dropout": 0.2,
            "momentum": 0.9,
            "transform": "norm_256_flip",
            "stochastic_depth_prob": 0.0,
            "norm_eps": 1e-05,
            "norm_std": 0.5,
            "tie_weights": 0.0,
            "dropout_aux": 0.0,
            "attention_dropout": 0.0,
            "norm_momentum": 0.1,
            "score_thresh": 0.01,
            "nms_thresh": 0.45,
            "iou_thresh": 0.5,
            "detections_per_img": 0.5,
            "topk_candidates": 0.5,
            "neg_to_pos_ratio": 0.5,
            "pretrained": 0.0,
            "patch_size": 0.125,
            "epoch": 1,
            "uid": "b9095d884c36ec05935d296b86e19df1",
            "duration": 135635580352,
            "duration_seconds": 135.64,
            "accuracy": 0.24636942675159235,
            "train_stat": {
                "train_loss": 1.8685003948357708,
                "test_loss": 3.0391623528023075,
                "train_accuracy": 0.345443024606611,
                "gradient_norm": 2.9999997502404403,
                "samples_per_second": 69.8183417533542,
                "best_accuracy": 0.24636942675159235,
                "best_epoch": 1,
                "epoch_max": 1,
                "cpu_count": 128,
                "cpu_type": "x86_64",
                "cpu_usage_percent": 10.5,
                "total_ram_kb": 1056603672.0,
                "occupied_ram_kb": 170153612.0,
                "ram_usage_percent": 16.1,
                "gpu_type": "NVIDIA L40S",
                "gpu_memory_kb": 26754218.5,
                "gpu_total_memory_kb": 46550528.0,
                "occupied_gpu_memory_kb": 321666.0,
                "gpu_memory_usage_percent": 0.69
            },
            "metric_acc": 0.24636942675159235
        }
    },
    "eval_results": {
        "checksum": "FractalFusion-2b-d32fe968bc4eac8d86f247c00146706a",
        "accuracy": 0.24636942675159235,
        "full_result": "('FractalFusion-2b-d32fe968bc4eac8d86f247c00146706a', 0.24636942675159235, 0.10791373942717387, 0.59)"
    },
    "cli_args": {
        "task": "img-classification",
        "dataset": "imagenette",
        "metric": "acc",
        "lr": 0.01,
        "batch": 32,
        "dropout": 0.2,
        "momentum": 0.9,
        "transform": "norm_256_flip"
    }
}