{
    "config": {
        "task": "img-classification",
        "dataset": "cifar-10",
        "metric": "acc",
        "model": "GenFractalNet-54b3adfc22429b874d3a44451c28885b"
    },
    "hyperparameters": {
        "lr": 0.001,
        "momentum": 0.95,
        "batch": 64,
        "epoch": 1,
        "transform": "norm_32_flip",
        "max_batches": null,
        "uid": "413233aa5202d01e749eded26a1af0b4",
        "duration": 40135487661,
        "accuracy": 0.4461,
        "train_loss": 1.4790277127414713,
        "test_loss": 1.4882227273503685,
        "train_accuracy": 0.4462,
        "gradient_norm": 2.999999077842082,
        "samples_per_second": 1245.795919151769,
        "best_accuracy": 0.4461,
        "best_epoch": 1,
        "cpu_type": "x86_64",
        "cpu_count": 128,
        "total_ram_kb": 263708948.0,
        "gpu_type": "NVIDIA GeForce RTX 3090",
        "gpu_total_memory_kb": 24703168.0,
        "occupied_ram_kb": 34143664.0,
        "ram_usage_percent": 14.8,
        "cpu_usage_percent": 6.7,
        "occupied_gpu_memory_kb": 28303.5,
        "gpu_memory_usage_percent": 0.11,
        "gpu_memory_kb": 6266059.5
    },
    "training_summary": {
        "total_epochs": 1,
        "best_accuracy": 0.4461,
        "final_accuracy": 0.4461
    },
    "uid": "54b3adfc22429b874d3a44451c28885b"
}