{
    "eval_args": {
        "model_package": "/home/s497466/nn-gpt/out/nngpt/llm/epoch/A0/synth_nn/B5",
        "task": "img-classification",
        "dataset": "imagenette",
        "metric": "acc",
        "prm": {
            "lr": 0.01,
            "batch": 32,
            "dropout": 0.2,
            "momentum": 0.9,
            "transform": "norm_256_flip",
            "stochastic_depth_prob": 0.0,
            "norm_eps": 1e-05,
            "norm_std": 0.5,
            "tie_weights": 0.0,
            "dropout_aux": 0.0,
            "attention_dropout": 0.0,
            "norm_momentum": 0.1,
            "score_thresh": 0.01,
            "nms_thresh": 0.45,
            "iou_thresh": 0.5,
            "detections_per_img": 0.5,
            "topk_candidates": 0.5,
            "neg_to_pos_ratio": 0.5,
            "pretrained": 0.0,
            "patch_size": 0.125,
            "epoch": 1,
            "uid": "b9095d884c36ec05935d296b86e19df1",
            "duration": 319302134411,
            "duration_seconds": 319.3,
            "accuracy": 0.18904458598726115,
            "train_stat": {
                "train_loss": 2.1002733605201827,
                "test_loss": 2.9273020150215645,
                "train_accuracy": 0.2685605660576618,
                "gradient_norm": 2.999999608500228,
                "samples_per_second": 29.656211692172747,
                "best_accuracy": 0.18904458598726115,
                "best_epoch": 1,
                "epoch_max": 1,
                "cpu_count": 128,
                "cpu_type": "x86_64",
                "cpu_usage_percent": 12.3,
                "total_ram_kb": 1056603672.0,
                "occupied_ram_kb": 178113880.0,
                "ram_usage_percent": 16.9,
                "gpu_type": "NVIDIA L40S",
                "gpu_memory_kb": 21820552.0,
                "gpu_total_memory_kb": 46550528.0,
                "occupied_gpu_memory_kb": 272922.5,
                "gpu_memory_usage_percent": 0.59
            },
            "metric_acc": 0.18904458598726115
        }
    },
    "eval_results": {
        "checksum": "FractalFusion-6b-bcd4382e19f2846fa4d75b415cc3d60a",
        "accuracy": 0.18904458598726115,
        "full_result": "('FractalFusion-6b-bcd4382e19f2846fa4d75b415cc3d60a', 0.18904458598726115, 0.027887250472508444, 0.57)"
    },
    "cli_args": {
        "task": "img-classification",
        "dataset": "imagenette",
        "metric": "acc",
        "lr": 0.01,
        "batch": 32,
        "dropout": 0.2,
        "momentum": 0.9,
        "transform": "norm_256_flip"
    }
}