{
    "config": {
        "task": "img-classification",
        "dataset": "cifar-10",
        "metric": "acc",
        "model": "GenFractalNet-ff5f2b40e48f1bd936ad1d68229688c7"
    },
    "hyperparameters": {
        "lr": 0.005,
        "momentum": 0.95,
        "batch": 64,
        "epoch": 1,
        "transform": "norm_32_flip",
        "max_batches": null,
        "uid": "c3bab3e9931db53638d2791332ae0024",
        "duration": 35514560166,
        "accuracy": 0.4176,
        "train_loss": 1.5939176526215986,
        "test_loss": 1.592652856923972,
        "train_accuracy": 0.412,
        "gradient_norm": 0.6708975931380117,
        "samples_per_second": 1407.8810861663999,
        "best_accuracy": 0.4176,
        "best_epoch": 1,
        "cpu_type": "x86_64",
        "cpu_count": 128,
        "total_ram_kb": 263708948.0,
        "gpu_type": "NVIDIA GeForce RTX 3090",
        "gpu_total_memory_kb": 24703168.0,
        "occupied_ram_kb": 33791900.0,
        "ram_usage_percent": 14.6,
        "cpu_usage_percent": 6.6,
        "occupied_gpu_memory_kb": 40617.0,
        "gpu_memory_usage_percent": 0.16,
        "gpu_memory_kb": 2236231.0
    },
    "training_summary": {
        "total_epochs": 1,
        "best_accuracy": 0.4176,
        "final_accuracy": 0.4176
    },
    "uid": "ff5f2b40e48f1bd936ad1d68229688c7"
}