{
    "config": {
        "task": "img-classification",
        "dataset": "cifar-10",
        "metric": "acc",
        "model": "GenFractalNet-c15910f1bc45a98606f8107945249a16"
    },
    "hyperparameters": {
        "lr": 0.01,
        "momentum": 0.9,
        "batch": 64,
        "epoch": 1,
        "transform": "norm_32_flip",
        "max_batches": null,
        "uid": "fddd85ed21879149faee86627a9f4554",
        "duration": 31647666619,
        "accuracy": 0.4191,
        "train_loss": 1.5085393083674827,
        "test_loss": 1.5046780056254878,
        "train_accuracy": 0.4188,
        "gradient_norm": 0.9194669469697065,
        "samples_per_second": 1579.9052727544054,
        "best_accuracy": 0.4191,
        "best_epoch": 1,
        "cpu_type": "x86_64",
        "cpu_count": 128,
        "total_ram_kb": 263708948.0,
        "gpu_type": "NVIDIA GeForce RTX 3090",
        "gpu_total_memory_kb": 24703168.0,
        "occupied_ram_kb": 21316680.0,
        "ram_usage_percent": 11.2,
        "cpu_usage_percent": 0.9,
        "occupied_gpu_memory_kb": 18102.0,
        "gpu_memory_usage_percent": 0.07,
        "gpu_memory_kb": 2296924.5
    },
    "training_summary": {
        "total_epochs": 1,
        "best_accuracy": 0.4191,
        "final_accuracy": 0.4191
    },
    "uid": "c15910f1bc45a98606f8107945249a16"
}