{
    "config": {
        "task": "img-classification",
        "dataset": "cifar-10",
        "metric": "acc",
        "model": "GenFractalNet-0764792cfa6eb05423df507825ca6da3"
    },
    "hyperparameters": {
        "lr": 0.001,
        "momentum": 0.95,
        "batch": 64,
        "epoch": 1,
        "transform": "norm_32_flip",
        "max_batches": null,
        "uid": "413233aa5202d01e749eded26a1af0b4",
        "duration": 36331982060,
        "accuracy": 0.5239,
        "train_loss": 1.3081397307498375,
        "test_loss": 1.3190102387385763,
        "train_accuracy": 0.5329,
        "gradient_norm": 2.999999630830705,
        "samples_per_second": 1376.2102068909162,
        "best_accuracy": 0.5239,
        "best_epoch": 1,
        "cpu_type": "x86_64",
        "cpu_count": 128,
        "total_ram_kb": 263708948.0,
        "gpu_type": "NVIDIA GeForce RTX 3090",
        "gpu_total_memory_kb": 24703168.0,
        "occupied_ram_kb": 32413928.0,
        "ram_usage_percent": 14.0,
        "cpu_usage_percent": 6.7,
        "occupied_gpu_memory_kb": 35929.0,
        "gpu_memory_usage_percent": 0.15,
        "gpu_memory_kb": 5542616.0
    },
    "training_summary": {
        "total_epochs": 1,
        "best_accuracy": 0.5239,
        "final_accuracy": 0.5239
    },
    "uid": "0764792cfa6eb05423df507825ca6da3"
}