{
    "eval_args": {
        "model_package": "/home/ghaffar/nn-dataset/scratch/auto_train_loop/run_Blip2Fast-A2-B8/Blip2Fast-A2-B8",
        "task": "img-captioning",
        "dataset": "coco",
        "metric": "bleu",
        "prm": {
            "lr": 0.0001,
            "batch": 32,
            "dropout": 0.2,
            "momentum": 0.9,
            "transform": "cached_blip2",
            "epoch": 5,
            "limit": 7000,
            "num_workers": 8,
            "pin_memory": false,
            "feature_cache_dir": null,
            "feature_cache_mode": "read",
            "freeze_gpt2": false,
            "uid": "57fd1d9c22260cea3c87f4a9e6b4e233",
            "duration": 1241501638109,
            "accuracy": 0.04273311065125204,
            "train_loss": 1.340364564567893,
            "test_loss": 1.1095463074743748,
            "train_accuracy": 0.0,
            "gradient_norm": 0.9999994940419002,
            "samples_per_second": 474.90971666193036,
            "best_accuracy": 0.046089293419428454,
            "best_epoch": 4,
            "cpu_type": "x86_64",
            "cpu_count": 16,
            "total_ram_kb": 31935912.0,
            "gpu_type": "NVIDIA GeForce RTX 4090",
            "gpu_total_memory_kb": 24635840.0,
            "occupied_ram_kb": 28859808.0,
            "ram_usage_percent": 90.4,
            "cpu_usage_percent": 6.8,
            "occupied_gpu_memory_kb": 4595501.0,
            "gpu_memory_usage_percent": 18.65,
            "gpu_memory_kb": 8084551.0,
            "metric_bleu": 0.04273311065125204
        }
    },
    "eval_results": [
        "8671b21e1d209e8a79e84b374b2d63a1",
        0.04273311065125204,
        0.003361502665016057,
        0.98
    ],
    "cli_args": {
        "task": "img-captioning",
        "dataset": "coco",
        "metric": "bleu"
    }
}