{
    "config": {
        "task": "img-classification",
        "dataset": "cifar-10",
        "metric": "acc",
        "model": "GenFractalNet-1169ca98bd699f731b220eaa241a9a8d"
    },
    "hyperparameters": {
        "lr": 0.005,
        "momentum": 0.95,
        "batch": 64,
        "epoch": 1,
        "transform": "norm_32_flip",
        "max_batches": null,
        "uid": "c3bab3e9931db53638d2791332ae0024",
        "duration": 30634802180,
        "accuracy": 0.5455,
        "train_loss": 1.2696724512692912,
        "test_loss": 1.2725614628214745,
        "train_accuracy": 0.53868,
        "gradient_norm": 2.90589635829735,
        "samples_per_second": 1632.1429232157332,
        "best_accuracy": 0.5455,
        "best_epoch": 1,
        "cpu_type": "x86_64",
        "cpu_count": 128,
        "total_ram_kb": 263708948.0,
        "gpu_type": "NVIDIA GeForce RTX 3090",
        "gpu_total_memory_kb": 24703168.0,
        "occupied_ram_kb": 16914900.0,
        "ram_usage_percent": 8.2,
        "cpu_usage_percent": 0.1,
        "occupied_gpu_memory_kb": 45653.5,
        "gpu_memory_usage_percent": 0.18,
        "gpu_memory_kb": 4694452.5
    },
    "training_summary": {
        "total_epochs": 1,
        "best_accuracy": 0.5455,
        "final_accuracy": 0.5455
    },
    "uid": "1169ca98bd699f731b220eaa241a9a8d"
}