{
    "eval_args": {
        "model_package": "/home/s497466/nn-gpt/out/nngpt/llm/epoch/A0/synth_nn/B5",
        "task": "img-classification",
        "dataset": "imagenette",
        "metric": "acc",
        "prm": {
            "lr": 0.01,
            "batch": 32,
            "dropout": 0.2,
            "momentum": 0.9,
            "transform": "norm_256_flip",
            "stochastic_depth_prob": 0.0,
            "norm_eps": 1e-05,
            "norm_std": 0.5,
            "tie_weights": 0.0,
            "dropout_aux": 0.0,
            "attention_dropout": 0.0,
            "norm_momentum": 0.1,
            "score_thresh": 0.01,
            "nms_thresh": 0.45,
            "iou_thresh": 0.5,
            "detections_per_img": 0.5,
            "topk_candidates": 0.5,
            "neg_to_pos_ratio": 0.5,
            "pretrained": 0.0,
            "patch_size": 0.125,
            "epoch": 1,
            "uid": "b9095d884c36ec05935d296b86e19df1",
            "duration": 137868420654,
            "duration_seconds": 137.87,
            "accuracy": 0.2445859872611465,
            "train_stat": {
                "train_loss": 2.1119770201902504,
                "test_loss": 2.341533711286095,
                "train_accuracy": 0.21353891646425177,
                "gradient_norm": 2.999999585489779,
                "samples_per_second": 68.68236408184804,
                "best_accuracy": 0.2445859872611465,
                "best_epoch": 1,
                "epoch_max": 1,
                "cpu_count": 256,
                "cpu_type": "x86_64",
                "cpu_usage_percent": 4.0,
                "total_ram_kb": 527761880.0,
                "occupied_ram_kb": 48645408.0,
                "ram_usage_percent": 9.2,
                "gpu_type": "NVIDIA L40",
                "gpu_memory_kb": 26971911.0,
                "gpu_total_memory_kb": 49677504.0,
                "occupied_gpu_memory_kb": 42969.5,
                "gpu_memory_usage_percent": 0.09
            },
            "metric_acc": 0.2445859872611465
        }
    },
    "eval_results": {
        "checksum": "FractalFusion-1b-0659e8726605dbd7a998f505897cfa36",
        "accuracy": 0.2445859872611465,
        "full_result": "('FractalFusion-1b-0659e8726605dbd7a998f505897cfa36', 0.2445859872611465, 0.10487244763904648, 0.6)"
    },
    "cli_args": {
        "task": "img-classification",
        "dataset": "imagenette",
        "metric": "acc",
        "lr": 0.01,
        "batch": 32,
        "dropout": 0.2,
        "momentum": 0.9,
        "transform": "norm_256_flip"
    }
}