{
    "config": {
        "task": "img-classification",
        "dataset": "cifar-10",
        "metric": "acc",
        "model": "GenFractalNet-1bbdd2656c6c00c547015dda92dd2685"
    },
    "hyperparameters": {
        "lr": 0.01,
        "momentum": 0.8,
        "batch": 64,
        "epoch": 1,
        "transform": "norm_32_flip",
        "max_batches": null,
        "uid": "cac9e1582511f93cefcb9518dad95595",
        "duration": 34609007133,
        "accuracy": 0.2829,
        "train_loss": 1.8484501658803056,
        "test_loss": 1.8495235822762652,
        "train_accuracy": 0.2846,
        "gradient_norm": 0.3327197097293286,
        "samples_per_second": 1444.7190014600287,
        "best_accuracy": 0.2829,
        "best_epoch": 1,
        "cpu_type": "x86_64",
        "cpu_count": 128,
        "total_ram_kb": 263708948.0,
        "gpu_type": "NVIDIA GeForce RTX 3090",
        "gpu_total_memory_kb": 24703168.0,
        "occupied_ram_kb": 29551436.0,
        "ram_usage_percent": 13.0,
        "cpu_usage_percent": 2.7,
        "occupied_gpu_memory_kb": 23251.0,
        "gpu_memory_usage_percent": 0.09,
        "gpu_memory_kb": 5792562.5
    },
    "training_summary": {
        "total_epochs": 1,
        "best_accuracy": 0.2829,
        "final_accuracy": 0.2829
    },
    "uid": "1bbdd2656c6c00c547015dda92dd2685"
}