{
    "eval_args": {
        "model_package": "/home/s497466/nn-gpt/out/nngpt/llm/epoch/A0/synth_nn/B93",
        "task": "img-classification",
        "dataset": "imagenette",
        "metric": "acc",
        "prm": {
            "lr": 0.01,
            "batch": 32,
            "dropout": 0.2,
            "momentum": 0.9,
            "transform": "norm_256_flip",
            "stochastic_depth_prob": 0.0,
            "norm_eps": 1e-05,
            "norm_std": 0.5,
            "tie_weights": 0.0,
            "dropout_aux": 0.0,
            "attention_dropout": 0.0,
            "norm_momentum": 0.1,
            "score_thresh": 0.01,
            "nms_thresh": 0.45,
            "iou_thresh": 0.5,
            "detections_per_img": 0.5,
            "topk_candidates": 0.5,
            "neg_to_pos_ratio": 0.5,
            "pretrained": 0.0,
            "patch_size": 0.125,
            "epoch": 1,
            "uid": "b9095d884c36ec05935d296b86e19df1",
            "duration": 201079956072,
            "duration_seconds": 201.08,
            "accuracy": 0.45579617834394903,
            "train_stat": {
                "train_loss": 1.8828941091386806,
                "test_loss": 2.137346910994227,
                "train_accuracy": 0.36698701024395397,
                "gradient_norm": 2.9999997411478216,
                "samples_per_second": 47.09414320355036,
                "best_accuracy": 0.45579617834394903,
                "best_epoch": 1,
                "epoch_max": 1,
                "cpu_count": 128,
                "cpu_type": "x86_64",
                "cpu_usage_percent": 8.7,
                "total_ram_kb": 1056603672.0,
                "occupied_ram_kb": 166207228.0,
                "ram_usage_percent": 15.7,
                "gpu_type": "NVIDIA L40S",
                "gpu_memory_kb": 29476093.0,
                "gpu_total_memory_kb": 46550528.0,
                "occupied_gpu_memory_kb": 421216.5,
                "gpu_memory_usage_percent": 0.9
            },
            "metric_acc": 0.45579617834394903
        }
    },
    "eval_results": {
        "checksum": "FractalFusion-6b-3204719ca25f38f429f98c9935a4fe80",
        "accuracy": 0.45579617834394903,
        "full_result": "('FractalFusion-6b-3204719ca25f38f429f98c9935a4fe80', 0.45579617834394903, 0.17694263779158093, 0.59)"
    },
    "cli_args": {
        "task": "img-classification",
        "dataset": "imagenette",
        "metric": "acc",
        "lr": 0.01,
        "batch": 32,
        "dropout": 0.2,
        "momentum": 0.9,
        "transform": "norm_256_flip"
    }
}