{
    "config": {
        "task": "img-classification",
        "dataset": "cifar-10",
        "metric": "acc",
        "model": "GenFractalNet-d2a4dd062a9b8bc3551d77b834f79403"
    },
    "hyperparameters": {
        "lr": 0.01,
        "momentum": 0.95,
        "batch": 64,
        "epoch": 1,
        "transform": "norm_32_flip",
        "max_batches": null,
        "uid": "7e0d9d3a4af27bbe52d1557a4daae329",
        "duration": 35169016562,
        "accuracy": 0.5122,
        "train_loss": 1.3432463567580104,
        "test_loss": 1.3479268740696513,
        "train_accuracy": 0.51686,
        "gradient_norm": 2.9999992280722103,
        "samples_per_second": 1421.7140329094184,
        "best_accuracy": 0.5122,
        "best_epoch": 1,
        "cpu_type": "x86_64",
        "cpu_count": 128,
        "total_ram_kb": 263708948.0,
        "gpu_type": "NVIDIA GeForce RTX 3090",
        "gpu_total_memory_kb": 24703168.0,
        "occupied_ram_kb": 30403284.0,
        "ram_usage_percent": 13.3,
        "cpu_usage_percent": 7.5,
        "occupied_gpu_memory_kb": 37009.5,
        "gpu_memory_usage_percent": 0.15,
        "gpu_memory_kb": 5390012.5
    },
    "training_summary": {
        "total_epochs": 1,
        "best_accuracy": 0.5122,
        "final_accuracy": 0.5122
    },
    "uid": "d2a4dd062a9b8bc3551d77b834f79403"
}