{
    "config": {
        "task": "img-classification",
        "dataset": "cifar-10",
        "metric": "acc",
        "model": "GenFractalNet-5b6eb726f21169a2df2a6f913d584566"
    },
    "hyperparameters": {
        "lr": 0.005,
        "momentum": 0.85,
        "batch": 64,
        "epoch": 1,
        "transform": "norm_32_flip",
        "max_batches": null,
        "uid": "66c0389308131baca1c2e07779bf8112",
        "duration": 33149069208,
        "accuracy": 0.5971,
        "train_loss": 1.0842908062898289,
        "test_loss": 1.1040651927328413,
        "train_accuracy": 0.60764,
        "gradient_norm": 2.6426732551229684,
        "samples_per_second": 1508.3505223940729,
        "best_accuracy": 0.5971,
        "best_epoch": 1,
        "cpu_type": "x86_64",
        "cpu_count": 32,
        "total_ram_kb": 131724388.0,
        "gpu_type": "NVIDIA GeForce RTX 3090",
        "gpu_total_memory_kb": 24703168.0,
        "occupied_ram_kb": 17513488.0,
        "ram_usage_percent": 15.6,
        "cpu_usage_percent": 0.0,
        "occupied_gpu_memory_kb": 18214.0,
        "gpu_memory_usage_percent": 0.07,
        "gpu_memory_kb": 5791538.5
    },
    "training_summary": {
        "total_epochs": 1,
        "best_accuracy": 0.5971,
        "final_accuracy": 0.5971
    },
    "uid": "5b6eb726f21169a2df2a6f913d584566"
}