{
    "config": {
        "task": "img-classification",
        "dataset": "cifar-10",
        "metric": "acc",
        "model": "GenFractalNet-9755b5c51791d2a020f80450686c98f9"
    },
    "hyperparameters": {
        "lr": 0.01,
        "momentum": 0.95,
        "batch": 64,
        "epoch": 1,
        "transform": "norm_32_flip",
        "max_batches": null,
        "uid": "7e0d9d3a4af27bbe52d1557a4daae329",
        "duration": 35391697803,
        "accuracy": 0.2638,
        "train_loss": 1.9854751171358407,
        "test_loss": 1.9818154763264262,
        "train_accuracy": 0.26106,
        "gradient_norm": 0.23257064796477786,
        "samples_per_second": 1412.7753901318306,
        "best_accuracy": 0.2638,
        "best_epoch": 1,
        "cpu_type": "x86_64",
        "cpu_count": 128,
        "total_ram_kb": 263708948.0,
        "gpu_type": "NVIDIA GeForce RTX 3090",
        "gpu_total_memory_kb": 24703168.0,
        "occupied_ram_kb": 31205628.0,
        "ram_usage_percent": 13.6,
        "cpu_usage_percent": 4.8,
        "occupied_gpu_memory_kb": 17858.5,
        "gpu_memory_usage_percent": 0.07,
        "gpu_memory_kb": 4839565.5
    },
    "training_summary": {
        "total_epochs": 1,
        "best_accuracy": 0.2638,
        "final_accuracy": 0.2638
    },
    "uid": "9755b5c51791d2a020f80450686c98f9"
}