{
    "config": {
        "task": "img-classification",
        "dataset": "cifar-10",
        "metric": "acc",
        "model": "GenFractalNet-ac9a364321d5d281e92f7e123208f869"
    },
    "hyperparameters": {
        "lr": 0.01,
        "momentum": 0.9,
        "batch": 64,
        "epoch": 1,
        "transform": "norm_32_flip",
        "max_batches": null,
        "uid": "fddd85ed21879149faee86627a9f4554",
        "duration": 33135580244,
        "accuracy": 0.5955,
        "train_loss": 1.1367992120020836,
        "test_loss": 1.1470069972572812,
        "train_accuracy": 0.6026,
        "gradient_norm": 2.9999991676363975,
        "samples_per_second": 1508.9605002947144,
        "best_accuracy": 0.5955,
        "best_epoch": 1,
        "cpu_type": "x86_64",
        "cpu_count": 32,
        "total_ram_kb": 131724388.0,
        "gpu_type": "NVIDIA GeForce RTX 3090",
        "gpu_total_memory_kb": 24703168.0,
        "occupied_ram_kb": 17153504.0,
        "ram_usage_percent": 15.3,
        "cpu_usage_percent": 4.4,
        "occupied_gpu_memory_kb": 21727.5,
        "gpu_memory_usage_percent": 0.09,
        "gpu_memory_kb": 5182624.5
    },
    "training_summary": {
        "total_epochs": 1,
        "best_accuracy": 0.5955,
        "final_accuracy": 0.5955
    },
    "uid": "ac9a364321d5d281e92f7e123208f869"
}