{
    "config": {
        "task": "img-classification",
        "dataset": "cifar-10",
        "metric": "acc",
        "model": "GenFractalNet-4b73911977d3d238a211fba07ec5e2fd"
    },
    "hyperparameters": {
        "lr": 0.01,
        "momentum": 0.9,
        "batch": 64,
        "epoch": 1,
        "transform": "norm_32_flip",
        "max_batches": null,
        "uid": "fddd85ed21879149faee86627a9f4554",
        "duration": 31990428699,
        "accuracy": 0.4243,
        "train_loss": 1.5516379312481112,
        "test_loss": 1.5443716611072515,
        "train_accuracy": 0.42218,
        "gradient_norm": 1.4560592972795394,
        "samples_per_second": 1562.977066659725,
        "best_accuracy": 0.4243,
        "best_epoch": 1,
        "cpu_type": "x86_64",
        "cpu_count": 128,
        "total_ram_kb": 263708948.0,
        "gpu_type": "NVIDIA GeForce RTX 3090",
        "gpu_total_memory_kb": 24703168.0,
        "occupied_ram_kb": 21374824.0,
        "ram_usage_percent": 11.2,
        "cpu_usage_percent": 0.8,
        "occupied_gpu_memory_kb": 16845.5,
        "gpu_memory_usage_percent": 0.07,
        "gpu_memory_kb": 5663001.0
    },
    "training_summary": {
        "total_epochs": 1,
        "best_accuracy": 0.4243,
        "final_accuracy": 0.4243
    },
    "uid": "4b73911977d3d238a211fba07ec5e2fd"
}