{
    "config": {
        "task": "img-classification",
        "dataset": "cifar-10",
        "metric": "acc",
        "model": "GenFractalNet-e3126f13f8ef35600624897047aedcf7"
    },
    "hyperparameters": {
        "lr": 0.01,
        "momentum": 0.95,
        "batch": 64,
        "epoch": 1,
        "transform": "norm_32_flip",
        "max_batches": null,
        "uid": "7e0d9d3a4af27bbe52d1557a4daae329",
        "duration": 49891900079,
        "accuracy": 0.2891,
        "train_loss": 1.9313970935314209,
        "test_loss": 1.9264679038600556,
        "train_accuracy": 0.27844,
        "gradient_norm": 0.41416389132170306,
        "samples_per_second": 1002.1737110913579,
        "best_accuracy": 0.2891,
        "best_epoch": 1,
        "cpu_type": "x86_64",
        "cpu_count": 32,
        "total_ram_kb": 131724388.0,
        "gpu_type": "NVIDIA GeForce RTX 3090",
        "gpu_total_memory_kb": 24703168.0,
        "occupied_ram_kb": 35646652.0,
        "ram_usage_percent": 29.4,
        "cpu_usage_percent": 3.1,
        "occupied_gpu_memory_kb": 97195.0,
        "gpu_memory_usage_percent": 0.39,
        "gpu_memory_kb": 4742913.5
    },
    "training_summary": {
        "total_epochs": 1,
        "best_accuracy": 0.2891,
        "final_accuracy": 0.2891
    },
    "uid": "e3126f13f8ef35600624897047aedcf7"
}