{
    "config": {
        "task": "img-classification",
        "dataset": "cifar-10",
        "metric": "acc",
        "model": "GenFractalNet-8957b6ff4947b8551a2e609155736567"
    },
    "hyperparameters": {
        "lr": 0.003,
        "momentum": 0.8,
        "batch": 64,
        "epoch": 1,
        "transform": "norm_32_flip",
        "max_batches": null,
        "uid": "ee92ba477c9167c48f5eac9c5b9e4293",
        "duration": 34882361431,
        "accuracy": 0.4026,
        "train_loss": 1.6937061209812798,
        "test_loss": 1.6922017123289168,
        "train_accuracy": 0.4,
        "gradient_norm": 0.6038072790113659,
        "samples_per_second": 1433.402221477308,
        "best_accuracy": 0.4026,
        "best_epoch": 1,
        "cpu_type": "x86_64",
        "cpu_count": 32,
        "total_ram_kb": 131724388.0,
        "gpu_type": "NVIDIA GeForce RTX 3090",
        "gpu_total_memory_kb": 24703168.0,
        "occupied_ram_kb": 17093900.0,
        "ram_usage_percent": 15.2,
        "cpu_usage_percent": 6.3,
        "occupied_gpu_memory_kb": 18559.0,
        "gpu_memory_usage_percent": 0.08,
        "gpu_memory_kb": 5182624.5
    },
    "training_summary": {
        "total_epochs": 1,
        "best_accuracy": 0.4026,
        "final_accuracy": 0.4026
    },
    "uid": "8957b6ff4947b8551a2e609155736567"
}