{
    "config": {
        "task": "img-classification",
        "dataset": "cifar-10",
        "metric": "acc",
        "model": "GenFractalNet-b31983919ea36874c8867caf1b94cb41"
    },
    "hyperparameters": {
        "lr": 0.01,
        "momentum": 0.92,
        "batch": 64,
        "epoch": 1,
        "transform": "norm_32_flip",
        "max_batches": null,
        "uid": "fb90a55754624e15cc974013a9a25d1f",
        "duration": 54082764371,
        "accuracy": 0.4081,
        "train_loss": 1.580468375664538,
        "test_loss": 1.5834820467954989,
        "train_accuracy": 0.40356,
        "gradient_norm": 2.9999996032610423,
        "samples_per_second": 924.5142911839046,
        "best_accuracy": 0.4081,
        "best_epoch": 1,
        "cpu_type": "x86_64",
        "cpu_count": 128,
        "total_ram_kb": 263708948.0,
        "gpu_type": "NVIDIA GeForce RTX 3090",
        "gpu_total_memory_kb": 24703168.0,
        "occupied_ram_kb": 21343252.0,
        "ram_usage_percent": 11.3,
        "cpu_usage_percent": 1.6,
        "occupied_gpu_memory_kb": 81151.5,
        "gpu_memory_usage_percent": 0.33,
        "gpu_memory_kb": 5784103.5
    },
    "training_summary": {
        "total_epochs": 1,
        "best_accuracy": 0.4081,
        "final_accuracy": 0.4081
    },
    "uid": "b31983919ea36874c8867caf1b94cb41"
}