{
    "config": {
        "task": "img-classification",
        "dataset": "cifar-10",
        "metric": "acc",
        "model": "GenFractalNet-407535d4a71c437003533f9a7cc45f2a"
    },
    "hyperparameters": {
        "lr": 0.002,
        "momentum": 0.9,
        "batch": 64,
        "epoch": 1,
        "transform": "norm_32_flip",
        "max_batches": null,
        "uid": "bba767d4cfa94763af48f9c07782c09a",
        "duration": 73868948429,
        "accuracy": 0.5622,
        "train_loss": 1.23998391689242,
        "test_loss": 1.2583930067196014,
        "train_accuracy": 0.57044,
        "gradient_norm": 2.3264862388876066,
        "samples_per_second": 676.8780740107806,
        "best_accuracy": 0.5622,
        "best_epoch": 1,
        "cpu_type": "x86_64",
        "cpu_count": 128,
        "total_ram_kb": 263708948.0,
        "gpu_type": "NVIDIA GeForce RTX 3090",
        "gpu_total_memory_kb": 24703168.0,
        "occupied_ram_kb": 19393244.0,
        "ram_usage_percent": 9.1,
        "cpu_usage_percent": 0.8,
        "occupied_gpu_memory_kb": 357835.0,
        "gpu_memory_usage_percent": 1.45,
        "gpu_memory_kb": 5543975.0
    },
    "training_summary": {
        "total_epochs": 1,
        "best_accuracy": 0.5622,
        "final_accuracy": 0.5622
    },
    "uid": "407535d4a71c437003533f9a7cc45f2a"
}