{
    "config": {
        "task": "img-classification",
        "dataset": "cifar-10",
        "metric": "acc",
        "model": "GenFractalNet-8dc59308cb7440b86466eb8b2190b55a"
    },
    "hyperparameters": {
        "lr": 0.001,
        "momentum": 0.9,
        "batch": 64,
        "epoch": 1,
        "transform": "norm_32_flip",
        "max_batches": null,
        "uid": "844fa18fcaaac2a828a4ea18152f334d",
        "duration": 34102688490,
        "accuracy": 0.6116,
        "train_loss": 1.084920271735667,
        "test_loss": 1.104152601235991,
        "train_accuracy": 0.61842,
        "gradient_norm": 2.999999369984561,
        "samples_per_second": 1466.1710794318112,
        "best_accuracy": 0.6116,
        "best_epoch": 1,
        "cpu_type": "x86_64",
        "cpu_count": 32,
        "total_ram_kb": 131724388.0,
        "gpu_type": "NVIDIA GeForce RTX 4090",
        "gpu_total_memory_kb": 24658816.0,
        "occupied_ram_kb": 17342824.0,
        "ram_usage_percent": 15.5,
        "cpu_usage_percent": 0.0,
        "occupied_gpu_memory_kb": 22371.5,
        "gpu_memory_usage_percent": 0.09,
        "gpu_memory_kb": 5660059.5
    },
    "training_summary": {
        "total_epochs": 1,
        "best_accuracy": 0.6116,
        "final_accuracy": 0.6116
    },
    "uid": "8dc59308cb7440b86466eb8b2190b55a"
}