{
    "config": {
        "task": "img-classification",
        "dataset": "cifar-10",
        "metric": "acc",
        "model": "GenFractalNet-d8435b243b913b6572e19fe685dd1a93"
    },
    "hyperparameters": {
        "lr": 0.003,
        "momentum": 0.8,
        "batch": 64,
        "epoch": 1,
        "transform": "norm_32_flip",
        "max_batches": null,
        "uid": "ee92ba477c9167c48f5eac9c5b9e4293",
        "duration": 33469326737,
        "accuracy": 0.5789,
        "train_loss": 1.1721845979580794,
        "test_loss": 1.1804398901902946,
        "train_accuracy": 0.582,
        "gradient_norm": 0.8141101490600333,
        "samples_per_second": 1493.91498515381,
        "best_accuracy": 0.5789,
        "best_epoch": 1,
        "cpu_type": "x86_64",
        "cpu_count": 32,
        "total_ram_kb": 131724388.0,
        "gpu_type": "NVIDIA GeForce RTX 3090",
        "gpu_total_memory_kb": 24703168.0,
        "occupied_ram_kb": 17429020.0,
        "ram_usage_percent": 15.5,
        "cpu_usage_percent": 0.0,
        "occupied_gpu_memory_kb": 43511.0,
        "gpu_memory_usage_percent": 0.18,
        "gpu_memory_kb": 6268638.0
    },
    "training_summary": {
        "total_epochs": 1,
        "best_accuracy": 0.5789,
        "final_accuracy": 0.5789
    },
    "uid": "d8435b243b913b6572e19fe685dd1a93"
}