{
    "eval_args": {
        "model_package": "/home/s497466/nn-gpt/out/nngpt/llm/epoch/A0/synth_nn/B25",
        "task": "img-classification",
        "dataset": "imagenette",
        "metric": "acc",
        "prm": {
            "lr": 0.01,
            "batch": 32,
            "dropout": 0.2,
            "momentum": 0.9,
            "transform": "norm_256_flip",
            "stochastic_depth_prob": 0.0,
            "norm_eps": 1e-05,
            "norm_std": 0.5,
            "tie_weights": 0.0,
            "dropout_aux": 0.0,
            "attention_dropout": 0.0,
            "norm_momentum": 0.1,
            "score_thresh": 0.01,
            "nms_thresh": 0.45,
            "iou_thresh": 0.5,
            "detections_per_img": 0.5,
            "topk_candidates": 0.5,
            "neg_to_pos_ratio": 0.5,
            "pretrained": 0.0,
            "patch_size": 0.125,
            "epoch": 1,
            "uid": "b9095d884c36ec05935d296b86e19df1",
            "duration": 114679582244,
            "duration_seconds": 114.68,
            "accuracy": 0.2504458598726115,
            "train_stat": {
                "train_loss": 1.8933946797532761,
                "test_loss": 3.029820251755598,
                "train_accuracy": 0.33403738515154713,
                "gradient_norm": 2.999999601497892,
                "samples_per_second": 82.57602471471533,
                "best_accuracy": 0.2504458598726115,
                "best_epoch": 1,
                "epoch_max": 1,
                "cpu_count": 128,
                "cpu_type": "x86_64",
                "cpu_usage_percent": 29.5,
                "total_ram_kb": 1056603668.0,
                "occupied_ram_kb": 174947260.0,
                "ram_usage_percent": 16.6,
                "gpu_type": "NVIDIA L40S",
                "gpu_memory_kb": 18149573.0,
                "gpu_total_memory_kb": 46550528.0,
                "occupied_gpu_memory_kb": 237497.5,
                "gpu_memory_usage_percent": 0.51
            },
            "metric_acc": 0.2504458598726115
        }
    },
    "eval_results": {
        "checksum": "FractalFusion-4b-b49002ce954c598990ff36426a204e3b",
        "accuracy": 0.2504458598726115,
        "full_result": "('FractalFusion-4b-b49002ce954c598990ff36426a204e3b', 0.2504458598726115, 0.13118800829995417, 0.57)"
    },
    "cli_args": {
        "task": "img-classification",
        "dataset": "imagenette",
        "metric": "acc",
        "lr": 0.01,
        "batch": 32,
        "dropout": 0.2,
        "momentum": 0.9,
        "transform": "norm_256_flip"
    }
}