{
    "config": {
        "task": "img-classification",
        "dataset": "cifar-10",
        "metric": "acc",
        "model": "GenFractalNet-0da8b3120dd30aeb7c22d58b4d61b302"
    },
    "hyperparameters": {
        "lr": 0.01,
        "momentum": 0.92,
        "batch": 64,
        "epoch": 1,
        "transform": "norm_32_flip",
        "max_batches": null,
        "uid": "fb90a55754624e15cc974013a9a25d1f",
        "duration": 32179392207,
        "accuracy": 0.4249,
        "train_loss": 1.4974566807832255,
        "test_loss": 1.5045317229191968,
        "train_accuracy": 0.42774,
        "gradient_norm": 2.1023680480322215,
        "samples_per_second": 1553.8036048793183,
        "best_accuracy": 0.4249,
        "best_epoch": 1,
        "cpu_type": "x86_64",
        "cpu_count": 128,
        "total_ram_kb": 263708948.0,
        "gpu_type": "NVIDIA GeForce RTX 3090",
        "gpu_total_memory_kb": 24703168.0,
        "occupied_ram_kb": 21323304.0,
        "ram_usage_percent": 11.2,
        "cpu_usage_percent": 1.1,
        "occupied_gpu_memory_kb": 17011.0,
        "gpu_memory_usage_percent": 0.07,
        "gpu_memory_kb": 5663001.0
    },
    "training_summary": {
        "total_epochs": 1,
        "best_accuracy": 0.4249,
        "final_accuracy": 0.4249
    },
    "uid": "0da8b3120dd30aeb7c22d58b4d61b302"
}