{
    "config": {
        "task": "img-classification",
        "dataset": "cifar-10",
        "metric": "acc",
        "model": "GenFractalNet-5d4045dd5335a47f7d34ee6ff87b66db"
    },
    "hyperparameters": {
        "lr": 0.002,
        "momentum": 0.92,
        "batch": 64,
        "epoch": 1,
        "transform": "norm_32_flip",
        "max_batches": null,
        "uid": "fdc3164628af2fb61d044e254a1789b9",
        "duration": 30883483848,
        "accuracy": 0.1467,
        "train_loss": 2.280706338565368,
        "test_loss": 2.2807997411983028,
        "train_accuracy": 0.14462,
        "gradient_norm": 1.5589650257761376,
        "samples_per_second": 1618.9995822599317,
        "best_accuracy": 0.1467,
        "best_epoch": 1,
        "cpu_type": "x86_64",
        "cpu_count": 128,
        "total_ram_kb": 263708948.0,
        "gpu_type": "NVIDIA GeForce RTX 3090",
        "gpu_total_memory_kb": 24703168.0,
        "occupied_ram_kb": 16877044.0,
        "ram_usage_percent": 8.1,
        "cpu_usage_percent": 0.0,
        "occupied_gpu_memory_kb": 17718.0,
        "gpu_memory_usage_percent": 0.07,
        "gpu_memory_kb": 4694452.5
    },
    "training_summary": {
        "total_epochs": 1,
        "best_accuracy": 0.1467,
        "final_accuracy": 0.1467
    },
    "uid": "5d4045dd5335a47f7d34ee6ff87b66db"
}