{
    "config": {
        "task": "img-classification",
        "dataset": "cifar-10",
        "metric": "acc",
        "model": "GenFractalNet-ba8058011da489baf800c39813074257"
    },
    "hyperparameters": {
        "lr": 0.001,
        "momentum": 0.85,
        "batch": 64,
        "epoch": 1,
        "transform": "norm_32_flip",
        "max_batches": null,
        "uid": "5f6961db3de4ccef5e8e9c68f113375a",
        "duration": 37219969001,
        "accuracy": 0.5803,
        "train_loss": 1.0930773171469987,
        "test_loss": 1.1209164800917266,
        "train_accuracy": 0.595,
        "gradient_norm": 2.9999995661536283,
        "samples_per_second": 1343.3769044058797,
        "best_accuracy": 0.5803,
        "best_epoch": 1,
        "cpu_type": "x86_64",
        "cpu_count": 128,
        "total_ram_kb": 263708948.0,
        "gpu_type": "NVIDIA GeForce RTX 3090",
        "gpu_total_memory_kb": 24703168.0,
        "occupied_ram_kb": 21289272.0,
        "ram_usage_percent": 11.3,
        "cpu_usage_percent": 1.6,
        "occupied_gpu_memory_kb": 20912.0,
        "gpu_memory_usage_percent": 0.08,
        "gpu_memory_kb": 5784103.5
    },
    "training_summary": {
        "total_epochs": 1,
        "best_accuracy": 0.5803,
        "final_accuracy": 0.5803
    },
    "uid": "ba8058011da489baf800c39813074257"
}