{
    "config": {
        "task": "img-classification",
        "dataset": "cifar-10",
        "metric": "acc",
        "model": "GenFractalNet-c8d68bfcb480c2e7c072768a5a1d314e"
    },
    "hyperparameters": {
        "lr": 0.003,
        "momentum": 0.92,
        "batch": 64,
        "epoch": 1,
        "transform": "norm_32_flip",
        "max_batches": null,
        "uid": "69a6050c3922e50596d976d13608a704",
        "duration": 33161846410,
        "accuracy": 0.5283,
        "train_loss": 1.2842593183145499,
        "test_loss": 1.2866684042724075,
        "train_accuracy": 0.52718,
        "gradient_norm": 0.581767335938969,
        "samples_per_second": 1507.7653870643885,
        "best_accuracy": 0.5283,
        "best_epoch": 1,
        "cpu_type": "x86_64",
        "cpu_count": 32,
        "total_ram_kb": 131724388.0,
        "gpu_type": "NVIDIA GeForce RTX 3090",
        "gpu_total_memory_kb": 24703168.0,
        "occupied_ram_kb": 17422296.0,
        "ram_usage_percent": 15.5,
        "cpu_usage_percent": 0.3,
        "occupied_gpu_memory_kb": 43959.0,
        "gpu_memory_usage_percent": 0.18,
        "gpu_memory_kb": 5791538.5
    },
    "training_summary": {
        "total_epochs": 1,
        "best_accuracy": 0.5283,
        "final_accuracy": 0.5283
    },
    "uid": "c8d68bfcb480c2e7c072768a5a1d314e"
}