{
    "eval_args": {
        "model_package": "/home/s497466/nn-gpt/out/nngpt/llm/epoch/A0/synth_nn/B25",
        "task": "img-classification",
        "dataset": "imagenette",
        "metric": "acc",
        "prm": {
            "lr": 0.01,
            "batch": 32,
            "dropout": 0.2,
            "momentum": 0.9,
            "transform": "norm_256_flip",
            "stochastic_depth_prob": 0.0,
            "norm_eps": 1e-05,
            "norm_std": 0.5,
            "tie_weights": 0.0,
            "dropout_aux": 0.0,
            "attention_dropout": 0.0,
            "norm_momentum": 0.1,
            "score_thresh": 0.01,
            "nms_thresh": 0.45,
            "iou_thresh": 0.5,
            "detections_per_img": 0.5,
            "topk_candidates": 0.5,
            "neg_to_pos_ratio": 0.5,
            "pretrained": 0.0,
            "patch_size": 0.125,
            "epoch": 1,
            "uid": "b9095d884c36ec05935d296b86e19df1",
            "duration": 153715730757,
            "duration_seconds": 153.72,
            "accuracy": 0.21477707006369426,
            "train_stat": {
                "train_loss": 1.905668203336458,
                "test_loss": 2.562780737876892,
                "train_accuracy": 0.3326644841060302,
                "gradient_norm": 2.9999998378987778,
                "samples_per_second": 61.60391083169698,
                "best_accuracy": 0.21477707006369426,
                "best_epoch": 1,
                "epoch_max": 1,
                "cpu_count": 128,
                "cpu_type": "x86_64",
                "cpu_usage_percent": 0.4,
                "total_ram_kb": 527801156.0,
                "occupied_ram_kb": 43772352.0,
                "ram_usage_percent": 8.3,
                "gpu_type": "NVIDIA L40",
                "gpu_memory_kb": 18149573.0,
                "gpu_total_memory_kb": 49677504.0,
                "occupied_gpu_memory_kb": 237497.5,
                "gpu_memory_usage_percent": 0.48
            },
            "metric_acc": 0.21477707006369426
        }
    },
    "eval_results": {
        "checksum": "FractalFusion-1b-b49002ce954c598990ff36426a204e3b",
        "accuracy": 0.21477707006369426,
        "full_result": "('FractalFusion-1b-b49002ce954c598990ff36426a204e3b', 0.21477707006369426, 0.07466839567977493, 0.57)"
    },
    "cli_args": {
        "task": "img-classification",
        "dataset": "imagenette",
        "metric": "acc",
        "lr": 0.01,
        "batch": 32,
        "dropout": 0.2,
        "momentum": 0.9,
        "transform": "norm_256_flip"
    }
}