{
    "config": {
        "task": "img-classification",
        "dataset": "cifar-10",
        "metric": "acc",
        "model": "GenFractalNet-d56588947b088129321db73d4a7b1ecb"
    },
    "hyperparameters": {
        "lr": 0.005,
        "momentum": 0.85,
        "batch": 64,
        "epoch": 1,
        "transform": "norm_32_flip",
        "max_batches": null,
        "uid": "66c0389308131baca1c2e07779bf8112",
        "duration": 37740664606,
        "accuracy": 0.2471,
        "train_loss": 2.03234631676808,
        "test_loss": 2.0329526723570126,
        "train_accuracy": 0.24318,
        "gradient_norm": 0.2192572312058161,
        "samples_per_second": 1324.8483315948474,
        "best_accuracy": 0.2471,
        "best_epoch": 1,
        "cpu_type": "x86_64",
        "cpu_count": 32,
        "total_ram_kb": 131724388.0,
        "gpu_type": "NVIDIA GeForce RTX 3090",
        "gpu_total_memory_kb": 24703168.0,
        "occupied_ram_kb": 17364296.0,
        "ram_usage_percent": 15.5,
        "cpu_usage_percent": 0.6,
        "occupied_gpu_memory_kb": 20440.0,
        "gpu_memory_usage_percent": 0.08,
        "gpu_memory_kb": 5338498.0
    },
    "training_summary": {
        "total_epochs": 1,
        "best_accuracy": 0.2471,
        "final_accuracy": 0.2471
    },
    "uid": "d56588947b088129321db73d4a7b1ecb"
}