{
    "eval_args": {
        "model_package": "/home/s497466/nn-gpt/out/nngpt/llm/epoch/A0/synth_nn/B46",
        "task": "img-classification",
        "dataset": "imagenette",
        "metric": "acc",
        "prm": {
            "lr": 0.01,
            "batch": 32,
            "dropout": 0.2,
            "momentum": 0.9,
            "transform": "norm_256_flip",
            "stochastic_depth_prob": 0.0,
            "norm_eps": 1e-05,
            "norm_std": 0.5,
            "tie_weights": 0.0,
            "dropout_aux": 0.0,
            "attention_dropout": 0.0,
            "norm_momentum": 0.1,
            "score_thresh": 0.01,
            "nms_thresh": 0.45,
            "iou_thresh": 0.5,
            "detections_per_img": 0.5,
            "topk_candidates": 0.5,
            "neg_to_pos_ratio": 0.5,
            "pretrained": 0.0,
            "patch_size": 0.125,
            "epoch": 1,
            "uid": "b9095d884c36ec05935d296b86e19df1",
            "duration": 110327398116,
            "duration_seconds": 110.33,
            "accuracy": 0.20815286624203821,
            "train_stat": {
                "train_loss": 1.9436516757751168,
                "test_loss": 2.491728689612412,
                "train_accuracy": 0.31946351251452104,
                "gradient_norm": 2.999999729349818,
                "samples_per_second": 85.83370925008073,
                "best_accuracy": 0.20815286624203821,
                "best_epoch": 1,
                "epoch_max": 1,
                "cpu_count": 128,
                "cpu_type": "x86_64",
                "cpu_usage_percent": 21.7,
                "total_ram_kb": 1056603672.0,
                "occupied_ram_kb": 208671916.0,
                "ram_usage_percent": 19.7,
                "gpu_type": "NVIDIA L40S",
                "gpu_memory_kb": 16920639.0,
                "gpu_total_memory_kb": 46550528.0,
                "occupied_gpu_memory_kb": 178348.0,
                "gpu_memory_usage_percent": 0.38
            },
            "metric_acc": 0.20815286624203821
        }
    },
    "eval_results": {
        "checksum": "FractalFusion-5b-8b354abb78dc28fac17075d52527cc46",
        "accuracy": 0.20815286624203821,
        "full_result": "('FractalFusion-5b-8b354abb78dc28fac17075d52527cc46', 0.20815286624203821, 0.09802901916378426, 0.59)"
    },
    "cli_args": {
        "task": "img-classification",
        "dataset": "imagenette",
        "metric": "acc",
        "lr": 0.01,
        "batch": 32,
        "dropout": 0.2,
        "momentum": 0.9,
        "transform": "norm_256_flip"
    }
}