{
    "eval_args": {
        "model_package": "/home/s497466/nn-gpt/out/nngpt/llm/epoch/A0/synth_nn/B55",
        "task": "img-classification",
        "dataset": "imagenette",
        "metric": "acc",
        "prm": {
            "lr": 0.01,
            "batch": 32,
            "dropout": 0.2,
            "momentum": 0.9,
            "transform": "norm_256_flip",
            "stochastic_depth_prob": 0.0,
            "norm_eps": 1e-05,
            "norm_std": 0.5,
            "tie_weights": 0.0,
            "dropout_aux": 0.0,
            "attention_dropout": 0.0,
            "norm_momentum": 0.1,
            "score_thresh": 0.01,
            "nms_thresh": 0.45,
            "iou_thresh": 0.5,
            "detections_per_img": 0.5,
            "topk_candidates": 0.5,
            "neg_to_pos_ratio": 0.5,
            "pretrained": 0.0,
            "patch_size": 0.125,
            "epoch": 1,
            "uid": "b9095d884c36ec05935d296b86e19df1",
            "duration": 170370513923,
            "duration_seconds": 170.37,
            "accuracy": 0.2991082802547771,
            "train_stat": {
                "train_loss": 2.080957691021612,
                "test_loss": 2.1368733421573793,
                "train_accuracy": 0.27289048473967686,
                "gradient_norm": 2.999999954514153,
                "samples_per_second": 55.58259007009154,
                "best_accuracy": 0.2991082802547771,
                "best_epoch": 1,
                "epoch_max": 1,
                "cpu_count": 128,
                "cpu_type": "x86_64",
                "cpu_usage_percent": 35.9,
                "total_ram_kb": 1056603668.0,
                "occupied_ram_kb": 172313568.0,
                "ram_usage_percent": 16.3,
                "gpu_type": "NVIDIA L40S",
                "gpu_memory_kb": 22500490.0,
                "gpu_total_memory_kb": 46550528.0,
                "occupied_gpu_memory_kb": 320569.0,
                "gpu_memory_usage_percent": 0.69
            },
            "metric_acc": 0.2991082802547771
        }
    },
    "eval_results": {
        "checksum": "FractalFusion-4b-55234139465159f647f795d0265da803",
        "accuracy": 0.2991082802547771,
        "full_result": "('FractalFusion-4b-55234139465159f647f795d0265da803', 0.2991082802547771, 0.11686780515598215, 0.59)"
    },
    "cli_args": {
        "task": "img-classification",
        "dataset": "imagenette",
        "metric": "acc",
        "lr": 0.01,
        "batch": 32,
        "dropout": 0.2,
        "momentum": 0.9,
        "transform": "norm_256_flip"
    }
}