{
    "config": {
        "task": "img-classification",
        "dataset": "cifar-10",
        "metric": "acc",
        "model": "GenFractalNet-2a38fb7b0659f33b903bde44a07dc643"
    },
    "hyperparameters": {
        "lr": 0.01,
        "momentum": 0.92,
        "batch": 64,
        "epoch": 1,
        "transform": "norm_32_flip",
        "max_batches": null,
        "uid": "fb90a55754624e15cc974013a9a25d1f",
        "duration": 37180672611,
        "accuracy": 0.3807,
        "train_loss": 1.697608850953524,
        "test_loss": 1.7079532419799999,
        "train_accuracy": 0.38466,
        "gradient_norm": 0.31745449033324297,
        "samples_per_second": 1344.800562305117,
        "best_accuracy": 0.3807,
        "best_epoch": 1,
        "cpu_type": "x86_64",
        "cpu_count": 32,
        "total_ram_kb": 131724388.0,
        "gpu_type": "NVIDIA GeForce RTX 4090",
        "gpu_total_memory_kb": 24658816.0,
        "occupied_ram_kb": 17327464.0,
        "ram_usage_percent": 15.5,
        "cpu_usage_percent": 3.1,
        "occupied_gpu_memory_kb": 140363.0,
        "gpu_memory_usage_percent": 0.57,
        "gpu_memory_kb": 6272025.5
    },
    "training_summary": {
        "total_epochs": 1,
        "best_accuracy": 0.3807,
        "final_accuracy": 0.3807
    },
    "uid": "2a38fb7b0659f33b903bde44a07dc643"
}