{
    "config": {
        "task": "img-classification",
        "dataset": "cifar-10",
        "metric": "acc",
        "model": "GenFractalNet-9ed7f4af9292b2b5ce9e38df51653259"
    },
    "hyperparameters": {
        "lr": 0.01,
        "momentum": 0.85,
        "batch": 64,
        "epoch": 1,
        "transform": "norm_32_flip",
        "max_batches": null,
        "uid": "9a0ac318ff9595fe2f49aa22f8b190c4",
        "duration": 33019177090,
        "accuracy": 0.4042,
        "train_loss": 1.6191427291506697,
        "test_loss": 1.6211478095145742,
        "train_accuracy": 0.40606,
        "gradient_norm": 1.0646984910503186,
        "samples_per_second": 1514.2894583837065,
        "best_accuracy": 0.4042,
        "best_epoch": 1,
        "cpu_type": "x86_64",
        "cpu_count": 32,
        "total_ram_kb": 131724388.0,
        "gpu_type": "NVIDIA GeForce RTX 4090",
        "gpu_total_memory_kb": 24658816.0,
        "occupied_ram_kb": 17410464.0,
        "ram_usage_percent": 15.5,
        "cpu_usage_percent": 0.0,
        "occupied_gpu_memory_kb": 17075.5,
        "gpu_memory_usage_percent": 0.07,
        "gpu_memory_kb": 6272025.5
    },
    "training_summary": {
        "total_epochs": 1,
        "best_accuracy": 0.4042,
        "final_accuracy": 0.4042
    },
    "uid": "9ed7f4af9292b2b5ce9e38df51653259"
}