{
    "config": {
        "task": "img-classification",
        "dataset": "cifar-10",
        "metric": "acc",
        "model": "GenFractalNet-3045621800a629255d40a30f544dbe59"
    },
    "hyperparameters": {
        "lr": 0.001,
        "momentum": 0.8,
        "batch": 64,
        "epoch": 1,
        "transform": "norm_32_flip",
        "max_batches": null,
        "uid": "718e08aca88d5f13ee47d280389de377",
        "duration": 36899089169,
        "accuracy": 0.5438,
        "train_loss": 1.2758144048778601,
        "test_loss": 1.2907746529123585,
        "train_accuracy": 0.54726,
        "gradient_norm": 2.9999994741400684,
        "samples_per_second": 1355.0627291443664,
        "best_accuracy": 0.5438,
        "best_epoch": 1,
        "cpu_type": "x86_64",
        "cpu_count": 128,
        "total_ram_kb": 263708948.0,
        "gpu_type": "NVIDIA GeForce RTX 3090",
        "gpu_total_memory_kb": 24703168.0,
        "occupied_ram_kb": 30003192.0,
        "ram_usage_percent": 13.1,
        "cpu_usage_percent": 5.2,
        "occupied_gpu_memory_kb": 36542.0,
        "gpu_memory_usage_percent": 0.15,
        "gpu_memory_kb": 5718922.0
    },
    "training_summary": {
        "total_epochs": 1,
        "best_accuracy": 0.5438,
        "final_accuracy": 0.5438
    },
    "uid": "3045621800a629255d40a30f544dbe59"
}