{
    "config": {
        "task": "img-classification",
        "dataset": "cifar-10",
        "metric": "acc",
        "model": "GenFractalNet-8465a4b1ab55d13e14fb17e176e67774"
    },
    "hyperparameters": {
        "lr": 0.01,
        "momentum": 0.9,
        "batch": 64,
        "epoch": 1,
        "transform": "norm_32_flip",
        "max_batches": null,
        "uid": "fddd85ed21879149faee86627a9f4554",
        "duration": 34227127695,
        "accuracy": 0.344,
        "train_loss": 1.778365971334755,
        "test_loss": 1.7725902416144208,
        "train_accuracy": 0.34574,
        "gradient_norm": 0.4348805868304918,
        "samples_per_second": 1460.841920442039,
        "best_accuracy": 0.344,
        "best_epoch": 1,
        "cpu_type": "x86_64",
        "cpu_count": 128,
        "total_ram_kb": 263708948.0,
        "gpu_type": "NVIDIA GeForce RTX 3090",
        "gpu_total_memory_kb": 24703168.0,
        "occupied_ram_kb": 25694056.0,
        "ram_usage_percent": 11.5,
        "cpu_usage_percent": 2.3,
        "occupied_gpu_memory_kb": 17117.5,
        "gpu_memory_usage_percent": 0.07,
        "gpu_memory_kb": 5330199.0
    },
    "training_summary": {
        "total_epochs": 1,
        "best_accuracy": 0.344,
        "final_accuracy": 0.344
    },
    "uid": "8465a4b1ab55d13e14fb17e176e67774"
}