{
    "eval_args": {
        "model_package": "/home/s497466/nn-gpt/out/nngpt/llm/epoch/A0/synth_nn/B47",
        "task": "img-classification",
        "dataset": "imagenette",
        "metric": "acc",
        "prm": {
            "lr": 0.01,
            "batch": 32,
            "dropout": 0.2,
            "momentum": 0.9,
            "transform": "norm_256_flip",
            "stochastic_depth_prob": 0.0,
            "norm_eps": 1e-05,
            "norm_std": 0.5,
            "tie_weights": 0.0,
            "dropout_aux": 0.0,
            "attention_dropout": 0.0,
            "norm_momentum": 0.1,
            "score_thresh": 0.01,
            "nms_thresh": 0.45,
            "iou_thresh": 0.5,
            "detections_per_img": 0.5,
            "topk_candidates": 0.5,
            "neg_to_pos_ratio": 0.5,
            "pretrained": 0.0,
            "patch_size": 0.125,
            "epoch": 1,
            "uid": "b9095d884c36ec05935d296b86e19df1",
            "duration": 105643282918,
            "duration_seconds": 105.64,
            "accuracy": 0.24178343949044587,
            "train_stat": {
                "train_loss": 1.965633297359343,
                "test_loss": 2.634156880339956,
                "train_accuracy": 0.3225261379237512,
                "gradient_norm": 2.999999798446448,
                "samples_per_second": 89.63770636870933,
                "best_accuracy": 0.24178343949044587,
                "best_epoch": 1,
                "epoch_max": 1,
                "cpu_count": 128,
                "cpu_type": "x86_64",
                "cpu_usage_percent": 1.1,
                "total_ram_kb": 527801156.0,
                "occupied_ram_kb": 48557464.0,
                "ram_usage_percent": 9.2,
                "gpu_type": "NVIDIA L40",
                "gpu_memory_kb": 21903926.0,
                "gpu_total_memory_kb": 49677504.0,
                "occupied_gpu_memory_kb": 227545.0,
                "gpu_memory_usage_percent": 0.46
            },
            "metric_acc": 0.24178343949044587
        }
    },
    "eval_results": {
        "checksum": "FractalFusion-1b-81ca05b403542640fdccc9ea266b18f0",
        "accuracy": 0.24178343949044587,
        "full_result": "('FractalFusion-1b-81ca05b403542640fdccc9ea266b18f0', 0.24178343949044587, 0.13420961141514104, 0.59)"
    },
    "cli_args": {
        "task": "img-classification",
        "dataset": "imagenette",
        "metric": "acc",
        "lr": 0.01,
        "batch": 32,
        "dropout": 0.2,
        "momentum": 0.9,
        "transform": "norm_256_flip"
    }
}