{
    "config": {
        "task": "img-classification",
        "dataset": "cifar-10",
        "metric": "acc",
        "model": "GenFractalNet-e83bd87e9f702b144c51b67f7b886d2a"
    },
    "hyperparameters": {
        "lr": 0.002,
        "momentum": 0.95,
        "batch": 64,
        "epoch": 1,
        "transform": "norm_32_flip",
        "max_batches": null,
        "uid": "5d4cbfc901888801ca1aca78f120bc98",
        "duration": 35072463187,
        "accuracy": 0.4469,
        "train_loss": 1.5266661247633913,
        "test_loss": 1.5299976889494877,
        "train_accuracy": 0.44688,
        "gradient_norm": 0.5119384646428113,
        "samples_per_second": 1425.632398585213,
        "best_accuracy": 0.4469,
        "best_epoch": 1,
        "cpu_type": "x86_64",
        "cpu_count": 128,
        "total_ram_kb": 263708948.0,
        "gpu_type": "NVIDIA GeForce RTX 3090",
        "gpu_total_memory_kb": 24703168.0,
        "occupied_ram_kb": 33595344.0,
        "ram_usage_percent": 14.6,
        "cpu_usage_percent": 4.4,
        "occupied_gpu_memory_kb": 22029.5,
        "gpu_memory_usage_percent": 0.09,
        "gpu_memory_kb": 4885031.0
    },
    "training_summary": {
        "total_epochs": 1,
        "best_accuracy": 0.4469,
        "final_accuracy": 0.4469
    },
    "uid": "e83bd87e9f702b144c51b67f7b886d2a"
}