{
    "eval_args": {
        "model_package": "/home/s497466/nn-gpt/out/nngpt/llm/epoch/A0/synth_nn/B82",
        "task": "img-classification",
        "dataset": "imagenette",
        "metric": "acc",
        "prm": {
            "lr": 0.01,
            "batch": 32,
            "dropout": 0.2,
            "momentum": 0.9,
            "transform": "norm_256_flip",
            "stochastic_depth_prob": 0.0,
            "norm_eps": 1e-05,
            "norm_std": 0.5,
            "tie_weights": 0.0,
            "dropout_aux": 0.0,
            "attention_dropout": 0.0,
            "norm_momentum": 0.1,
            "score_thresh": 0.01,
            "nms_thresh": 0.45,
            "iou_thresh": 0.5,
            "detections_per_img": 0.5,
            "topk_candidates": 0.5,
            "neg_to_pos_ratio": 0.5,
            "pretrained": 0.0,
            "patch_size": 0.125,
            "epoch": 1,
            "uid": "b9095d884c36ec05935d296b86e19df1",
            "duration": 116326567684,
            "duration_seconds": 116.33,
            "accuracy": 0.45146496815286624,
            "train_stat": {
                "train_loss": 1.962599282242552,
                "test_loss": 2.142175084207116,
                "train_accuracy": 0.2981307424226423,
                "gradient_norm": 2.9999998880919825,
                "samples_per_second": 81.40225586271238,
                "best_accuracy": 0.45146496815286624,
                "best_epoch": 1,
                "epoch_max": 1,
                "cpu_count": 256,
                "cpu_type": "x86_64",
                "cpu_usage_percent": 5.1,
                "total_ram_kb": 527761880.0,
                "occupied_ram_kb": 118281244.0,
                "ram_usage_percent": 22.4,
                "gpu_type": "NVIDIA L40",
                "gpu_memory_kb": 26971911.0,
                "gpu_total_memory_kb": 49677504.0,
                "occupied_gpu_memory_kb": 108068.0,
                "gpu_memory_usage_percent": 0.22
            },
            "metric_acc": 0.45146496815286624
        }
    },
    "eval_results": {
        "checksum": "FractalFusion-1b-4bf4283488e447d20502f02af9c01f16",
        "accuracy": 0.45146496815286624,
        "full_result": "('FractalFusion-1b-4bf4283488e447d20502f02af9c01f16', 0.45146496815286624, 0.30213645528304195, 0.58)"
    },
    "cli_args": {
        "task": "img-classification",
        "dataset": "imagenette",
        "metric": "acc",
        "lr": 0.01,
        "batch": 32,
        "dropout": 0.2,
        "momentum": 0.9,
        "transform": "norm_256_flip"
    }
}