{
    "config": {
        "task": "img-classification",
        "dataset": "cifar-10",
        "metric": "acc",
        "model": "GenFractalNet-cc4b8971c47bfd648f8a354b2155e29a"
    },
    "hyperparameters": {
        "lr": 0.01,
        "momentum": 0.75,
        "batch": 64,
        "epoch": 1,
        "transform": "norm_32_flip",
        "max_batches": null,
        "uid": "d091050f01990917d03203023019d417",
        "duration": 36313957821,
        "accuracy": 0.4079,
        "train_loss": 1.5455540400331893,
        "test_loss": 1.5457035963702355,
        "train_accuracy": 0.41824,
        "gradient_norm": 0.9886690977175492,
        "samples_per_second": 1376.8971855143282,
        "best_accuracy": 0.4079,
        "best_epoch": 1,
        "cpu_type": "x86_64",
        "cpu_count": 128,
        "total_ram_kb": 263708948.0,
        "gpu_type": "NVIDIA GeForce RTX 3090",
        "gpu_total_memory_kb": 24703168.0,
        "occupied_ram_kb": 30608736.0,
        "ram_usage_percent": 13.4,
        "cpu_usage_percent": 4.3,
        "occupied_gpu_memory_kb": 34710.0,
        "gpu_memory_usage_percent": 0.14,
        "gpu_memory_kb": 6272893.5
    },
    "training_summary": {
        "total_epochs": 1,
        "best_accuracy": 0.4079,
        "final_accuracy": 0.4079
    },
    "uid": "cc4b8971c47bfd648f8a354b2155e29a"
}