{
    "config": {
        "task": "img-classification",
        "dataset": "cifar-10",
        "metric": "acc",
        "model": "GenFractalNet-93e53a595582810f0d4265e9252eaf1e"
    },
    "hyperparameters": {
        "lr": 0.01,
        "momentum": 0.95,
        "batch": 64,
        "epoch": 1,
        "transform": "norm_32_flip",
        "max_batches": null,
        "uid": "7e0d9d3a4af27bbe52d1557a4daae329",
        "duration": 31701420867,
        "accuracy": 0.3974,
        "train_loss": 1.687276954541121,
        "test_loss": 1.69036094626044,
        "train_accuracy": 0.39986,
        "gradient_norm": 0.31101854874870843,
        "samples_per_second": 1577.2349393278826,
        "best_accuracy": 0.3974,
        "best_epoch": 1,
        "cpu_type": "x86_64",
        "cpu_count": 128,
        "total_ram_kb": 263708948.0,
        "gpu_type": "NVIDIA GeForce RTX 3090",
        "gpu_total_memory_kb": 24703168.0,
        "occupied_ram_kb": 17002696.0,
        "ram_usage_percent": 8.0,
        "cpu_usage_percent": 0.0,
        "occupied_gpu_memory_kb": 18032.0,
        "gpu_memory_usage_percent": 0.07,
        "gpu_memory_kb": 6272893.5
    },
    "training_summary": {
        "total_epochs": 1,
        "best_accuracy": 0.3974,
        "final_accuracy": 0.3974
    },
    "uid": "93e53a595582810f0d4265e9252eaf1e"
}