{
    "config": {
        "task": "img-classification",
        "dataset": "cifar-10",
        "metric": "acc",
        "model": "GenFractalNet-2b4c653172122663cd4f5b55498227a4"
    },
    "hyperparameters": {
        "lr": 0.01,
        "momentum": 0.95,
        "batch": 64,
        "epoch": 1,
        "transform": "norm_32_flip",
        "max_batches": null,
        "uid": "7e0d9d3a4af27bbe52d1557a4daae329",
        "duration": 35643841481,
        "accuracy": 0.5549,
        "train_loss": 1.2441639464224696,
        "test_loss": 1.246908267592169,
        "train_accuracy": 0.54916,
        "gradient_norm": 1.1436653696925796,
        "samples_per_second": 1402.778402763874,
        "best_accuracy": 0.5549,
        "best_epoch": 1,
        "cpu_type": "x86_64",
        "cpu_count": 128,
        "total_ram_kb": 263708948.0,
        "gpu_type": "NVIDIA GeForce RTX 3090",
        "gpu_total_memory_kb": 24703168.0,
        "occupied_ram_kb": 32585184.0,
        "ram_usage_percent": 14.1,
        "cpu_usage_percent": 5.7,
        "occupied_gpu_memory_kb": 21476.0,
        "gpu_memory_usage_percent": 0.09,
        "gpu_memory_kb": 5562392.5
    },
    "training_summary": {
        "total_epochs": 1,
        "best_accuracy": 0.5549,
        "final_accuracy": 0.5549
    },
    "uid": "2b4c653172122663cd4f5b55498227a4"
}