{
    "config": {
        "task": "img-classification",
        "dataset": "cifar-10",
        "metric": "acc",
        "model": "GenFractalNet-2ac1cd767e27fa5a4a36497491666f8a"
    },
    "hyperparameters": {
        "lr": 0.01,
        "momentum": 0.95,
        "batch": 64,
        "epoch": 1,
        "transform": "norm_32_flip",
        "max_batches": null,
        "uid": "7e0d9d3a4af27bbe52d1557a4daae329",
        "duration": 37552929140,
        "accuracy": 0.2468,
        "train_loss": 1.9135095152403692,
        "test_loss": 1.9149218630638851,
        "train_accuracy": 0.24702,
        "gradient_norm": 0.7280642203172565,
        "samples_per_second": 1331.4720625366126,
        "best_accuracy": 0.2468,
        "best_epoch": 1,
        "cpu_type": "x86_64",
        "cpu_count": 128,
        "total_ram_kb": 263708948.0,
        "gpu_type": "NVIDIA GeForce RTX 3090",
        "gpu_total_memory_kb": 24703168.0,
        "occupied_ram_kb": 35396788.0,
        "ram_usage_percent": 15.3,
        "cpu_usage_percent": 5.3,
        "occupied_gpu_memory_kb": 20083.5,
        "gpu_memory_usage_percent": 0.08,
        "gpu_memory_kb": 5390012.5
    },
    "training_summary": {
        "total_epochs": 1,
        "best_accuracy": 0.2468,
        "final_accuracy": 0.2468
    },
    "uid": "2ac1cd767e27fa5a4a36497491666f8a"
}