{
    "config": {
        "task": "img-classification",
        "dataset": "cifar-10",
        "metric": "acc",
        "model": "GenFractalNet-19be48512706c6d0ebd9533ae3677a23"
    },
    "hyperparameters": {
        "lr": 0.005,
        "momentum": 0.8,
        "batch": 64,
        "epoch": 1,
        "transform": "norm_32_flip",
        "max_batches": null,
        "uid": "f4cce3862c7c6d42c62fdd6855331be8",
        "duration": 42726827703,
        "accuracy": 0.4231,
        "train_loss": 1.5477783321724523,
        "test_loss": 1.5626889216672084,
        "train_accuracy": 0.43246,
        "gradient_norm": 0.5863625095385441,
        "samples_per_second": 1170.2385377796522,
        "best_accuracy": 0.4231,
        "best_epoch": 1,
        "cpu_type": "x86_64",
        "cpu_count": 128,
        "total_ram_kb": 263708948.0,
        "gpu_type": "NVIDIA GeForce RTX 3090",
        "gpu_total_memory_kb": 24703168.0,
        "occupied_ram_kb": 21159336.0,
        "ram_usage_percent": 11.3,
        "cpu_usage_percent": 0.8,
        "occupied_gpu_memory_kb": 31619.5,
        "gpu_memory_usage_percent": 0.13,
        "gpu_memory_kb": 6272893.5
    },
    "training_summary": {
        "total_epochs": 1,
        "best_accuracy": 0.4231,
        "final_accuracy": 0.4231
    },
    "uid": "19be48512706c6d0ebd9533ae3677a23"
}