{
    "config": {
        "task": "img-classification",
        "dataset": "cifar-10",
        "metric": "acc",
        "model": "GenFractalNet-7ea60a4e693380b79a0b37602308587c"
    },
    "hyperparameters": {
        "lr": 0.01,
        "momentum": 0.9,
        "batch": 64,
        "epoch": 1,
        "transform": "norm_32_flip",
        "max_batches": null,
        "uid": "fddd85ed21879149faee86627a9f4554",
        "duration": 32359838290,
        "accuracy": 0.5513,
        "train_loss": 1.2250421691276228,
        "test_loss": 1.2377807771324352,
        "train_accuracy": 0.55844,
        "gradient_norm": 2.9999993703495433,
        "samples_per_second": 1545.135586846153,
        "best_accuracy": 0.5513,
        "best_epoch": 1,
        "cpu_type": "x86_64",
        "cpu_count": 128,
        "total_ram_kb": 263708948.0,
        "gpu_type": "NVIDIA GeForce RTX 3090",
        "gpu_total_memory_kb": 24703168.0,
        "occupied_ram_kb": 21062836.0,
        "ram_usage_percent": 11.1,
        "cpu_usage_percent": 1.5,
        "occupied_gpu_memory_kb": 47572.0,
        "gpu_memory_usage_percent": 0.19,
        "gpu_memory_kb": 5663001.0
    },
    "training_summary": {
        "total_epochs": 1,
        "best_accuracy": 0.5513,
        "final_accuracy": 0.5513
    },
    "uid": "7ea60a4e693380b79a0b37602308587c"
}