{
    "config": {
        "task": "img-classification",
        "dataset": "cifar-10",
        "metric": "acc",
        "model": "GenFractalNet-9fcfae112925b2910499eb5b821f361b"
    },
    "hyperparameters": {
        "lr": 0.005,
        "momentum": 0.95,
        "batch": 64,
        "epoch": 1,
        "transform": "norm_32_flip",
        "max_batches": null,
        "uid": "c3bab3e9931db53638d2791332ae0024",
        "duration": 46702354168,
        "accuracy": 0.3911,
        "train_loss": 1.644916540826373,
        "test_loss": 1.63941033934332,
        "train_accuracy": 0.38956,
        "gradient_norm": 2.999999539639652,
        "samples_per_second": 1070.620008922229,
        "best_accuracy": 0.3911,
        "best_epoch": 1,
        "cpu_type": "x86_64",
        "cpu_count": 32,
        "total_ram_kb": 131724388.0,
        "gpu_type": "NVIDIA GeForce RTX 3090",
        "gpu_total_memory_kb": 24703168.0,
        "occupied_ram_kb": 17187372.0,
        "ram_usage_percent": 15.4,
        "cpu_usage_percent": 0.3,
        "occupied_gpu_memory_kb": 40334.0,
        "gpu_memory_usage_percent": 0.16,
        "gpu_memory_kb": 6192350.0
    },
    "training_summary": {
        "total_epochs": 1,
        "best_accuracy": 0.3911,
        "final_accuracy": 0.3911
    },
    "uid": "9fcfae112925b2910499eb5b821f361b"
}