{
    "config": {
        "task": "img-classification",
        "dataset": "cifar-10",
        "metric": "acc",
        "model": "GenFractalNet-172692f04a702127d29cbe70e2114329"
    },
    "hyperparameters": {
        "lr": 0.01,
        "momentum": 0.95,
        "batch": 64,
        "epoch": 1,
        "transform": "norm_32_flip",
        "max_batches": null,
        "uid": "7e0d9d3a4af27bbe52d1557a4daae329",
        "duration": 30642236217,
        "accuracy": 0.3863,
        "train_loss": 1.668830631181712,
        "test_loss": 1.6636702832143018,
        "train_accuracy": 0.38682,
        "gradient_norm": 1.085547644413958,
        "samples_per_second": 1631.7487095917445,
        "best_accuracy": 0.3863,
        "best_epoch": 1,
        "cpu_type": "x86_64",
        "cpu_count": 128,
        "total_ram_kb": 263708948.0,
        "gpu_type": "NVIDIA GeForce RTX 3090",
        "gpu_total_memory_kb": 24703168.0,
        "occupied_ram_kb": 16918156.0,
        "ram_usage_percent": 8.2,
        "cpu_usage_percent": 0.0,
        "occupied_gpu_memory_kb": 17099.5,
        "gpu_memory_usage_percent": 0.07,
        "gpu_memory_kb": 4694452.5
    },
    "training_summary": {
        "total_epochs": 1,
        "best_accuracy": 0.3863,
        "final_accuracy": 0.3863
    },
    "uid": "172692f04a702127d29cbe70e2114329"
}