{
    "config": {
        "task": "img-classification",
        "dataset": "cifar-10",
        "metric": "acc",
        "model": "GenFractalNet-b4a8e442c1121ad5d0ecb64271513803"
    },
    "hyperparameters": {
        "lr": 0.001,
        "momentum": 0.9,
        "batch": 64,
        "epoch": 1,
        "transform": "norm_32_flip",
        "max_batches": null,
        "uid": "844fa18fcaaac2a828a4ea18152f334d",
        "duration": 31971533949,
        "accuracy": 0.5237,
        "train_loss": 1.3076552103090164,
        "test_loss": 1.3167696693900284,
        "train_accuracy": 0.5229,
        "gradient_norm": 2.99999938087041,
        "samples_per_second": 1563.9040725387333,
        "best_accuracy": 0.5237,
        "best_epoch": 1,
        "cpu_type": "x86_64",
        "cpu_count": 128,
        "total_ram_kb": 263708948.0,
        "gpu_type": "NVIDIA GeForce RTX 3090",
        "gpu_total_memory_kb": 24703168.0,
        "occupied_ram_kb": 22627820.0,
        "ram_usage_percent": 11.6,
        "cpu_usage_percent": 1.6,
        "occupied_gpu_memory_kb": 17208.5,
        "gpu_memory_usage_percent": 0.07,
        "gpu_memory_kb": 6318687.0
    },
    "training_summary": {
        "total_epochs": 1,
        "best_accuracy": 0.5237,
        "final_accuracy": 0.5237
    },
    "uid": "b4a8e442c1121ad5d0ecb64271513803"
}