{
    "config": {
        "task": "img-classification",
        "dataset": "cifar-10",
        "metric": "acc",
        "model": "GenFractalNet-c767ec848bf9d80cfe59ef754a0a6079"
    },
    "hyperparameters": {
        "lr": 0.005,
        "momentum": 0.95,
        "batch": 64,
        "epoch": 1,
        "transform": "norm_32_flip",
        "max_batches": null,
        "uid": "c3bab3e9931db53638d2791332ae0024",
        "duration": 34746828831,
        "accuracy": 0.2961,
        "train_loss": 1.8384312842508106,
        "test_loss": 1.835260628135341,
        "train_accuracy": 0.28924,
        "gradient_norm": 0.563517209687108,
        "samples_per_second": 1438.9908053153038,
        "best_accuracy": 0.2961,
        "best_epoch": 1,
        "cpu_type": "x86_64",
        "cpu_count": 128,
        "total_ram_kb": 263708948.0,
        "gpu_type": "NVIDIA GeForce RTX 3090",
        "gpu_total_memory_kb": 24703168.0,
        "occupied_ram_kb": 32035448.0,
        "ram_usage_percent": 13.9,
        "cpu_usage_percent": 5.9,
        "occupied_gpu_memory_kb": 18100.0,
        "gpu_memory_usage_percent": 0.07,
        "gpu_memory_kb": 6266059.5
    },
    "training_summary": {
        "total_epochs": 1,
        "best_accuracy": 0.2961,
        "final_accuracy": 0.2961
    },
    "uid": "c767ec848bf9d80cfe59ef754a0a6079"
}