{
    "eval_args": {
        "model_package": "/home/s497466/nn-gpt/out/nngpt/llm/epoch/A0/synth_nn/B59",
        "task": "img-classification",
        "dataset": "imagenette",
        "metric": "acc",
        "prm": {
            "lr": 0.01,
            "batch": 32,
            "dropout": 0.2,
            "momentum": 0.9,
            "transform": "norm_256_flip",
            "stochastic_depth_prob": 0.0,
            "norm_eps": 1e-05,
            "norm_std": 0.5,
            "tie_weights": 0.0,
            "dropout_aux": 0.0,
            "attention_dropout": 0.0,
            "norm_momentum": 0.1,
            "score_thresh": 0.01,
            "nms_thresh": 0.45,
            "iou_thresh": 0.5,
            "detections_per_img": 0.5,
            "topk_candidates": 0.5,
            "neg_to_pos_ratio": 0.5,
            "pretrained": 0.0,
            "patch_size": 0.125,
            "epoch": 1,
            "uid": "b9095d884c36ec05935d296b86e19df1",
            "duration": 234678338012,
            "duration_seconds": 234.68,
            "accuracy": 0.2040764331210191,
            "train_stat": {
                "train_loss": 1.8495818917382945,
                "test_loss": 2.9636166178114047,
                "train_accuracy": 0.35082902101594676,
                "gradient_norm": 2.9999998033997572,
                "samples_per_second": 40.35090003311864,
                "best_accuracy": 0.2040764331210191,
                "best_epoch": 1,
                "epoch_max": 1,
                "cpu_count": 128,
                "cpu_type": "x86_64",
                "cpu_usage_percent": 13.6,
                "total_ram_kb": 1056603672.0,
                "occupied_ram_kb": 192997536.0,
                "ram_usage_percent": 18.3,
                "gpu_type": "NVIDIA L40S",
                "gpu_memory_kb": 37819293.0,
                "gpu_total_memory_kb": 46550528.0,
                "occupied_gpu_memory_kb": 307881.0,
                "gpu_memory_usage_percent": 0.66
            },
            "metric_acc": 0.2040764331210191
        }
    },
    "eval_results": {
        "checksum": "FractalFusion-2b-57ba1d486a45e81988e24d06be601d34",
        "accuracy": 0.2040764331210191,
        "full_result": "('FractalFusion-2b-57ba1d486a45e81988e24d06be601d34', 0.2040764331210191, 0.04434854703790227, 0.57)"
    },
    "cli_args": {
        "task": "img-classification",
        "dataset": "imagenette",
        "metric": "acc",
        "lr": 0.01,
        "batch": 32,
        "dropout": 0.2,
        "momentum": 0.9,
        "transform": "norm_256_flip"
    }
}