{
    "eval_args": {
        "model_package": "/home/s497466/nn-gpt/out/nngpt/llm/epoch/A0/synth_nn/B3",
        "task": "img-classification",
        "dataset": "imagenette",
        "metric": "acc",
        "prm": {
            "lr": 0.01,
            "batch": 32,
            "dropout": 0.2,
            "momentum": 0.9,
            "transform": "norm_256_flip",
            "stochastic_depth_prob": 0.0,
            "norm_eps": 1e-05,
            "norm_std": 0.5,
            "tie_weights": 0.0,
            "dropout_aux": 0.0,
            "attention_dropout": 0.0,
            "norm_momentum": 0.1,
            "score_thresh": 0.01,
            "nms_thresh": 0.45,
            "iou_thresh": 0.5,
            "detections_per_img": 0.5,
            "topk_candidates": 0.5,
            "neg_to_pos_ratio": 0.5,
            "pretrained": 0.0,
            "patch_size": 0.125,
            "epoch": 1,
            "uid": "b9095d884c36ec05935d296b86e19df1",
            "duration": 215701713385,
            "duration_seconds": 215.7,
            "accuracy": 0.25987261146496815,
            "train_stat": {
                "train_loss": 2.0856778553690676,
                "test_loss": 2.834084748010325,
                "train_accuracy": 0.2923223149223783,
                "gradient_norm": 3.000000070775504,
                "samples_per_second": 43.90079103535822,
                "best_accuracy": 0.25987261146496815,
                "best_epoch": 1,
                "epoch_max": 1,
                "cpu_count": 128,
                "cpu_type": "x86_64",
                "cpu_usage_percent": 52.3,
                "total_ram_kb": 1056603700.0,
                "occupied_ram_kb": 160555840.0,
                "ram_usage_percent": 15.2,
                "gpu_type": "NVIDIA L40S",
                "gpu_memory_kb": 29177853.0,
                "gpu_total_memory_kb": 46550528.0,
                "occupied_gpu_memory_kb": 375451.0,
                "gpu_memory_usage_percent": 0.81
            },
            "metric_acc": 0.25987261146496815
        }
    },
    "eval_results": {
        "checksum": "FractalFusion-3b-3f15db13a3b6845be324c5e6384b943f",
        "accuracy": 0.25987261146496815,
        "full_result": "('FractalFusion-3b-3f15db13a3b6845be324c5e6384b943f', 0.25987261146496815, 0.07411745087977857, 0.59)"
    },
    "cli_args": {
        "task": "img-classification",
        "dataset": "imagenette",
        "metric": "acc",
        "lr": 0.01,
        "batch": 32,
        "dropout": 0.2,
        "momentum": 0.9,
        "transform": "norm_256_flip"
    }
}