{
    "config": {
        "task": "img-classification",
        "dataset": "cifar-10",
        "metric": "acc",
        "model": "GenFractalNet-efe37d250e66399d80e75076f7bba156"
    },
    "hyperparameters": {
        "lr": 0.005,
        "momentum": 0.85,
        "batch": 64,
        "epoch": 1,
        "transform": "norm_32_flip",
        "max_batches": null,
        "uid": "66c0389308131baca1c2e07779bf8112",
        "duration": 32180714633,
        "accuracy": 0.3993,
        "train_loss": 1.6004231427331714,
        "test_loss": 1.598138825908588,
        "train_accuracy": 0.3992,
        "gradient_norm": 2.9999992903136365,
        "samples_per_second": 1553.735883274324,
        "best_accuracy": 0.3993,
        "best_epoch": 1,
        "cpu_type": "x86_64",
        "cpu_count": 128,
        "total_ram_kb": 263708948.0,
        "gpu_type": "NVIDIA GeForce RTX 3090",
        "gpu_total_memory_kb": 24703168.0,
        "occupied_ram_kb": 20914232.0,
        "ram_usage_percent": 11.2,
        "cpu_usage_percent": 1.1,
        "occupied_gpu_memory_kb": 17687.5,
        "gpu_memory_usage_percent": 0.07,
        "gpu_memory_kb": 5087960.0
    },
    "training_summary": {
        "total_epochs": 1,
        "best_accuracy": 0.3993,
        "final_accuracy": 0.3993
    },
    "uid": "efe37d250e66399d80e75076f7bba156"
}