{
    "config": {
        "task": "img-classification",
        "dataset": "cifar-10",
        "metric": "acc",
        "model": "GenFractalNet-32f56fd4c8093fc14fce36fa656419d7"
    },
    "hyperparameters": {
        "lr": 0.003,
        "momentum": 0.95,
        "batch": 64,
        "epoch": 1,
        "transform": "norm_32_flip",
        "max_batches": null,
        "uid": "9ea869fde7b3127470ef4c9a9f95d4c3",
        "duration": 32527957728,
        "accuracy": 0.4757,
        "train_loss": 1.4190234176033294,
        "test_loss": 1.4249002713306693,
        "train_accuracy": 0.48324,
        "gradient_norm": 2.9999989380749086,
        "samples_per_second": 1537.1491020178528,
        "best_accuracy": 0.4757,
        "best_epoch": 1,
        "cpu_type": "x86_64",
        "cpu_count": 128,
        "total_ram_kb": 263708948.0,
        "gpu_type": "NVIDIA GeForce RTX 3090",
        "gpu_total_memory_kb": 24703168.0,
        "occupied_ram_kb": 21016736.0,
        "ram_usage_percent": 11.1,
        "cpu_usage_percent": 1.5,
        "occupied_gpu_memory_kb": 19026.5,
        "gpu_memory_usage_percent": 0.08,
        "gpu_memory_kb": 4740034.5
    },
    "training_summary": {
        "total_epochs": 1,
        "best_accuracy": 0.4757,
        "final_accuracy": 0.4757
    },
    "uid": "32f56fd4c8093fc14fce36fa656419d7"
}