{
    "config": {
        "task": "img-classification",
        "dataset": "cifar-10",
        "metric": "acc",
        "model": "GenFractalNet-4e38aaf1c90c3d4a19690b47742790eb"
    },
    "hyperparameters": {
        "lr": 0.01,
        "momentum": 0.92,
        "batch": 64,
        "epoch": 1,
        "transform": "norm_32_flip",
        "max_batches": null,
        "uid": "fb90a55754624e15cc974013a9a25d1f",
        "duration": 30819785158,
        "accuracy": 0.4312,
        "train_loss": 1.548331725322987,
        "test_loss": 1.5425350757161522,
        "train_accuracy": 0.42676,
        "gradient_norm": 1.8366854476079906,
        "samples_per_second": 1622.3442927295384,
        "best_accuracy": 0.4312,
        "best_epoch": 1,
        "cpu_type": "x86_64",
        "cpu_count": 128,
        "total_ram_kb": 263708948.0,
        "gpu_type": "NVIDIA GeForce RTX 3090",
        "gpu_total_memory_kb": 24703168.0,
        "occupied_ram_kb": 16995096.0,
        "ram_usage_percent": 8.0,
        "cpu_usage_percent": 0.0,
        "occupied_gpu_memory_kb": 16807.0,
        "gpu_memory_usage_percent": 0.07,
        "gpu_memory_kb": 6272893.5
    },
    "training_summary": {
        "total_epochs": 1,
        "best_accuracy": 0.4312,
        "final_accuracy": 0.4312
    },
    "uid": "4e38aaf1c90c3d4a19690b47742790eb"
}