{
    "config": {
        "task": "img-classification",
        "dataset": "cifar-10",
        "metric": "acc",
        "model": "GenFractalNet-363104ae500831f40b9b1af5749179a4"
    },
    "hyperparameters": {
        "lr": 0.01,
        "momentum": 0.95,
        "batch": 64,
        "epoch": 1,
        "transform": "norm_32_flip",
        "max_batches": null,
        "uid": "7e0d9d3a4af27bbe52d1557a4daae329",
        "duration": 34302898874,
        "accuracy": 0.2634,
        "train_loss": 1.9884379458854267,
        "test_loss": 1.9758773503030183,
        "train_accuracy": 0.25884,
        "gradient_norm": 0.31909315275656436,
        "samples_per_second": 1457.621010665549,
        "best_accuracy": 0.2634,
        "best_epoch": 1,
        "cpu_type": "x86_64",
        "cpu_count": 128,
        "total_ram_kb": 263708948.0,
        "gpu_type": "NVIDIA GeForce RTX 3090",
        "gpu_total_memory_kb": 24703168.0,
        "occupied_ram_kb": 21017780.0,
        "ram_usage_percent": 11.1,
        "cpu_usage_percent": 0.9,
        "occupied_gpu_memory_kb": 24372.5,
        "gpu_memory_usage_percent": 0.1,
        "gpu_memory_kb": 4333376.5
    },
    "training_summary": {
        "total_epochs": 1,
        "best_accuracy": 0.2634,
        "final_accuracy": 0.2634
    },
    "uid": "363104ae500831f40b9b1af5749179a4"
}