{
    "config": {
        "task": "img-classification",
        "dataset": "cifar-10",
        "metric": "acc",
        "model": "GenFractalNet-4df6606f1ea99943238c999f2ee61438"
    },
    "hyperparameters": {
        "lr": 0.001,
        "momentum": 0.85,
        "batch": 64,
        "epoch": 1,
        "transform": "norm_32_flip",
        "max_batches": null,
        "uid": "5f6961db3de4ccef5e8e9c68f113375a",
        "duration": 35183555980,
        "accuracy": 0.5629,
        "train_loss": 1.1799194518562472,
        "test_loss": 1.1900392535385813,
        "train_accuracy": 0.5692,
        "gradient_norm": 1.9853580282302026,
        "samples_per_second": 1421.1317545030315,
        "best_accuracy": 0.5629,
        "best_epoch": 1,
        "cpu_type": "x86_64",
        "cpu_count": 128,
        "total_ram_kb": 263708948.0,
        "gpu_type": "NVIDIA GeForce RTX 3090",
        "gpu_total_memory_kb": 24703168.0,
        "occupied_ram_kb": 34766464.0,
        "ram_usage_percent": 14.9,
        "cpu_usage_percent": 5.9,
        "occupied_gpu_memory_kb": 24032.0,
        "gpu_memory_usage_percent": 0.1,
        "gpu_memory_kb": 2076658.0
    },
    "training_summary": {
        "total_epochs": 1,
        "best_accuracy": 0.5629,
        "final_accuracy": 0.5629
    },
    "uid": "4df6606f1ea99943238c999f2ee61438"
}