{
    "config": {
        "task": "img-classification",
        "dataset": "cifar-10",
        "metric": "acc",
        "model": "GenFractalNet-bee04c67506389ce62015b47ac93356d"
    },
    "hyperparameters": {
        "lr": 0.01,
        "momentum": 0.95,
        "batch": 64,
        "epoch": 1,
        "transform": "norm_32_flip",
        "max_batches": null,
        "uid": "7e0d9d3a4af27bbe52d1557a4daae329",
        "duration": 36653724174,
        "accuracy": 0.2226,
        "train_loss": 2.023771564826331,
        "test_loss": 2.022945396459786,
        "train_accuracy": 0.22242,
        "gradient_norm": 1.6451644334641227,
        "samples_per_second": 1364.1284368701658,
        "best_accuracy": 0.2226,
        "best_epoch": 1,
        "cpu_type": "x86_64",
        "cpu_count": 128,
        "total_ram_kb": 263708948.0,
        "gpu_type": "NVIDIA GeForce RTX 3090",
        "gpu_total_memory_kb": 24703168.0,
        "occupied_ram_kb": 22648496.0,
        "ram_usage_percent": 11.6,
        "cpu_usage_percent": 1.7,
        "occupied_gpu_memory_kb": 32257.5,
        "gpu_memory_usage_percent": 0.13,
        "gpu_memory_kb": 6272893.5
    },
    "training_summary": {
        "total_epochs": 1,
        "best_accuracy": 0.2226,
        "final_accuracy": 0.2226
    },
    "uid": "bee04c67506389ce62015b47ac93356d"
}