{
    "config": {
        "task": "img-classification",
        "dataset": "cifar-10",
        "metric": "acc",
        "model": "GenFractalNet-a390770886d6a9fcc1f2f1e03320dc60"
    },
    "hyperparameters": {
        "lr": 0.005,
        "momentum": 0.95,
        "batch": 64,
        "epoch": 1,
        "transform": "norm_32_flip",
        "max_batches": null,
        "uid": "c3bab3e9931db53638d2791332ae0024",
        "duration": 31491347498,
        "accuracy": 0.5165,
        "train_loss": 1.3215993911866337,
        "test_loss": 1.3247270367707416,
        "train_accuracy": 0.51882,
        "gradient_norm": 2.9999996182604347,
        "samples_per_second": 1587.7509156694332,
        "best_accuracy": 0.5165,
        "best_epoch": 1,
        "cpu_type": "x86_64",
        "cpu_count": 128,
        "total_ram_kb": 263708948.0,
        "gpu_type": "NVIDIA GeForce RTX 3090",
        "gpu_total_memory_kb": 24703168.0,
        "occupied_ram_kb": 22523060.0,
        "ram_usage_percent": 11.4,
        "cpu_usage_percent": 1.0,
        "occupied_gpu_memory_kb": 21034.5,
        "gpu_memory_usage_percent": 0.09,
        "gpu_memory_kb": 6272893.5
    },
    "training_summary": {
        "total_epochs": 1,
        "best_accuracy": 0.5165,
        "final_accuracy": 0.5165
    },
    "uid": "a390770886d6a9fcc1f2f1e03320dc60"
}