{
    "config": {
        "task": "img-classification",
        "dataset": "cifar-10",
        "metric": "acc",
        "model": "GenFractalNet-56d1f9fc01b5f76f81ce30ee88319320"
    },
    "hyperparameters": {
        "lr": 0.01,
        "momentum": 0.9,
        "batch": 64,
        "epoch": 1,
        "transform": "norm_32_flip",
        "max_batches": null,
        "uid": "fddd85ed21879149faee86627a9f4554",
        "duration": 33344296678,
        "accuracy": 0.5635,
        "train_loss": 1.1790514350547205,
        "test_loss": 1.1936288692389325,
        "train_accuracy": 0.57384,
        "gradient_norm": 2.999999683110415,
        "samples_per_second": 1499.5152173018287,
        "best_accuracy": 0.5635,
        "best_epoch": 1,
        "cpu_type": "x86_64",
        "cpu_count": 32,
        "total_ram_kb": 131724388.0,
        "gpu_type": "NVIDIA GeForce RTX 3090",
        "gpu_total_memory_kb": 24703168.0,
        "occupied_ram_kb": 17111488.0,
        "ram_usage_percent": 15.3,
        "cpu_usage_percent": 0.3,
        "occupied_gpu_memory_kb": 21727.5,
        "gpu_memory_usage_percent": 0.09,
        "gpu_memory_kb": 5182624.5
    },
    "training_summary": {
        "total_epochs": 1,
        "best_accuracy": 0.5635,
        "final_accuracy": 0.5635
    },
    "uid": "56d1f9fc01b5f76f81ce30ee88319320"
}