{
    "eval_args": {
        "model_package": "/home/s497466/nn-gpt/out/nngpt/llm/epoch/A0/synth_nn/B75",
        "task": "img-classification",
        "dataset": "imagenette",
        "metric": "acc",
        "prm": {
            "lr": 0.01,
            "batch": 32,
            "dropout": 0.2,
            "momentum": 0.9,
            "transform": "norm_256_flip",
            "stochastic_depth_prob": 0.0,
            "norm_eps": 1e-05,
            "norm_std": 0.5,
            "tie_weights": 0.0,
            "dropout_aux": 0.0,
            "attention_dropout": 0.0,
            "norm_momentum": 0.1,
            "score_thresh": 0.01,
            "nms_thresh": 0.45,
            "iou_thresh": 0.5,
            "detections_per_img": 0.5,
            "topk_candidates": 0.5,
            "neg_to_pos_ratio": 0.5,
            "pretrained": 0.0,
            "patch_size": 0.125,
            "epoch": 1,
            "uid": "b9095d884c36ec05935d296b86e19df1",
            "duration": 176141090408,
            "duration_seconds": 176.14,
            "accuracy": 0.3393630573248408,
            "train_stat": {
                "train_loss": 2.114337115406625,
                "test_loss": 2.0404222389546836,
                "train_accuracy": 0.26486429401203926,
                "gradient_norm": 2.9999998572767548,
                "samples_per_second": 53.76103532224177,
                "best_accuracy": 0.3393630573248408,
                "best_epoch": 1,
                "epoch_max": 1,
                "cpu_count": 128,
                "cpu_type": "x86_64",
                "cpu_usage_percent": 36.3,
                "total_ram_kb": 1056603700.0,
                "occupied_ram_kb": 142897220.0,
                "ram_usage_percent": 13.5,
                "gpu_type": "NVIDIA L40S",
                "gpu_memory_kb": 22636242.5,
                "gpu_total_memory_kb": 46550528.0,
                "occupied_gpu_memory_kb": 243105.0,
                "gpu_memory_usage_percent": 0.52
            },
            "metric_acc": 0.3393630573248408
        }
    },
    "eval_results": {
        "checksum": "FractalFusion-3b-cddc1618855b58938bb1348bf49a0fad",
        "accuracy": 0.3393630573248408,
        "full_result": "('FractalFusion-3b-cddc1618855b58938bb1348bf49a0fad', 0.3393630573248408, 0.13589279864817355, 0.57)"
    },
    "cli_args": {
        "task": "img-classification",
        "dataset": "imagenette",
        "metric": "acc",
        "lr": 0.01,
        "batch": 32,
        "dropout": 0.2,
        "momentum": 0.9,
        "transform": "norm_256_flip"
    }
}