{
    "config": {
        "task": "img-classification",
        "dataset": "cifar-10",
        "metric": "acc",
        "model": "GenFractalNet-f0d57325092e56d19c765362bb30dbbb"
    },
    "hyperparameters": {
        "lr": 0.01,
        "momentum": 0.9,
        "batch": 64,
        "epoch": 1,
        "transform": "norm_32_flip",
        "max_batches": null,
        "uid": "fddd85ed21879149faee86627a9f4554",
        "duration": 32231171108,
        "accuracy": 0.4778,
        "train_loss": 1.4349124024591178,
        "test_loss": 1.4299757791932222,
        "train_accuracy": 0.47268,
        "gradient_norm": 0.7346051085734877,
        "samples_per_second": 1551.3014983872931,
        "best_accuracy": 0.4778,
        "best_epoch": 1,
        "cpu_type": "x86_64",
        "cpu_count": 128,
        "total_ram_kb": 263708948.0,
        "gpu_type": "NVIDIA GeForce RTX 3090",
        "gpu_total_memory_kb": 24703168.0,
        "occupied_ram_kb": 21454044.0,
        "ram_usage_percent": 11.3,
        "cpu_usage_percent": 0.8,
        "occupied_gpu_memory_kb": 39721.0,
        "gpu_memory_usage_percent": 0.16,
        "gpu_memory_kb": 6318687.0
    },
    "training_summary": {
        "total_epochs": 1,
        "best_accuracy": 0.4778,
        "final_accuracy": 0.4778
    },
    "uid": "f0d57325092e56d19c765362bb30dbbb"
}