{
    "config": {
        "task": "img-classification",
        "dataset": "cifar-10",
        "metric": "acc",
        "model": "GenFractalNet-735c29d3762bf45f96870b3415eb7a3a"
    },
    "hyperparameters": {
        "lr": 0.01,
        "momentum": 0.85,
        "batch": 64,
        "epoch": 1,
        "transform": "norm_32_flip",
        "max_batches": null,
        "uid": "9a0ac318ff9595fe2f49aa22f8b190c4",
        "duration": 35361320251,
        "accuracy": 0.378,
        "train_loss": 1.755176323606535,
        "test_loss": 1.7517143844798873,
        "train_accuracy": 0.3828,
        "gradient_norm": 0.3045574457434803,
        "samples_per_second": 1413.9834561927767,
        "best_accuracy": 0.378,
        "best_epoch": 1,
        "cpu_type": "x86_64",
        "cpu_count": 128,
        "total_ram_kb": 263708948.0,
        "gpu_type": "NVIDIA GeForce RTX 3090",
        "gpu_total_memory_kb": 24703168.0,
        "occupied_ram_kb": 33020284.0,
        "ram_usage_percent": 14.2,
        "cpu_usage_percent": 5.2,
        "occupied_gpu_memory_kb": 57533.5,
        "gpu_memory_usage_percent": 0.23,
        "gpu_memory_kb": 5542616.0
    },
    "training_summary": {
        "total_epochs": 1,
        "best_accuracy": 0.378,
        "final_accuracy": 0.378
    },
    "uid": "735c29d3762bf45f96870b3415eb7a3a"
}