{
    "config": {
        "task": "img-classification",
        "dataset": "cifar-10",
        "metric": "acc",
        "model": "GenFractalNet-bb22a1b4e1962b3d9eb706bbdf2b7154"
    },
    "hyperparameters": {
        "lr": 0.01,
        "momentum": 0.75,
        "batch": 64,
        "epoch": 1,
        "transform": "norm_32_flip",
        "max_batches": null,
        "uid": "d091050f01990917d03203023019d417",
        "duration": 32034856032,
        "accuracy": 0.4176,
        "train_loss": 1.5494553026031046,
        "test_loss": 1.5492683869258614,
        "train_accuracy": 0.41956,
        "gradient_norm": 0.545593548421569,
        "samples_per_second": 1560.8106060605116,
        "best_accuracy": 0.4176,
        "best_epoch": 1,
        "cpu_type": "x86_64",
        "cpu_count": 128,
        "total_ram_kb": 263708948.0,
        "gpu_type": "NVIDIA GeForce RTX 3090",
        "gpu_total_memory_kb": 24703168.0,
        "occupied_ram_kb": 19381428.0,
        "ram_usage_percent": 9.1,
        "cpu_usage_percent": 0.8,
        "occupied_gpu_memory_kb": 23578.5,
        "gpu_memory_usage_percent": 0.1,
        "gpu_memory_kb": 5543975.0
    },
    "training_summary": {
        "total_epochs": 1,
        "best_accuracy": 0.4176,
        "final_accuracy": 0.4176
    },
    "uid": "bb22a1b4e1962b3d9eb706bbdf2b7154"
}