{
    "config": {
        "task": "img-classification",
        "dataset": "cifar-10",
        "metric": "acc",
        "model": "GenFractalNet-23c05e2ae169719782af5f16203d73b8"
    },
    "hyperparameters": {
        "lr": 0.005,
        "momentum": 0.95,
        "batch": 64,
        "epoch": 1,
        "transform": "norm_32_flip",
        "max_batches": null,
        "uid": "c3bab3e9931db53638d2791332ae0024",
        "duration": 34287120216,
        "accuracy": 0.5502,
        "train_loss": 1.2410769997655278,
        "test_loss": 1.2446964986764701,
        "train_accuracy": 0.55096,
        "gradient_norm": 2.2087330303651784,
        "samples_per_second": 1458.2906120596986,
        "best_accuracy": 0.5502,
        "best_epoch": 1,
        "cpu_type": "x86_64",
        "cpu_count": 128,
        "total_ram_kb": 263708948.0,
        "gpu_type": "NVIDIA GeForce RTX 3090",
        "gpu_total_memory_kb": 24703168.0,
        "occupied_ram_kb": 25111848.0,
        "ram_usage_percent": 11.3,
        "cpu_usage_percent": 1.6,
        "occupied_gpu_memory_kb": 17707.5,
        "gpu_memory_usage_percent": 0.07,
        "gpu_memory_kb": 5584138.5
    },
    "training_summary": {
        "total_epochs": 1,
        "best_accuracy": 0.5502,
        "final_accuracy": 0.5502
    },
    "uid": "23c05e2ae169719782af5f16203d73b8"
}