{
    "config": {
        "task": "img-classification",
        "dataset": "cifar-10",
        "metric": "acc",
        "model": "GenFractalNet-bd93cff5fa4986d706dd51b56d21fd27"
    },
    "hyperparameters": {
        "lr": 0.003,
        "momentum": 0.92,
        "batch": 64,
        "epoch": 1,
        "transform": "norm_32_flip",
        "max_batches": null,
        "uid": "69a6050c3922e50596d976d13608a704",
        "duration": 37286444450,
        "accuracy": 0.3135,
        "train_loss": 1.8972739433998342,
        "test_loss": 1.8904350677113624,
        "train_accuracy": 0.3049,
        "gradient_norm": 0.43145774214097715,
        "samples_per_second": 1340.988324776874,
        "best_accuracy": 0.3135,
        "best_epoch": 1,
        "cpu_type": "x86_64",
        "cpu_count": 128,
        "total_ram_kb": 263708948.0,
        "gpu_type": "NVIDIA GeForce RTX 3090",
        "gpu_total_memory_kb": 24703168.0,
        "occupied_ram_kb": 33860764.0,
        "ram_usage_percent": 14.6,
        "cpu_usage_percent": 4.8,
        "occupied_gpu_memory_kb": 17708.5,
        "gpu_memory_usage_percent": 0.07,
        "gpu_memory_kb": 5542616.0
    },
    "training_summary": {
        "total_epochs": 1,
        "best_accuracy": 0.3135,
        "final_accuracy": 0.3135
    },
    "uid": "bd93cff5fa4986d706dd51b56d21fd27"
}