{
    "config": {
        "task": "img-classification",
        "dataset": "cifar-10",
        "metric": "acc",
        "model": "GenFractalNet-77c161aaf2a4762dc27da3689867d461"
    },
    "hyperparameters": {
        "lr": 0.01,
        "momentum": 0.95,
        "batch": 64,
        "epoch": 1,
        "transform": "norm_32_flip",
        "max_batches": null,
        "uid": "7e0d9d3a4af27bbe52d1557a4daae329",
        "duration": 38802769530,
        "accuracy": 0.5118,
        "train_loss": 1.292115738248581,
        "test_loss": 1.3060873864562648,
        "train_accuracy": 0.51924,
        "gradient_norm": 1.105196128001066,
        "samples_per_second": 1288.5857949817637,
        "best_accuracy": 0.5118,
        "best_epoch": 1,
        "cpu_type": "x86_64",
        "cpu_count": 128,
        "total_ram_kb": 263708948.0,
        "gpu_type": "NVIDIA GeForce RTX 3090",
        "gpu_total_memory_kb": 24703168.0,
        "occupied_ram_kb": 29708704.0,
        "ram_usage_percent": 13.0,
        "cpu_usage_percent": 6.6,
        "occupied_gpu_memory_kb": 31404.5,
        "gpu_memory_usage_percent": 0.13,
        "gpu_memory_kb": 5710255.0
    },
    "training_summary": {
        "total_epochs": 1,
        "best_accuracy": 0.5118,
        "final_accuracy": 0.5118
    },
    "uid": "77c161aaf2a4762dc27da3689867d461"
}