{
    "config": {
        "task": "img-classification",
        "dataset": "cifar-10",
        "metric": "acc",
        "model": "GenFractalNet-0863c59fb317b360156d6ac94be05e70"
    },
    "hyperparameters": {
        "lr": 0.003,
        "momentum": 0.8,
        "batch": 64,
        "epoch": 1,
        "transform": "norm_32_flip",
        "max_batches": null,
        "uid": "ee92ba477c9167c48f5eac9c5b9e4293",
        "duration": 33210810824,
        "accuracy": 0.5139,
        "train_loss": 1.3337740061228232,
        "test_loss": 1.3479936760701952,
        "train_accuracy": 0.51808,
        "gradient_norm": 2.9999999023357153,
        "samples_per_second": 1505.5443464262682,
        "best_accuracy": 0.5139,
        "best_epoch": 1,
        "cpu_type": "x86_64",
        "cpu_count": 32,
        "total_ram_kb": 131724388.0,
        "gpu_type": "NVIDIA GeForce RTX 3090",
        "gpu_total_memory_kb": 24703168.0,
        "occupied_ram_kb": 17170872.0,
        "ram_usage_percent": 15.3,
        "cpu_usage_percent": 0.3,
        "occupied_gpu_memory_kb": 39133.0,
        "gpu_memory_usage_percent": 0.16,
        "gpu_memory_kb": 4411018.0
    },
    "training_summary": {
        "total_epochs": 1,
        "best_accuracy": 0.5139,
        "final_accuracy": 0.5139
    },
    "uid": "0863c59fb317b360156d6ac94be05e70"
}