{
    "eval_args": {
        "model_package": "/home/s497466/nn-gpt/out/nngpt/llm/epoch/A0/synth_nn/B24",
        "task": "img-classification",
        "dataset": "imagenette",
        "metric": "acc",
        "prm": {
            "lr": 0.01,
            "batch": 32,
            "dropout": 0.2,
            "momentum": 0.9,
            "transform": "norm_256_flip",
            "stochastic_depth_prob": 0.0,
            "norm_eps": 1e-05,
            "norm_std": 0.5,
            "tie_weights": 0.0,
            "dropout_aux": 0.0,
            "attention_dropout": 0.0,
            "norm_momentum": 0.1,
            "score_thresh": 0.01,
            "nms_thresh": 0.45,
            "iou_thresh": 0.5,
            "detections_per_img": 0.5,
            "topk_candidates": 0.5,
            "neg_to_pos_ratio": 0.5,
            "pretrained": 0.0,
            "patch_size": 0.125,
            "epoch": 1,
            "uid": "b9095d884c36ec05935d296b86e19df1",
            "duration": 182631992635,
            "duration_seconds": 182.63,
            "accuracy": 0.20585987261146496,
            "train_stat": {
                "train_loss": 1.9818837698063159,
                "test_loss": 2.8763697496274623,
                "train_accuracy": 0.31407751610518536,
                "gradient_norm": 2.9999996121684136,
                "samples_per_second": 51.85006881242786,
                "best_accuracy": 0.20585987261146496,
                "best_epoch": 1,
                "epoch_max": 1,
                "cpu_count": 128,
                "cpu_type": "x86_64",
                "cpu_usage_percent": 1.1,
                "total_ram_kb": 527801156.0,
                "occupied_ram_kb": 49419296.0,
                "ram_usage_percent": 9.4,
                "gpu_type": "NVIDIA L40",
                "gpu_memory_kb": 25941977.5,
                "gpu_total_memory_kb": 49677504.0,
                "occupied_gpu_memory_kb": 353245.0,
                "gpu_memory_usage_percent": 0.71
            },
            "metric_acc": 0.20585987261146496
        }
    },
    "eval_results": {
        "checksum": "FractalFusion-1b-057ac41297c143571d995b6805d4bf62",
        "accuracy": 0.20585987261146496,
        "full_result": "('FractalFusion-1b-057ac41297c143571d995b6805d4bf62', 0.20585987261146496, 0.05796348771325716, 0.57)"
    },
    "cli_args": {
        "task": "img-classification",
        "dataset": "imagenette",
        "metric": "acc",
        "lr": 0.01,
        "batch": 32,
        "dropout": 0.2,
        "momentum": 0.9,
        "transform": "norm_256_flip"
    }
}