{
    "config": {
        "task": "img-classification",
        "dataset": "cifar-10",
        "metric": "acc",
        "model": "GenFractalNet-1e2298363712d30aed17f28d28315d9c"
    },
    "hyperparameters": {
        "lr": 0.002,
        "momentum": 0.75,
        "batch": 64,
        "epoch": 1,
        "transform": "norm_32_flip",
        "max_batches": null,
        "uid": "6bfdc27f6d9d8f236e46fa967d0411b8",
        "duration": 31969029673,
        "accuracy": 0.4853,
        "train_loss": 1.3919554752157168,
        "test_loss": 1.3929697958527096,
        "train_accuracy": 0.48446,
        "gradient_norm": 0.9882575504455716,
        "samples_per_second": 1564.0321165749563,
        "best_accuracy": 0.4853,
        "best_epoch": 1,
        "cpu_type": "x86_64",
        "cpu_count": 128,
        "total_ram_kb": 263708948.0,
        "gpu_type": "NVIDIA GeForce RTX 3090",
        "gpu_total_memory_kb": 24703168.0,
        "occupied_ram_kb": 21231588.0,
        "ram_usage_percent": 11.2,
        "cpu_usage_percent": 1.6,
        "occupied_gpu_memory_kb": 20254.0,
        "gpu_memory_usage_percent": 0.08,
        "gpu_memory_kb": 4333376.5
    },
    "training_summary": {
        "total_epochs": 1,
        "best_accuracy": 0.4853,
        "final_accuracy": 0.4853
    },
    "uid": "1e2298363712d30aed17f28d28315d9c"
}