{
    "config": {
        "task": "img-classification",
        "dataset": "cifar-10",
        "metric": "acc",
        "model": "GenFractalNet-89dfc26e6186704f073d7a71f1999a9f"
    },
    "hyperparameters": {
        "lr": 0.005,
        "momentum": 0.92,
        "batch": 64,
        "epoch": 1,
        "transform": "norm_32_flip",
        "max_batches": null,
        "uid": "ef1fc8828fb58640dee7e64df834685d",
        "duration": 41278394065,
        "accuracy": 0.5014,
        "train_loss": 1.356335622270394,
        "test_loss": 1.361394990401663,
        "train_accuracy": 0.51066,
        "gradient_norm": 0.7975444258687024,
        "samples_per_second": 1211.296803751497,
        "best_accuracy": 0.5014,
        "best_epoch": 1,
        "cpu_type": "x86_64",
        "cpu_count": 32,
        "total_ram_kb": 131724388.0,
        "gpu_type": "NVIDIA GeForce RTX 3090",
        "gpu_total_memory_kb": 24703168.0,
        "occupied_ram_kb": 17500968.0,
        "ram_usage_percent": 15.6,
        "cpu_usage_percent": 3.4,
        "occupied_gpu_memory_kb": 45713.0,
        "gpu_memory_usage_percent": 0.19,
        "gpu_memory_kb": 6268638.0
    },
    "training_summary": {
        "total_epochs": 1,
        "best_accuracy": 0.5014,
        "final_accuracy": 0.5014
    },
    "uid": "89dfc26e6186704f073d7a71f1999a9f"
}