{
    "config": {
        "task": "img-classification",
        "dataset": "cifar-10",
        "metric": "acc",
        "model": "GenFractalNet-1444d6f00ab3810012c85a9c023f9a5e"
    },
    "hyperparameters": {
        "lr": 0.003,
        "momentum": 0.8,
        "batch": 64,
        "epoch": 1,
        "transform": "norm_32_flip",
        "max_batches": null,
        "uid": "ee92ba477c9167c48f5eac9c5b9e4293",
        "duration": 35504169709,
        "accuracy": 0.347,
        "train_loss": 1.7837410843585764,
        "test_loss": 1.7787905339222805,
        "train_accuracy": 0.34576,
        "gradient_norm": 0.5569923449666898,
        "samples_per_second": 1408.3045332432143,
        "best_accuracy": 0.347,
        "best_epoch": 1,
        "cpu_type": "x86_64",
        "cpu_count": 32,
        "total_ram_kb": 131724388.0,
        "gpu_type": "NVIDIA GeForce RTX 4090",
        "gpu_total_memory_kb": 24658816.0,
        "occupied_ram_kb": 17211452.0,
        "ram_usage_percent": 15.4,
        "cpu_usage_percent": 0.0,
        "occupied_gpu_memory_kb": 93672.5,
        "gpu_memory_usage_percent": 0.38,
        "gpu_memory_kb": 2939381.5
    },
    "training_summary": {
        "total_epochs": 1,
        "best_accuracy": 0.347,
        "final_accuracy": 0.347
    },
    "uid": "1444d6f00ab3810012c85a9c023f9a5e"
}