{
    "config": {
        "task": "img-classification",
        "dataset": "cifar-10",
        "metric": "acc",
        "model": "GenFractalNet-80970362ff379a93aa3e5aa7775ca5b3"
    },
    "hyperparameters": {
        "lr": 0.003,
        "momentum": 0.75,
        "batch": 64,
        "epoch": 1,
        "transform": "norm_32_flip",
        "max_batches": null,
        "uid": "a63387910132d79fd15b7eb6df3c7f86",
        "duration": 35191250547,
        "accuracy": 0.385,
        "train_loss": 1.6061242177053485,
        "test_loss": 1.6080213610533696,
        "train_accuracy": 0.38328,
        "gradient_norm": 0.8926664637702423,
        "samples_per_second": 1420.8282303429023,
        "best_accuracy": 0.385,
        "best_epoch": 1,
        "cpu_type": "x86_64",
        "cpu_count": 128,
        "total_ram_kb": 263708948.0,
        "gpu_type": "NVIDIA GeForce RTX 3090",
        "gpu_total_memory_kb": 24703168.0,
        "occupied_ram_kb": 28936808.0,
        "ram_usage_percent": 12.8,
        "cpu_usage_percent": 5.7,
        "occupied_gpu_memory_kb": 20264.0,
        "gpu_memory_usage_percent": 0.08,
        "gpu_memory_kb": 4241460.5
    },
    "training_summary": {
        "total_epochs": 1,
        "best_accuracy": 0.385,
        "final_accuracy": 0.385
    },
    "uid": "80970362ff379a93aa3e5aa7775ca5b3"
}