{
    "eval_args": {
        "model_package": "/home/s497466/nn-gpt/out/nngpt/llm/epoch/A0/synth_nn/B3",
        "task": "img-classification",
        "dataset": "imagenette",
        "metric": "acc",
        "prm": {
            "lr": 0.01,
            "batch": 32,
            "dropout": 0.2,
            "momentum": 0.9,
            "transform": "norm_256_flip",
            "stochastic_depth_prob": 0.0,
            "norm_eps": 1e-05,
            "norm_std": 0.5,
            "tie_weights": 0.0,
            "dropout_aux": 0.0,
            "attention_dropout": 0.0,
            "norm_momentum": 0.1,
            "score_thresh": 0.01,
            "nms_thresh": 0.45,
            "iou_thresh": 0.5,
            "detections_per_img": 0.5,
            "topk_candidates": 0.5,
            "neg_to_pos_ratio": 0.5,
            "pretrained": 0.0,
            "patch_size": 0.125,
            "epoch": 1,
            "uid": "b9095d884c36ec05935d296b86e19df1",
            "duration": 188078748643,
            "duration_seconds": 188.08,
            "accuracy": 0.27796178343949046,
            "train_stat": {
                "train_loss": 2.116928454323673,
                "test_loss": 2.087602636678432,
                "train_accuracy": 0.21903052064631956,
                "gradient_norm": 2.99999964334703,
                "samples_per_second": 50.346492165020855,
                "best_accuracy": 0.27796178343949046,
                "best_epoch": 1,
                "epoch_max": 1,
                "cpu_count": 256,
                "cpu_type": "x86_64",
                "cpu_usage_percent": 5.1,
                "total_ram_kb": 527761880.0,
                "occupied_ram_kb": 63273748.0,
                "ram_usage_percent": 12.0,
                "gpu_type": "NVIDIA L40",
                "gpu_memory_kb": 13031790.5,
                "gpu_total_memory_kb": 49677504.0,
                "occupied_gpu_memory_kb": 32284.5,
                "gpu_memory_usage_percent": 0.06
            },
            "metric_acc": 0.27796178343949046
        }
    },
    "eval_results": {
        "checksum": "FractalFusion-1b-e533e18404628297ef8422b903e09c6c",
        "accuracy": 0.27796178343949046,
        "full_result": "('FractalFusion-1b-e533e18404628297ef8422b903e09c6c', 0.27796178343949046, 0.09462088870938153, 0.6)"
    },
    "cli_args": {
        "task": "img-classification",
        "dataset": "imagenette",
        "metric": "acc",
        "lr": 0.01,
        "batch": 32,
        "dropout": 0.2,
        "momentum": 0.9,
        "transform": "norm_256_flip"
    }
}