{
    "config": {
        "task": "img-classification",
        "dataset": "cifar-10",
        "metric": "acc",
        "model": "GenFractalNet-e7096dd39157f15ae30cebe6924e2743"
    },
    "hyperparameters": {
        "lr": 0.005,
        "momentum": 0.95,
        "batch": 64,
        "epoch": 1,
        "transform": "norm_32_flip",
        "max_batches": null,
        "uid": "c3bab3e9931db53638d2791332ae0024",
        "duration": 31326287943,
        "accuracy": 0.5426,
        "train_loss": 1.2715915712859014,
        "test_loss": 1.2745024140473384,
        "train_accuracy": 0.54584,
        "gradient_norm": 2.999999531189175,
        "samples_per_second": 1596.1179311614685,
        "best_accuracy": 0.5426,
        "best_epoch": 1,
        "cpu_type": "x86_64",
        "cpu_count": 128,
        "total_ram_kb": 263708948.0,
        "gpu_type": "NVIDIA GeForce RTX 3090",
        "gpu_total_memory_kb": 24703168.0,
        "occupied_ram_kb": 22182896.0,
        "ram_usage_percent": 10.6,
        "cpu_usage_percent": 0.9,
        "occupied_gpu_memory_kb": 20244.0,
        "gpu_memory_usage_percent": 0.08,
        "gpu_memory_kb": 6272893.5
    },
    "training_summary": {
        "total_epochs": 1,
        "best_accuracy": 0.5426,
        "final_accuracy": 0.5426
    },
    "uid": "e7096dd39157f15ae30cebe6924e2743"
}