{
    "eval_args": {
        "model_package": "/home/s497466/nn-gpt/out/nngpt/llm/epoch/A0/synth_nn/B25",
        "task": "img-classification",
        "dataset": "imagenette",
        "metric": "acc",
        "prm": {
            "lr": 0.01,
            "batch": 32,
            "dropout": 0.2,
            "momentum": 0.9,
            "transform": "norm_256_flip",
            "stochastic_depth_prob": 0.0,
            "norm_eps": 1e-05,
            "norm_std": 0.5,
            "tie_weights": 0.0,
            "dropout_aux": 0.0,
            "attention_dropout": 0.0,
            "norm_momentum": 0.1,
            "score_thresh": 0.01,
            "nms_thresh": 0.45,
            "iou_thresh": 0.5,
            "detections_per_img": 0.5,
            "topk_candidates": 0.5,
            "neg_to_pos_ratio": 0.5,
            "pretrained": 0.0,
            "patch_size": 0.125,
            "epoch": 1,
            "uid": "b9095d884c36ec05935d296b86e19df1",
            "duration": 106752418105,
            "duration_seconds": 106.75,
            "accuracy": 0.39643312101910827,
            "train_stat": {
                "train_loss": 1.920944342052739,
                "test_loss": 1.742242884345171,
                "train_accuracy": 0.29475129369521597,
                "gradient_norm": 2.999999570760077,
                "samples_per_second": 88.70201573005328,
                "best_accuracy": 0.39643312101910827,
                "best_epoch": 1,
                "epoch_max": 1,
                "cpu_count": 256,
                "cpu_type": "x86_64",
                "cpu_usage_percent": 3.9,
                "total_ram_kb": 527761880.0,
                "occupied_ram_kb": 60867372.0,
                "ram_usage_percent": 11.5,
                "gpu_type": "NVIDIA L40",
                "gpu_memory_kb": 23885545.5,
                "gpu_total_memory_kb": 49677504.0,
                "occupied_gpu_memory_kb": 53547.0,
                "gpu_memory_usage_percent": 0.11
            },
            "metric_acc": 0.39643312101910827
        }
    },
    "eval_results": {
        "checksum": "FractalFusion-1b-df7770778098b2f1a3124a9efcc98dd1",
        "accuracy": 0.39643312101910827,
        "full_result": "('FractalFusion-1b-df7770778098b2f1a3124a9efcc98dd1', 0.39643312101910827, 0.2776828162595261, 0.58)"
    },
    "cli_args": {
        "task": "img-classification",
        "dataset": "imagenette",
        "metric": "acc",
        "lr": 0.01,
        "batch": 32,
        "dropout": 0.2,
        "momentum": 0.9,
        "transform": "norm_256_flip"
    }
}