{
    "config": {
        "task": "img-classification",
        "dataset": "cifar-10",
        "metric": "acc",
        "model": "GenFractalNet-fffe3c36a7b3f53533c2b3a213fc8e74"
    },
    "hyperparameters": {
        "lr": 0.005,
        "momentum": 0.85,
        "batch": 64,
        "epoch": 1,
        "transform": "norm_32_flip",
        "max_batches": null,
        "uid": "66c0389308131baca1c2e07779bf8112",
        "duration": 41501562011,
        "accuracy": 0.3455,
        "train_loss": 1.7160699888873283,
        "test_loss": 1.716781408164152,
        "train_accuracy": 0.3435,
        "gradient_norm": 0.7207286424093369,
        "samples_per_second": 1204.7884732799662,
        "best_accuracy": 0.3455,
        "best_epoch": 1,
        "cpu_type": "x86_64",
        "cpu_count": 32,
        "total_ram_kb": 131724388.0,
        "gpu_type": "NVIDIA GeForce RTX 4090",
        "gpu_total_memory_kb": 24658816.0,
        "occupied_ram_kb": 17220900.0,
        "ram_usage_percent": 15.4,
        "cpu_usage_percent": 0.0,
        "occupied_gpu_memory_kb": 321173.5,
        "gpu_memory_usage_percent": 1.3,
        "gpu_memory_kb": 5660059.5
    },
    "training_summary": {
        "total_epochs": 1,
        "best_accuracy": 0.3455,
        "final_accuracy": 0.3455
    },
    "uid": "fffe3c36a7b3f53533c2b3a213fc8e74"
}