{
    "config": {
        "task": "img-classification",
        "dataset": "cifar-10",
        "metric": "acc",
        "model": "GenFractalNet-bfcd1671b014e9972e875a547aa69397"
    },
    "hyperparameters": {
        "lr": 0.005,
        "momentum": 0.8,
        "batch": 64,
        "epoch": 1,
        "transform": "norm_32_flip",
        "max_batches": null,
        "uid": "f4cce3862c7c6d42c62fdd6855331be8",
        "duration": 35527267316,
        "accuracy": 0.2992,
        "train_loss": 1.8463933899274567,
        "test_loss": 1.8412419997962417,
        "train_accuracy": 0.29308,
        "gradient_norm": 2.9999992417298067,
        "samples_per_second": 1407.3841353245182,
        "best_accuracy": 0.2992,
        "best_epoch": 1,
        "cpu_type": "x86_64",
        "cpu_count": 32,
        "total_ram_kb": 131724388.0,
        "gpu_type": "NVIDIA GeForce RTX 3090",
        "gpu_total_memory_kb": 24703168.0,
        "occupied_ram_kb": 17312668.0,
        "ram_usage_percent": 15.4,
        "cpu_usage_percent": 0.3,
        "occupied_gpu_memory_kb": 19366.0,
        "gpu_memory_usage_percent": 0.08,
        "gpu_memory_kb": 4434780.0
    },
    "training_summary": {
        "total_epochs": 1,
        "best_accuracy": 0.2992,
        "final_accuracy": 0.2992
    },
    "uid": "bfcd1671b014e9972e875a547aa69397"
}