{
    "config": {
        "task": "img-classification",
        "dataset": "cifar-10",
        "metric": "acc",
        "model": "GenFractalNet-5f6994d49b73f797b77c085fb3cf43a2"
    },
    "hyperparameters": {
        "lr": 0.005,
        "momentum": 0.95,
        "batch": 64,
        "epoch": 1,
        "transform": "norm_32_flip",
        "max_batches": null,
        "uid": "c3bab3e9931db53638d2791332ae0024",
        "duration": 36516312711,
        "accuracy": 0.528,
        "train_loss": 1.2548688897848739,
        "test_loss": 1.27011662266057,
        "train_accuracy": 0.52974,
        "gradient_norm": 1.8151291746397513,
        "samples_per_second": 1369.26972915759,
        "best_accuracy": 0.528,
        "best_epoch": 1,
        "cpu_type": "x86_64",
        "cpu_count": 32,
        "total_ram_kb": 131724388.0,
        "gpu_type": "NVIDIA GeForce RTX 3090",
        "gpu_total_memory_kb": 24703168.0,
        "occupied_ram_kb": 17324748.0,
        "ram_usage_percent": 15.5,
        "cpu_usage_percent": 0.0,
        "occupied_gpu_memory_kb": 20031.5,
        "gpu_memory_usage_percent": 0.08,
        "gpu_memory_kb": 6192350.0
    },
    "training_summary": {
        "total_epochs": 1,
        "best_accuracy": 0.528,
        "final_accuracy": 0.528
    },
    "uid": "5f6994d49b73f797b77c085fb3cf43a2"
}