{
    "config": {
        "task": "img-classification",
        "dataset": "cifar-10",
        "metric": "acc",
        "model": "GenFractalNet-ab86f8181ea8188d3877d42497bff1e5"
    },
    "hyperparameters": {
        "lr": 0.01,
        "momentum": 0.9,
        "batch": 64,
        "epoch": 1,
        "transform": "norm_32_flip",
        "max_batches": null,
        "uid": "fddd85ed21879149faee86627a9f4554",
        "duration": 45040385488,
        "accuracy": 0.4297,
        "train_loss": 1.529524394160951,
        "test_loss": 1.5323457740674353,
        "train_accuracy": 0.42856,
        "gradient_norm": 2.9999994175798674,
        "samples_per_second": 1110.1248851181795,
        "best_accuracy": 0.4297,
        "best_epoch": 1,
        "cpu_type": "x86_64",
        "cpu_count": 128,
        "total_ram_kb": 263708948.0,
        "gpu_type": "NVIDIA GeForce RTX 3090",
        "gpu_total_memory_kb": 24703168.0,
        "occupied_ram_kb": 21313072.0,
        "ram_usage_percent": 11.2,
        "cpu_usage_percent": 0.8,
        "occupied_gpu_memory_kb": 106655.0,
        "gpu_memory_usage_percent": 0.43,
        "gpu_memory_kb": 5663001.0
    },
    "training_summary": {
        "total_epochs": 1,
        "best_accuracy": 0.4297,
        "final_accuracy": 0.4297
    },
    "uid": "ab86f8181ea8188d3877d42497bff1e5"
}