{
    "config": {
        "task": "img-classification",
        "dataset": "cifar-10",
        "metric": "acc",
        "model": "GenFractalNet-f9907df3c84eb355439c333ac5888632"
    },
    "hyperparameters": {
        "lr": 0.002,
        "momentum": 0.95,
        "batch": 64,
        "epoch": 1,
        "transform": "norm_32_flip",
        "max_batches": null,
        "uid": "5d4cbfc901888801ca1aca78f120bc98",
        "duration": 31139325156,
        "accuracy": 0.438,
        "train_loss": 1.5119061128562674,
        "test_loss": 1.5080447212146346,
        "train_accuracy": 0.43816,
        "gradient_norm": 2.492902925986606,
        "samples_per_second": 1605.7256017542286,
        "best_accuracy": 0.438,
        "best_epoch": 1,
        "cpu_type": "x86_64",
        "cpu_count": 128,
        "total_ram_kb": 263708948.0,
        "gpu_type": "NVIDIA GeForce RTX 3090",
        "gpu_total_memory_kb": 24703168.0,
        "occupied_ram_kb": 16665536.0,
        "ram_usage_percent": 8.1,
        "cpu_usage_percent": 0.0,
        "occupied_gpu_memory_kb": 17798.5,
        "gpu_memory_usage_percent": 0.07,
        "gpu_memory_kb": 783924.5
    },
    "training_summary": {
        "total_epochs": 1,
        "best_accuracy": 0.438,
        "final_accuracy": 0.438
    },
    "uid": "f9907df3c84eb355439c333ac5888632"
}