{
    "config": {
        "task": "img-classification",
        "dataset": "cifar-10",
        "metric": "acc",
        "model": "GenFractalNet-c43bc0955970348d4eb1c3370d176a36"
    },
    "hyperparameters": {
        "lr": 0.001,
        "momentum": 0.95,
        "batch": 64,
        "epoch": 1,
        "transform": "norm_32_flip",
        "max_batches": null,
        "uid": "413233aa5202d01e749eded26a1af0b4",
        "duration": 34916101061,
        "accuracy": 0.5143,
        "train_loss": 1.3601988598208903,
        "test_loss": 1.358452695190527,
        "train_accuracy": 0.51044,
        "gradient_norm": 2.9999994383393784,
        "samples_per_second": 1432.0158403564044,
        "best_accuracy": 0.5143,
        "best_epoch": 1,
        "cpu_type": "x86_64",
        "cpu_count": 128,
        "total_ram_kb": 263708948.0,
        "gpu_type": "NVIDIA GeForce RTX 3090",
        "gpu_total_memory_kb": 24703168.0,
        "occupied_ram_kb": 32209156.0,
        "ram_usage_percent": 14.0,
        "cpu_usage_percent": 5.3,
        "occupied_gpu_memory_kb": 17117.5,
        "gpu_memory_usage_percent": 0.07,
        "gpu_memory_kb": 5542616.0
    },
    "training_summary": {
        "total_epochs": 1,
        "best_accuracy": 0.5143,
        "final_accuracy": 0.5143
    },
    "uid": "c43bc0955970348d4eb1c3370d176a36"
}