{
    "config": {
        "task": "img-classification",
        "dataset": "cifar-10",
        "metric": "acc",
        "model": "GenFractalNet-7b760b4d5797e28b497bbb776691d0e4"
    },
    "hyperparameters": {
        "lr": 0.005,
        "momentum": 0.95,
        "batch": 64,
        "epoch": 1,
        "transform": "norm_32_flip",
        "max_batches": null,
        "uid": "c3bab3e9931db53638d2791332ae0024",
        "duration": 35216054407,
        "accuracy": 0.5241,
        "train_loss": 1.2947400866262138,
        "test_loss": 1.3042227690386925,
        "train_accuracy": 0.52888,
        "gradient_norm": 2.378210622689774,
        "samples_per_second": 1419.822193193984,
        "best_accuracy": 0.5241,
        "best_epoch": 1,
        "cpu_type": "x86_64",
        "cpu_count": 128,
        "total_ram_kb": 263708948.0,
        "gpu_type": "NVIDIA GeForce RTX 3090",
        "gpu_total_memory_kb": 24703168.0,
        "occupied_ram_kb": 25220892.0,
        "ram_usage_percent": 11.2,
        "cpu_usage_percent": 1.5,
        "occupied_gpu_memory_kb": 17993.0,
        "gpu_memory_usage_percent": 0.07,
        "gpu_memory_kb": 3987033.5
    },
    "training_summary": {
        "total_epochs": 1,
        "best_accuracy": 0.5241,
        "final_accuracy": 0.5241
    },
    "uid": "7b760b4d5797e28b497bbb776691d0e4"
}