{
    "config": {
        "task": "img-classification",
        "dataset": "cifar-10",
        "metric": "acc",
        "model": "GenFractalNet-5e7623fa911df5e4d125c76456a65248"
    },
    "hyperparameters": {
        "lr": 0.01,
        "momentum": 0.95,
        "batch": 64,
        "epoch": 1,
        "transform": "norm_32_flip",
        "max_batches": null,
        "uid": "7e0d9d3a4af27bbe52d1557a4daae329",
        "duration": 40888512574,
        "accuracy": 0.4901,
        "train_loss": 1.3699978038173197,
        "test_loss": 1.3859168086082312,
        "train_accuracy": 0.49644,
        "gradient_norm": 0.6021168226253675,
        "samples_per_second": 1222.8446009766362,
        "best_accuracy": 0.4901,
        "best_epoch": 1,
        "cpu_type": "x86_64",
        "cpu_count": 128,
        "total_ram_kb": 263708948.0,
        "gpu_type": "NVIDIA GeForce RTX 3090",
        "gpu_total_memory_kb": 24703168.0,
        "occupied_ram_kb": 32822692.0,
        "ram_usage_percent": 14.2,
        "cpu_usage_percent": 5.0,
        "occupied_gpu_memory_kb": 129575.5,
        "gpu_memory_usage_percent": 0.52,
        "gpu_memory_kb": 6272025.5
    },
    "training_summary": {
        "total_epochs": 1,
        "best_accuracy": 0.4901,
        "final_accuracy": 0.4901
    },
    "uid": "5e7623fa911df5e4d125c76456a65248"
}