{
    "eval_args": {
        "model_package": "/home/s497466/nn-gpt/out/nngpt/llm/epoch/A0/synth_nn/B1",
        "task": "img-classification",
        "dataset": "imagenette",
        "metric": "acc",
        "prm": {
            "lr": 0.01,
            "batch": 32,
            "dropout": 0.2,
            "momentum": 0.9,
            "transform": "norm_256_flip",
            "stochastic_depth_prob": 0.0,
            "norm_eps": 1e-05,
            "norm_std": 0.5,
            "tie_weights": 0.0,
            "dropout_aux": 0.0,
            "attention_dropout": 0.0,
            "norm_momentum": 0.1,
            "score_thresh": 0.01,
            "nms_thresh": 0.45,
            "iou_thresh": 0.5,
            "detections_per_img": 0.5,
            "topk_candidates": 0.5,
            "neg_to_pos_ratio": 0.5,
            "pretrained": 0.0,
            "patch_size": 0.125,
            "epoch": 1,
            "uid": "b9095d884c36ec05935d296b86e19df1",
            "duration": 160097141854,
            "duration_seconds": 160.1,
            "accuracy": 0.33070063694267515,
            "train_stat": {
                "train_loss": 1.8516844279260742,
                "test_loss": 3.241524617846419,
                "train_accuracy": 0.34354208469743375,
                "gradient_norm": 2.9999998660982863,
                "samples_per_second": 59.14854384373459,
                "best_accuracy": 0.33070063694267515,
                "best_epoch": 1,
                "epoch_max": 1,
                "cpu_count": 128,
                "cpu_type": "x86_64",
                "cpu_usage_percent": 60.0,
                "total_ram_kb": 1056603700.0,
                "occupied_ram_kb": 193072568.0,
                "ram_usage_percent": 18.3,
                "gpu_type": "NVIDIA L40S",
                "gpu_memory_kb": 13413556.5,
                "gpu_total_memory_kb": 46550528.0,
                "occupied_gpu_memory_kb": 178247.5,
                "gpu_memory_usage_percent": 0.38
            },
            "metric_acc": 0.33070063694267515
        }
    },
    "eval_results": {
        "checksum": "FractalFusion-3b-7412c8491087dc0ab490d4496fe98cfb",
        "accuracy": 0.33070063694267515,
        "full_result": "('FractalFusion-3b-7412c8491087dc0ab490d4496fe98cfb', 0.33070063694267515, 0.1441004094583161, 0.6)"
    },
    "cli_args": {
        "task": "img-classification",
        "dataset": "imagenette",
        "metric": "acc",
        "lr": 0.01,
        "batch": 32,
        "dropout": 0.2,
        "momentum": 0.9,
        "transform": "norm_256_flip"
    }
}