{
    "config": {
        "task": "img-classification",
        "dataset": "cifar-10",
        "metric": "acc",
        "model": "GenFractalNet-4dd93d8352d3419576563114c43819e7"
    },
    "hyperparameters": {
        "lr": 0.001,
        "momentum": 0.9,
        "batch": 64,
        "epoch": 1,
        "transform": "norm_32_flip",
        "max_batches": null,
        "uid": "844fa18fcaaac2a828a4ea18152f334d",
        "duration": 34981348074,
        "accuracy": 0.4701,
        "train_loss": 1.4596873149847436,
        "test_loss": 1.4672988174827235,
        "train_accuracy": 0.47342,
        "gradient_norm": 2.9999992768637265,
        "samples_per_second": 1429.3488888401712,
        "best_accuracy": 0.4701,
        "best_epoch": 1,
        "cpu_type": "x86_64",
        "cpu_count": 128,
        "total_ram_kb": 263708948.0,
        "gpu_type": "NVIDIA GeForce RTX 3090",
        "gpu_total_memory_kb": 24703168.0,
        "occupied_ram_kb": 29997012.0,
        "ram_usage_percent": 13.1,
        "cpu_usage_percent": 6.3,
        "occupied_gpu_memory_kb": 18511.0,
        "gpu_memory_usage_percent": 0.07,
        "gpu_memory_kb": 5486889.5
    },
    "training_summary": {
        "total_epochs": 1,
        "best_accuracy": 0.4701,
        "final_accuracy": 0.4701
    },
    "uid": "4dd93d8352d3419576563114c43819e7"
}