{
    "config": {
        "task": "img-classification",
        "dataset": "cifar-10",
        "metric": "acc",
        "model": "GenFractalNet-e3d00bbaffa09e1596111809b408925c"
    },
    "hyperparameters": {
        "lr": 0.01,
        "momentum": 0.95,
        "batch": 64,
        "epoch": 1,
        "transform": "norm_32_flip",
        "max_batches": null,
        "uid": "7e0d9d3a4af27bbe52d1557a4daae329",
        "duration": 34750037575,
        "accuracy": 0.6512,
        "train_loss": 0.9572031935462562,
        "test_loss": 0.9910340586285682,
        "train_accuracy": 0.66028,
        "gradient_norm": 2.9999994523971103,
        "samples_per_second": 1438.856909314058,
        "best_accuracy": 0.6512,
        "best_epoch": 1,
        "cpu_type": "x86_64",
        "cpu_count": 128,
        "total_ram_kb": 263708948.0,
        "gpu_type": "NVIDIA GeForce RTX 3090",
        "gpu_total_memory_kb": 24703168.0,
        "occupied_ram_kb": 34082164.0,
        "ram_usage_percent": 14.7,
        "cpu_usage_percent": 4.4,
        "occupied_gpu_memory_kb": 47498.0,
        "gpu_memory_usage_percent": 0.19,
        "gpu_memory_kb": 6266059.5
    },
    "training_summary": {
        "total_epochs": 1,
        "best_accuracy": 0.6512,
        "final_accuracy": 0.6512
    },
    "uid": "e3d00bbaffa09e1596111809b408925c"
}