{
    "config": {
        "task": "img-classification",
        "dataset": "cifar-10",
        "metric": "acc",
        "model": "GenFractalNet-6b5b60b1a7395fce2604c97b9ca31830"
    },
    "hyperparameters": {
        "lr": 0.01,
        "momentum": 0.95,
        "batch": 64,
        "epoch": 1,
        "transform": "norm_32_flip",
        "max_batches": null,
        "uid": "7e0d9d3a4af27bbe52d1557a4daae329",
        "duration": 35885318266,
        "accuracy": 0.4781,
        "train_loss": 1.4359455526332416,
        "test_loss": 1.4387536755033359,
        "train_accuracy": 0.47792,
        "gradient_norm": 1.0566023120426828,
        "samples_per_second": 1393.336985506068,
        "best_accuracy": 0.4781,
        "best_epoch": 1,
        "cpu_type": "x86_64",
        "cpu_count": 128,
        "total_ram_kb": 263708948.0,
        "gpu_type": "NVIDIA GeForce RTX 3090",
        "gpu_total_memory_kb": 24703168.0,
        "occupied_ram_kb": 30584580.0,
        "ram_usage_percent": 13.3,
        "cpu_usage_percent": 3.8,
        "occupied_gpu_memory_kb": 57533.5,
        "gpu_memory_usage_percent": 0.23,
        "gpu_memory_kb": 6268230.0
    },
    "training_summary": {
        "total_epochs": 1,
        "best_accuracy": 0.4781,
        "final_accuracy": 0.4781
    },
    "uid": "6b5b60b1a7395fce2604c97b9ca31830"
}