{
    "config": {
        "task": "img-classification",
        "dataset": "cifar-10",
        "metric": "acc",
        "model": "GenFractalNet-5f3f91ae3dd91a2385926b46f2034e7c"
    },
    "hyperparameters": {
        "lr": 0.01,
        "momentum": 0.95,
        "batch": 64,
        "epoch": 1,
        "transform": "norm_32_flip",
        "max_batches": null,
        "uid": "7e0d9d3a4af27bbe52d1557a4daae329",
        "duration": 34897434039,
        "accuracy": 0.2811,
        "train_loss": 1.8516129413834008,
        "test_loss": 1.848909213284778,
        "train_accuracy": 0.27642,
        "gradient_norm": 0.8017176563408912,
        "samples_per_second": 1432.781966181556,
        "best_accuracy": 0.2811,
        "best_epoch": 1,
        "cpu_type": "x86_64",
        "cpu_count": 128,
        "total_ram_kb": 263708948.0,
        "gpu_type": "NVIDIA GeForce RTX 3090",
        "gpu_total_memory_kb": 24703168.0,
        "occupied_ram_kb": 33643508.0,
        "ram_usage_percent": 14.5,
        "cpu_usage_percent": 5.7,
        "occupied_gpu_memory_kb": 21356.5,
        "gpu_memory_usage_percent": 0.09,
        "gpu_memory_kb": 5542616.0
    },
    "training_summary": {
        "total_epochs": 1,
        "best_accuracy": 0.2811,
        "final_accuracy": 0.2811
    },
    "uid": "5f3f91ae3dd91a2385926b46f2034e7c"
}