{
    "config": {
        "task": "img-classification",
        "dataset": "cifar-10",
        "metric": "acc",
        "model": "GenFractalNet-66e5c86671f3cbc8ba377b3e93e1149f"
    },
    "hyperparameters": {
        "lr": 0.002,
        "momentum": 0.92,
        "batch": 64,
        "epoch": 1,
        "transform": "norm_32_flip",
        "max_batches": null,
        "uid": "fdc3164628af2fb61d044e254a1789b9",
        "duration": 32650768539,
        "accuracy": 0.5796,
        "train_loss": 1.1166618559366601,
        "test_loss": 1.1479405677242644,
        "train_accuracy": 0.59364,
        "gradient_norm": 2.3083178965791986,
        "samples_per_second": 1531.3657691915068,
        "best_accuracy": 0.5796,
        "best_epoch": 1,
        "cpu_type": "x86_64",
        "cpu_count": 128,
        "total_ram_kb": 263708948.0,
        "gpu_type": "NVIDIA GeForce RTX 3090",
        "gpu_total_memory_kb": 24703168.0,
        "occupied_ram_kb": 16902232.0,
        "ram_usage_percent": 8.1,
        "cpu_usage_percent": 0.1,
        "occupied_gpu_memory_kb": 43755.0,
        "gpu_memory_usage_percent": 0.18,
        "gpu_memory_kb": 4694452.5
    },
    "training_summary": {
        "total_epochs": 1,
        "best_accuracy": 0.5796,
        "final_accuracy": 0.5796
    },
    "uid": "66e5c86671f3cbc8ba377b3e93e1149f"
}