{
    "config": {
        "task": "img-classification",
        "dataset": "cifar-10",
        "metric": "acc",
        "model": "GenFractalNet-2b84191013fcddda294ec61368d55829"
    },
    "hyperparameters": {
        "lr": 0.01,
        "momentum": 0.95,
        "batch": 64,
        "epoch": 1,
        "transform": "norm_32_flip",
        "max_batches": null,
        "uid": "7e0d9d3a4af27bbe52d1557a4daae329",
        "duration": 33094157099,
        "accuracy": 0.5573,
        "train_loss": 1.2103206202044816,
        "test_loss": 1.2188623445049214,
        "train_accuracy": 0.56446,
        "gradient_norm": 2.999999310957429,
        "samples_per_second": 1510.8517977697277,
        "best_accuracy": 0.5573,
        "best_epoch": 1,
        "cpu_type": "x86_64",
        "cpu_count": 32,
        "total_ram_kb": 131724388.0,
        "gpu_type": "NVIDIA GeForce RTX 4090",
        "gpu_total_memory_kb": 24658816.0,
        "occupied_ram_kb": 17264980.0,
        "ram_usage_percent": 15.4,
        "cpu_usage_percent": 0.3,
        "occupied_gpu_memory_kb": 86003.0,
        "gpu_memory_usage_percent": 0.35,
        "gpu_memory_kb": 5184612.5
    },
    "training_summary": {
        "total_epochs": 1,
        "best_accuracy": 0.5573,
        "final_accuracy": 0.5573
    },
    "uid": "2b84191013fcddda294ec61368d55829"
}