{
    "config": {
        "task": "img-classification",
        "dataset": "cifar-10",
        "metric": "acc",
        "model": "GenFractalNet-0348284c88c856deacd16579f11b542f"
    },
    "hyperparameters": {
        "lr": 0.002,
        "momentum": 0.8,
        "batch": 64,
        "epoch": 1,
        "transform": "norm_32_flip",
        "max_batches": null,
        "uid": "4fcd674ab8be9d549912bf8de066f45e",
        "duration": 35132801484,
        "accuracy": 0.3798,
        "train_loss": 1.6421887304471887,
        "test_loss": 1.6463499205886938,
        "train_accuracy": 0.38056,
        "gradient_norm": 1.2926925437928287,
        "samples_per_second": 1423.180137250199,
        "best_accuracy": 0.3798,
        "best_epoch": 1,
        "cpu_type": "x86_64",
        "cpu_count": 128,
        "total_ram_kb": 263708948.0,
        "gpu_type": "NVIDIA GeForce RTX 3090",
        "gpu_total_memory_kb": 24703168.0,
        "occupied_ram_kb": 31079612.0,
        "ram_usage_percent": 13.5,
        "cpu_usage_percent": 5.9,
        "occupied_gpu_memory_kb": 43883.0,
        "gpu_memory_usage_percent": 0.18,
        "gpu_memory_kb": 6272893.5
    },
    "training_summary": {
        "total_epochs": 1,
        "best_accuracy": 0.3798,
        "final_accuracy": 0.3798
    },
    "uid": "0348284c88c856deacd16579f11b542f"
}