{
    "config": {
        "task": "img-classification",
        "dataset": "cifar-10",
        "metric": "acc",
        "model": "GenFractalNet-801ea4a0557c3fcd2917a1917e131eac"
    },
    "hyperparameters": {
        "lr": 0.01,
        "momentum": 0.9,
        "batch": 64,
        "epoch": 1,
        "transform": "norm_32_flip",
        "max_batches": null,
        "uid": "fddd85ed21879149faee86627a9f4554",
        "duration": 40354456918,
        "accuracy": 0.3785,
        "train_loss": 1.721990857892634,
        "test_loss": 1.715423944649423,
        "train_accuracy": 0.37422,
        "gradient_norm": 0.6054762809380864,
        "samples_per_second": 1239.0318605021346,
        "best_accuracy": 0.3785,
        "best_epoch": 1,
        "cpu_type": "x86_64",
        "cpu_count": 128,
        "total_ram_kb": 263708948.0,
        "gpu_type": "NVIDIA GeForce RTX 3090",
        "gpu_total_memory_kb": 24703168.0,
        "occupied_ram_kb": 20810640.0,
        "ram_usage_percent": 11.1,
        "cpu_usage_percent": 0.8,
        "occupied_gpu_memory_kb": 103917.0,
        "gpu_memory_usage_percent": 0.42,
        "gpu_memory_kb": 4937299.5
    },
    "training_summary": {
        "total_epochs": 1,
        "best_accuracy": 0.3785,
        "final_accuracy": 0.3785
    },
    "uid": "801ea4a0557c3fcd2917a1917e131eac"
}