{
    "config": {
        "task": "img-classification",
        "dataset": "cifar-10",
        "metric": "acc",
        "model": "GenFractalNet-90785455a99fa4da8f3510a30b6b1d9e"
    },
    "hyperparameters": {
        "lr": 0.01,
        "momentum": 0.95,
        "batch": 64,
        "epoch": 1,
        "transform": "norm_32_flip",
        "max_batches": null,
        "uid": "7e0d9d3a4af27bbe52d1557a4daae329",
        "duration": 38776884666,
        "accuracy": 0.6443,
        "train_loss": 0.9759473658126333,
        "test_loss": 1.0022301632127943,
        "train_accuracy": 0.64878,
        "gradient_norm": 2.975293930180569,
        "samples_per_second": 1289.4356692235372,
        "best_accuracy": 0.6443,
        "best_epoch": 1,
        "cpu_type": "x86_64",
        "cpu_count": 128,
        "total_ram_kb": 263708948.0,
        "gpu_type": "NVIDIA GeForce RTX 3090",
        "gpu_total_memory_kb": 24703168.0,
        "occupied_ram_kb": 56862500.0,
        "ram_usage_percent": 29.7,
        "cpu_usage_percent": 4.3,
        "occupied_gpu_memory_kb": 101257.0,
        "gpu_memory_usage_percent": 0.41,
        "gpu_memory_kb": 6268230.0
    },
    "training_summary": {
        "total_epochs": 1,
        "best_accuracy": 0.6443,
        "final_accuracy": 0.6443
    },
    "uid": "90785455a99fa4da8f3510a30b6b1d9e"
}