{
    "config": {
        "task": "img-classification",
        "dataset": "cifar-10",
        "metric": "acc",
        "model": "GenFractalNet-2631e8763cbdd4873368444d9f4a9c6a"
    },
    "hyperparameters": {
        "lr": 0.01,
        "momentum": 0.9,
        "batch": 64,
        "epoch": 1,
        "transform": "norm_32_flip",
        "max_batches": null,
        "uid": "fddd85ed21879149faee86627a9f4554",
        "duration": 73404343434,
        "accuracy": 0.402,
        "train_loss": 1.9329639618354075,
        "test_loss": 1.9294421262801833,
        "train_accuracy": 0.40262,
        "gradient_norm": 0.5441087745518333,
        "samples_per_second": 681.1626389043537,
        "best_accuracy": 0.402,
        "best_epoch": 1,
        "cpu_type": "x86_64",
        "cpu_count": 128,
        "total_ram_kb": 263708948.0,
        "gpu_type": "NVIDIA GeForce RTX 3090",
        "gpu_total_memory_kb": 24703168.0,
        "occupied_ram_kb": 21190592.0,
        "ram_usage_percent": 11.3,
        "cpu_usage_percent": 1.0,
        "occupied_gpu_memory_kb": 360011.0,
        "gpu_memory_usage_percent": 1.46,
        "gpu_memory_kb": 4429749.0
    },
    "training_summary": {
        "total_epochs": 1,
        "best_accuracy": 0.402,
        "final_accuracy": 0.402
    },
    "uid": "2631e8763cbdd4873368444d9f4a9c6a"
}