{
    "config": {
        "task": "img-classification",
        "dataset": "cifar-10",
        "metric": "acc",
        "model": "GenFractalNet-677399fea609697c2831688611f3c91a"
    },
    "hyperparameters": {
        "lr": 0.005,
        "momentum": 0.95,
        "batch": 64,
        "epoch": 1,
        "transform": "norm_32_flip",
        "max_batches": null,
        "uid": "c3bab3e9931db53638d2791332ae0024",
        "duration": 34063171243,
        "accuracy": 0.538,
        "train_loss": 1.2309272775564657,
        "test_loss": 1.2450413920317487,
        "train_accuracy": 0.5477,
        "gradient_norm": 2.9999990986540777,
        "samples_per_second": 1467.8694720232636,
        "best_accuracy": 0.538,
        "best_epoch": 1,
        "cpu_type": "x86_64",
        "cpu_count": 32,
        "total_ram_kb": 131724388.0,
        "gpu_type": "NVIDIA GeForce RTX 3090",
        "gpu_total_memory_kb": 24703168.0,
        "occupied_ram_kb": 17258616.0,
        "ram_usage_percent": 15.4,
        "cpu_usage_percent": 0.3,
        "occupied_gpu_memory_kb": 43371.0,
        "gpu_memory_usage_percent": 0.18,
        "gpu_memory_kb": 6192350.0
    },
    "training_summary": {
        "total_epochs": 1,
        "best_accuracy": 0.538,
        "final_accuracy": 0.538
    },
    "uid": "677399fea609697c2831688611f3c91a"
}