{
    "config": {
        "task": "img-classification",
        "dataset": "cifar-10",
        "metric": "acc",
        "model": "GenFractalNet-3f686986151ec6602c7f65457bedae88"
    },
    "hyperparameters": {
        "lr": 0.002,
        "momentum": 0.85,
        "batch": 64,
        "epoch": 1,
        "transform": "norm_32_flip",
        "max_batches": null,
        "uid": "afe2b82b64cacdd9e39aafaf3952d9ac",
        "duration": 32159738481,
        "accuracy": 0.2969,
        "train_loss": 1.8815542839067367,
        "test_loss": 1.8783361000619876,
        "train_accuracy": 0.29978,
        "gradient_norm": 1.7353445443256965,
        "samples_per_second": 1554.7479242363943,
        "best_accuracy": 0.2969,
        "best_epoch": 1,
        "cpu_type": "x86_64",
        "cpu_count": 128,
        "total_ram_kb": 263708948.0,
        "gpu_type": "NVIDIA GeForce RTX 3090",
        "gpu_total_memory_kb": 24703168.0,
        "occupied_ram_kb": 21237644.0,
        "ram_usage_percent": 11.3,
        "cpu_usage_percent": 0.8,
        "occupied_gpu_memory_kb": 16980.5,
        "gpu_memory_usage_percent": 0.07,
        "gpu_memory_kb": 5715250.5
    },
    "training_summary": {
        "total_epochs": 1,
        "best_accuracy": 0.2969,
        "final_accuracy": 0.2969
    },
    "uid": "3f686986151ec6602c7f65457bedae88"
}