{
    "config": {
        "task": "img-classification",
        "dataset": "cifar-10",
        "metric": "acc",
        "model": "GenFractalNet-54184a412210ccdea6078973d8b1f1ec"
    },
    "hyperparameters": {
        "lr": 0.01,
        "momentum": 0.9,
        "batch": 64,
        "epoch": 1,
        "transform": "norm_32_flip",
        "max_batches": null,
        "uid": "fddd85ed21879149faee86627a9f4554",
        "duration": 34102961461,
        "accuracy": 0.6131,
        "train_loss": 1.0687920753760716,
        "test_loss": 1.0857014481429081,
        "train_accuracy": 0.61892,
        "gradient_norm": 1.016099493733317,
        "samples_per_second": 1466.1673740333185,
        "best_accuracy": 0.6131,
        "best_epoch": 1,
        "cpu_type": "x86_64",
        "cpu_count": 128,
        "total_ram_kb": 263708948.0,
        "gpu_type": "NVIDIA GeForce RTX 3090",
        "gpu_total_memory_kb": 24703168.0,
        "occupied_ram_kb": 16939412.0,
        "ram_usage_percent": 8.2,
        "cpu_usage_percent": 0.1,
        "occupied_gpu_memory_kb": 20737.0,
        "gpu_memory_usage_percent": 0.08,
        "gpu_memory_kb": 6194574.5
    },
    "training_summary": {
        "total_epochs": 1,
        "best_accuracy": 0.6131,
        "final_accuracy": 0.6131
    },
    "uid": "54184a412210ccdea6078973d8b1f1ec"
}