{
    "eval_args": {
        "model_package": "/home/s497466/nn-gpt/out/nngpt/llm/epoch/A0/synth_nn/B21",
        "task": "img-classification",
        "dataset": "imagenette",
        "metric": "acc",
        "prm": {
            "lr": 0.01,
            "batch": 32,
            "dropout": 0.2,
            "momentum": 0.9,
            "transform": "norm_256_flip",
            "stochastic_depth_prob": 0.0,
            "norm_eps": 1e-05,
            "norm_std": 0.5,
            "tie_weights": 0.0,
            "dropout_aux": 0.0,
            "attention_dropout": 0.0,
            "norm_momentum": 0.1,
            "score_thresh": 0.01,
            "nms_thresh": 0.45,
            "iou_thresh": 0.5,
            "detections_per_img": 0.5,
            "topk_candidates": 0.5,
            "neg_to_pos_ratio": 0.5,
            "pretrained": 0.0,
            "patch_size": 0.125,
            "epoch": 1,
            "uid": "b9095d884c36ec05935d296b86e19df1",
            "duration": 223144357091,
            "duration_seconds": 223.14,
            "accuracy": 0.12076433121019109,
            "train_stat": {
                "train_loss": 2.0214523164129945,
                "test_loss": 2.7327522330167815,
                "train_accuracy": 0.30573450205935154,
                "gradient_norm": 2.99999967605322,
                "samples_per_second": 42.43608725278657,
                "best_accuracy": 0.12076433121019109,
                "best_epoch": 1,
                "epoch_max": 1,
                "cpu_count": 128,
                "cpu_type": "x86_64",
                "cpu_usage_percent": 11.6,
                "total_ram_kb": 1056603672.0,
                "occupied_ram_kb": 177970532.0,
                "ram_usage_percent": 16.8,
                "gpu_type": "NVIDIA L40S",
                "gpu_memory_kb": 27864408.5,
                "gpu_total_memory_kb": 46550528.0,
                "occupied_gpu_memory_kb": 341858.5,
                "gpu_memory_usage_percent": 0.73
            },
            "metric_acc": 0.12076433121019109
        }
    },
    "eval_results": {
        "checksum": "FractalFusion-5b-12e4d2743c96191f1c574ec6018f260a",
        "accuracy": 0.12076433121019109,
        "full_result": "('FractalFusion-5b-12e4d2743c96191f1c574ec6018f260a', 0.12076433121019109, 0.009305335559851613, 0.59)"
    },
    "cli_args": {
        "task": "img-classification",
        "dataset": "imagenette",
        "metric": "acc",
        "lr": 0.01,
        "batch": 32,
        "dropout": 0.2,
        "momentum": 0.9,
        "transform": "norm_256_flip"
    }
}