{
    "config": {
        "task": "img-classification",
        "dataset": "cifar-10",
        "metric": "acc",
        "model": "GenFractalNet-090062b5a7373921fe7b6e5678278fe6"
    },
    "hyperparameters": {
        "lr": 0.01,
        "momentum": 0.9,
        "batch": 64,
        "epoch": 1,
        "transform": "norm_32_flip",
        "max_batches": null,
        "uid": "fddd85ed21879149faee86627a9f4554",
        "duration": 38654973645,
        "accuracy": 0.4896,
        "train_loss": 1.3552403331870009,
        "test_loss": 1.378715630549534,
        "train_accuracy": 0.50068,
        "gradient_norm": 2.9999992003477725,
        "samples_per_second": 1293.5043961011431,
        "best_accuracy": 0.4896,
        "best_epoch": 1,
        "cpu_type": "x86_64",
        "cpu_count": 128,
        "total_ram_kb": 263708948.0,
        "gpu_type": "NVIDIA GeForce RTX 3090",
        "gpu_total_memory_kb": 24703168.0,
        "occupied_ram_kb": 16839456.0,
        "ram_usage_percent": 8.0,
        "cpu_usage_percent": 0.0,
        "occupied_gpu_memory_kb": 39206.5,
        "gpu_memory_usage_percent": 0.16,
        "gpu_memory_kb": 4694452.5
    },
    "training_summary": {
        "total_epochs": 1,
        "best_accuracy": 0.4896,
        "final_accuracy": 0.4896
    },
    "uid": "090062b5a7373921fe7b6e5678278fe6"
}