{
    "eval_args": {
        "model_package": "/home/s497466/nn-gpt/out/nngpt/llm/epoch/A0/synth_nn/B70",
        "task": "img-classification",
        "dataset": "imagenette",
        "metric": "acc",
        "prm": {
            "lr": 0.01,
            "batch": 32,
            "dropout": 0.2,
            "momentum": 0.9,
            "transform": "norm_256_flip",
            "stochastic_depth_prob": 0.0,
            "norm_eps": 1e-05,
            "norm_std": 0.5,
            "tie_weights": 0.0,
            "dropout_aux": 0.0,
            "attention_dropout": 0.0,
            "norm_momentum": 0.1,
            "score_thresh": 0.01,
            "nms_thresh": 0.45,
            "iou_thresh": 0.5,
            "detections_per_img": 0.5,
            "topk_candidates": 0.5,
            "neg_to_pos_ratio": 0.5,
            "pretrained": 0.0,
            "patch_size": 0.125,
            "epoch": 1,
            "uid": "b9095d884c36ec05935d296b86e19df1",
            "duration": 222475623557,
            "duration_seconds": 222.48,
            "accuracy": 0.33503184713375794,
            "train_stat": {
                "train_loss": 1.9631769583612753,
                "test_loss": 2.4040376883212144,
                "train_accuracy": 0.3512514521068751,
                "gradient_norm": 2.9999996627833645,
                "samples_per_second": 42.56391595366053,
                "best_accuracy": 0.33503184713375794,
                "best_epoch": 1,
                "epoch_max": 1,
                "cpu_count": 128,
                "cpu_type": "x86_64",
                "cpu_usage_percent": 6.6,
                "total_ram_kb": 1056603672.0,
                "occupied_ram_kb": 176987664.0,
                "ram_usage_percent": 16.8,
                "gpu_type": "NVIDIA L40S",
                "gpu_memory_kb": 24324432.5,
                "gpu_total_memory_kb": 46550528.0,
                "occupied_gpu_memory_kb": 292590.5,
                "gpu_memory_usage_percent": 0.63
            },
            "metric_acc": 0.33503184713375794
        }
    },
    "eval_results": {
        "checksum": "FractalFusion-5b-23553188b011a2ebbb8a3fcf5fc4a1d1",
        "accuracy": 0.33503184713375794,
        "full_result": "('FractalFusion-5b-23553188b011a2ebbb8a3fcf5fc4a1d1', 0.33503184713375794, 0.1056438648765225, 0.59)"
    },
    "cli_args": {
        "task": "img-classification",
        "dataset": "imagenette",
        "metric": "acc",
        "lr": 0.01,
        "batch": 32,
        "dropout": 0.2,
        "momentum": 0.9,
        "transform": "norm_256_flip"
    }
}