{
    "config": {
        "task": "img-classification",
        "dataset": "cifar-10",
        "metric": "acc",
        "model": "GenFractalNet-6d7e971a1e65074b852284de63b5220a"
    },
    "hyperparameters": {
        "lr": 0.01,
        "momentum": 0.95,
        "batch": 64,
        "epoch": 1,
        "transform": "norm_32_flip",
        "max_batches": null,
        "uid": "7e0d9d3a4af27bbe52d1557a4daae329",
        "duration": 33089464960,
        "accuracy": 0.5318,
        "train_loss": 1.2641341960643564,
        "test_loss": 1.2726744633571359,
        "train_accuracy": 0.54112,
        "gradient_norm": 1.5337415196164286,
        "samples_per_second": 1511.0639914455153,
        "best_accuracy": 0.5318,
        "best_epoch": 1,
        "cpu_type": "x86_64",
        "cpu_count": 32,
        "total_ram_kb": 131724388.0,
        "gpu_type": "NVIDIA GeForce RTX 4090",
        "gpu_total_memory_kb": 24658816.0,
        "occupied_ram_kb": 17317564.0,
        "ram_usage_percent": 15.5,
        "cpu_usage_percent": 0.3,
        "occupied_gpu_memory_kb": 17982.5,
        "gpu_memory_usage_percent": 0.07,
        "gpu_memory_kb": 5184612.5
    },
    "training_summary": {
        "total_epochs": 1,
        "best_accuracy": 0.5318,
        "final_accuracy": 0.5318
    },
    "uid": "6d7e971a1e65074b852284de63b5220a"
}