{
    "config": {
        "task": "img-classification",
        "dataset": "cifar-10",
        "metric": "acc",
        "model": "GenFractalNet-a7a04e32a6575fb09c23633922586858"
    },
    "hyperparameters": {
        "lr": 0.01,
        "momentum": 0.85,
        "batch": 64,
        "epoch": 1,
        "transform": "norm_32_flip",
        "max_batches": null,
        "uid": "9a0ac318ff9595fe2f49aa22f8b190c4",
        "duration": 34534264357,
        "accuracy": 0.2368,
        "train_loss": 1.9111006273637952,
        "test_loss": 1.9099733533373304,
        "train_accuracy": 0.23598,
        "gradient_norm": 2.9999992904514645,
        "samples_per_second": 1447.8592548273064,
        "best_accuracy": 0.2368,
        "best_epoch": 1,
        "cpu_type": "x86_64",
        "cpu_count": 32,
        "total_ram_kb": 131724388.0,
        "gpu_type": "NVIDIA GeForce RTX 4090",
        "gpu_total_memory_kb": 24658816.0,
        "occupied_ram_kb": 17459068.0,
        "ram_usage_percent": 15.6,
        "cpu_usage_percent": 2.2,
        "occupied_gpu_memory_kb": 17615.5,
        "gpu_memory_usage_percent": 0.07,
        "gpu_memory_kb": 6272025.5
    },
    "training_summary": {
        "total_epochs": 1,
        "best_accuracy": 0.2368,
        "final_accuracy": 0.2368
    },
    "uid": "a7a04e32a6575fb09c23633922586858"
}