{
    "config": {
        "task": "img-classification",
        "dataset": "cifar-10",
        "metric": "acc",
        "model": "GenFractalNet-63fcd989efd350bde4193b4234b94693"
    },
    "hyperparameters": {
        "lr": 0.003,
        "momentum": 0.8,
        "batch": 64,
        "epoch": 1,
        "transform": "norm_32_flip",
        "max_batches": null,
        "uid": "ee92ba477c9167c48f5eac9c5b9e4293",
        "duration": 38701064654,
        "accuracy": 0.2094,
        "train_loss": 2.287362324307337,
        "test_loss": 2.287621848902125,
        "train_accuracy": 0.21326,
        "gradient_norm": 2.5422823886006554,
        "samples_per_second": 1291.9623428849159,
        "best_accuracy": 0.2094,
        "best_epoch": 1,
        "cpu_type": "x86_64",
        "cpu_count": 32,
        "total_ram_kb": 131724388.0,
        "gpu_type": "NVIDIA GeForce RTX 3090",
        "gpu_total_memory_kb": 24703168.0,
        "occupied_ram_kb": 17376912.0,
        "ram_usage_percent": 15.5,
        "cpu_usage_percent": 0.0,
        "occupied_gpu_memory_kb": 95538.0,
        "gpu_memory_usage_percent": 0.39,
        "gpu_memory_kb": 5338498.0
    },
    "training_summary": {
        "total_epochs": 1,
        "best_accuracy": 0.2094,
        "final_accuracy": 0.2094
    },
    "uid": "63fcd989efd350bde4193b4234b94693"
}