{
    "eval_args": {
        "model_package": "/home/ghaffar/nn-dataset/scratch/auto_train_loop/run_Blip2Fast-A5-B5/Blip2Fast-A5-B5",
        "task": "img-captioning",
        "dataset": "coco",
        "metric": "bleu",
        "prm": {
            "lr": 0.0001,
            "batch": 32,
            "dropout": 0.2,
            "momentum": 0.9,
            "transform": "cached_blip2",
            "epoch": 5,
            "limit": 7000,
            "num_workers": 8,
            "pin_memory": false,
            "feature_cache_dir": null,
            "feature_cache_mode": "read",
            "freeze_gpt2": false,
            "uid": "4f3dc029148344d72510064d3e0c72fe",
            "duration": 1225983366387,
            "accuracy": 0.04226354724347149,
            "train_loss": 1.3365528445034889,
            "test_loss": 1.1073184870183468,
            "train_accuracy": 0.0,
            "gradient_norm": 0.999999474489241,
            "samples_per_second": 482.2685768055642,
            "best_accuracy": 0.047533963774671305,
            "best_epoch": 3,
            "cpu_type": "x86_64",
            "cpu_count": 16,
            "total_ram_kb": 31935912.0,
            "gpu_type": "NVIDIA GeForce RTX 4090",
            "gpu_total_memory_kb": 24635840.0,
            "occupied_ram_kb": 19454604.0,
            "ram_usage_percent": 63.6,
            "cpu_usage_percent": 0.6,
            "occupied_gpu_memory_kb": 4595521.0,
            "gpu_memory_usage_percent": 18.65,
            "gpu_memory_kb": 8090718.0,
            "metric_bleu": 0.04226354724347149
        }
    },
    "eval_results": [
        "0774c4861989cccd622e7340b3c49d34",
        0.04226354724347149,
        0.0033657509860901356,
        0.98
    ],
    "cli_args": {
        "task": "img-captioning",
        "dataset": "coco",
        "metric": "bleu"
    }
}