{
    "eval_args": {
        "model_package": "/home/ghaffar/nn-dataset/scratch/auto_train_loop/run_Blip2Fast-A4-B2/Blip2Fast-A4-B2",
        "task": "img-captioning",
        "dataset": "coco",
        "metric": "bleu",
        "prm": {
            "lr": 0.0001,
            "batch": 32,
            "dropout": 0.2,
            "momentum": 0.9,
            "transform": "cached_blip2",
            "epoch": 5,
            "limit": 7000,
            "num_workers": 8,
            "pin_memory": false,
            "feature_cache_dir": null,
            "feature_cache_mode": "read",
            "freeze_gpt2": false,
            "uid": "6d1a392bad358eeb47c7d5aadbc221ac",
            "duration": 1252779341198,
            "accuracy": 0.04423019732698241,
            "train_loss": 1.3370955333794843,
            "test_loss": 1.110460303723812,
            "train_accuracy": 0.0,
            "gradient_norm": 0.9999995422894553,
            "samples_per_second": 472.7012748381857,
            "best_accuracy": 0.04813353734195339,
            "best_epoch": 3,
            "cpu_type": "x86_64",
            "cpu_count": 16,
            "total_ram_kb": 31935912.0,
            "gpu_type": "NVIDIA GeForce RTX 4090",
            "gpu_total_memory_kb": 24635840.0,
            "occupied_ram_kb": 21539680.0,
            "ram_usage_percent": 67.4,
            "cpu_usage_percent": 2.5,
            "occupied_gpu_memory_kb": 4623181.0,
            "gpu_memory_usage_percent": 18.77,
            "gpu_memory_kb": 8118623.0,
            "metric_bleu": 0.04423019732698241
        }
    },
    "eval_results": [
        "1ef53275acf4b3ed783863516380fe29",
        0.04423019732698241,
        0.0034507431520735734,
        0.98
    ],
    "cli_args": {
        "task": "img-captioning",
        "dataset": "coco",
        "metric": "bleu"
    }
}