{
    "config": {
        "task": "img-classification",
        "dataset": "cifar-10",
        "metric": "acc",
        "model": "GenFractalNet-97cb1dbc87e3782973b9f5876a11da4c"
    },
    "hyperparameters": {
        "lr": 0.002,
        "momentum": 0.92,
        "batch": 64,
        "epoch": 1,
        "transform": "norm_32_flip",
        "max_batches": null,
        "uid": "fdc3164628af2fb61d044e254a1789b9",
        "duration": 56482979635,
        "accuracy": 0.2893,
        "train_loss": 2.061950254928121,
        "test_loss": 2.0594948750392645,
        "train_accuracy": 0.28564,
        "gradient_norm": 2.999998901748765,
        "samples_per_second": 885.2275814429881,
        "best_accuracy": 0.2893,
        "best_epoch": 1,
        "cpu_type": "x86_64",
        "cpu_count": 128,
        "total_ram_kb": 263708948.0,
        "gpu_type": "NVIDIA GeForce RTX 3090",
        "gpu_total_memory_kb": 24703168.0,
        "occupied_ram_kb": 35523336.0,
        "ram_usage_percent": 15.2,
        "cpu_usage_percent": 6.7,
        "occupied_gpu_memory_kb": 82239.5,
        "gpu_memory_usage_percent": 0.33,
        "gpu_memory_kb": 5718922.0
    },
    "training_summary": {
        "total_epochs": 1,
        "best_accuracy": 0.2893,
        "final_accuracy": 0.2893
    },
    "uid": "97cb1dbc87e3782973b9f5876a11da4c"
}