{
    "config": {
        "task": "img-classification",
        "dataset": "cifar-10",
        "metric": "acc",
        "model": "GenFractalNet-c296ee1bdb285a134e166b28f3023b53"
    },
    "hyperparameters": {
        "lr": 0.01,
        "momentum": 0.95,
        "batch": 64,
        "epoch": 1,
        "transform": "norm_32_flip",
        "max_batches": null,
        "uid": "7e0d9d3a4af27bbe52d1557a4daae329",
        "duration": 38337982487,
        "accuracy": 0.2599,
        "train_loss": 1.9823485097616835,
        "test_loss": 1.9781097743161924,
        "train_accuracy": 0.25836,
        "gradient_norm": 0.6046426093014626,
        "samples_per_second": 1304.2062815998977,
        "best_accuracy": 0.2599,
        "best_epoch": 1,
        "cpu_type": "x86_64",
        "cpu_count": 32,
        "total_ram_kb": 131724388.0,
        "gpu_type": "NVIDIA GeForce RTX 4090",
        "gpu_total_memory_kb": 24658816.0,
        "occupied_ram_kb": 17267724.0,
        "ram_usage_percent": 15.4,
        "cpu_usage_percent": 0.0,
        "occupied_gpu_memory_kb": 29642.0,
        "gpu_memory_usage_percent": 0.12,
        "gpu_memory_kb": 5184612.5
    },
    "training_summary": {
        "total_epochs": 1,
        "best_accuracy": 0.2599,
        "final_accuracy": 0.2599
    },
    "uid": "c296ee1bdb285a134e166b28f3023b53"
}