{
    "config": {
        "task": "img-classification",
        "dataset": "cifar-10",
        "metric": "acc",
        "model": "GenFractalNet-27b676a173b29918f7319131ced627b6"
    },
    "hyperparameters": {
        "lr": 0.002,
        "momentum": 0.95,
        "batch": 64,
        "epoch": 1,
        "transform": "norm_32_flip",
        "max_batches": null,
        "uid": "5d4cbfc901888801ca1aca78f120bc98",
        "duration": 35250114633,
        "accuracy": 0.3134,
        "train_loss": 1.8491876998825756,
        "test_loss": 1.8425528509601665,
        "train_accuracy": 0.30604,
        "gradient_norm": 0.28605902759371327,
        "samples_per_second": 1418.4454243778819,
        "best_accuracy": 0.3134,
        "best_epoch": 1,
        "cpu_type": "x86_64",
        "cpu_count": 128,
        "total_ram_kb": 263708948.0,
        "gpu_type": "NVIDIA GeForce RTX 3090",
        "gpu_total_memory_kb": 24703168.0,
        "occupied_ram_kb": 35881556.0,
        "ram_usage_percent": 15.4,
        "cpu_usage_percent": 5.9,
        "occupied_gpu_memory_kb": 17169.5,
        "gpu_memory_usage_percent": 0.07,
        "gpu_memory_kb": 3805260.5
    },
    "training_summary": {
        "total_epochs": 1,
        "best_accuracy": 0.3134,
        "final_accuracy": 0.3134
    },
    "uid": "27b676a173b29918f7319131ced627b6"
}