{
    "config": {
        "task": "img-classification",
        "dataset": "cifar-10",
        "metric": "acc",
        "model": "GenFractalNet-c4d844f5c90cc1d34843ae24dc0841d2"
    },
    "hyperparameters": {
        "lr": 0.002,
        "momentum": 0.95,
        "batch": 64,
        "epoch": 1,
        "transform": "norm_32_flip",
        "max_batches": null,
        "uid": "5d4cbfc901888801ca1aca78f120bc98",
        "duration": 33301101906,
        "accuracy": 0.3126,
        "train_loss": 1.8104005628229711,
        "test_loss": 1.8072785655404353,
        "train_accuracy": 0.31482,
        "gradient_norm": 0.3985196020021466,
        "samples_per_second": 1501.4606129415429,
        "best_accuracy": 0.3126,
        "best_epoch": 1,
        "cpu_type": "x86_64",
        "cpu_count": 32,
        "total_ram_kb": 131724388.0,
        "gpu_type": "NVIDIA GeForce RTX 3090",
        "gpu_total_memory_kb": 24703168.0,
        "occupied_ram_kb": 17413664.0,
        "ram_usage_percent": 15.5,
        "cpu_usage_percent": 0.0,
        "occupied_gpu_memory_kb": 16841.5,
        "gpu_memory_usage_percent": 0.07,
        "gpu_memory_kb": 6319711.0
    },
    "training_summary": {
        "total_epochs": 1,
        "best_accuracy": 0.3126,
        "final_accuracy": 0.3126
    },
    "uid": "c4d844f5c90cc1d34843ae24dc0841d2"
}