{
    "config": {
        "task": "img-classification",
        "dataset": "cifar-10",
        "metric": "acc",
        "model": "GenFractalNet-00b81d002d45191ed0739828c753c895"
    },
    "hyperparameters": {
        "lr": 0.005,
        "momentum": 0.92,
        "batch": 64,
        "epoch": 1,
        "transform": "norm_32_flip",
        "max_batches": null,
        "uid": "ef1fc8828fb58640dee7e64df834685d",
        "duration": 32182161726,
        "accuracy": 0.4538,
        "train_loss": 1.4911631162819046,
        "test_loss": 1.4868428099686932,
        "train_accuracy": 0.45686,
        "gradient_norm": 0.5132474647730977,
        "samples_per_second": 1553.666549112506,
        "best_accuracy": 0.4538,
        "best_epoch": 1,
        "cpu_type": "x86_64",
        "cpu_count": 128,
        "total_ram_kb": 263708948.0,
        "gpu_type": "NVIDIA GeForce RTX 3090",
        "gpu_total_memory_kb": 24703168.0,
        "occupied_ram_kb": 21231480.0,
        "ram_usage_percent": 11.2,
        "cpu_usage_percent": 0.8,
        "occupied_gpu_memory_kb": 23552.5,
        "gpu_memory_usage_percent": 0.1,
        "gpu_memory_kb": 5087960.0
    },
    "training_summary": {
        "total_epochs": 1,
        "best_accuracy": 0.4538,
        "final_accuracy": 0.4538
    },
    "uid": "00b81d002d45191ed0739828c753c895"
}