{
    "config": {
        "task": "img-classification",
        "dataset": "cifar-10",
        "metric": "acc",
        "model": "GenFractalNet-e305f159b8824ce9939c417bbf7736a6"
    },
    "hyperparameters": {
        "lr": 0.005,
        "momentum": 0.95,
        "batch": 64,
        "epoch": 1,
        "transform": "norm_32_flip",
        "max_batches": null,
        "uid": "c3bab3e9931db53638d2791332ae0024",
        "duration": 35388094859,
        "accuracy": 0.3403,
        "train_loss": 1.7511696031941173,
        "test_loss": 1.7490638448933886,
        "train_accuracy": 0.33544,
        "gradient_norm": 0.502341108539621,
        "samples_per_second": 1412.9214058997268,
        "best_accuracy": 0.3403,
        "best_epoch": 1,
        "cpu_type": "x86_64",
        "cpu_count": 32,
        "total_ram_kb": 131724388.0,
        "gpu_type": "NVIDIA GeForce RTX 3090",
        "gpu_total_memory_kb": 24703168.0,
        "occupied_ram_kb": 17302620.0,
        "ram_usage_percent": 15.4,
        "cpu_usage_percent": 0.3,
        "occupied_gpu_memory_kb": 37474.0,
        "gpu_memory_usage_percent": 0.15,
        "gpu_memory_kb": 4434780.0
    },
    "training_summary": {
        "total_epochs": 1,
        "best_accuracy": 0.3403,
        "final_accuracy": 0.3403
    },
    "uid": "e305f159b8824ce9939c417bbf7736a6"
}