{
    "config": {
        "task": "img-classification",
        "dataset": "cifar-10",
        "metric": "acc",
        "model": "GenFractalNet-37f93d1484975b215ffb840440dc6827"
    },
    "hyperparameters": {
        "lr": 0.01,
        "momentum": 0.75,
        "batch": 64,
        "epoch": 1,
        "transform": "norm_32_flip",
        "max_batches": null,
        "uid": "d091050f01990917d03203023019d417",
        "duration": 31034301244,
        "accuracy": 0.4348,
        "train_loss": 1.5037625418294727,
        "test_loss": 1.4988278651693066,
        "train_accuracy": 0.43818,
        "gradient_norm": 0.9697003027640465,
        "samples_per_second": 1611.1294367417765,
        "best_accuracy": 0.4348,
        "best_epoch": 1,
        "cpu_type": "x86_64",
        "cpu_count": 128,
        "total_ram_kb": 263708948.0,
        "gpu_type": "NVIDIA GeForce RTX 3090",
        "gpu_total_memory_kb": 24703168.0,
        "occupied_ram_kb": 16963956.0,
        "ram_usage_percent": 8.2,
        "cpu_usage_percent": 0.1,
        "occupied_gpu_memory_kb": 18342.0,
        "gpu_memory_usage_percent": 0.07,
        "gpu_memory_kb": 6194574.5
    },
    "training_summary": {
        "total_epochs": 1,
        "best_accuracy": 0.4348,
        "final_accuracy": 0.4348
    },
    "uid": "37f93d1484975b215ffb840440dc6827"
}