{
    "config": {
        "task": "img-classification",
        "dataset": "cifar-10",
        "metric": "acc",
        "model": "GenFractalNet-e483338a0d986305a1b448ce631fdd3f"
    },
    "hyperparameters": {
        "lr": 0.01,
        "momentum": 0.95,
        "batch": 64,
        "epoch": 1,
        "transform": "norm_32_flip",
        "max_batches": null,
        "uid": "7e0d9d3a4af27bbe52d1557a4daae329",
        "duration": 39271975711,
        "accuracy": 0.2523,
        "train_loss": 1.8746399153833804,
        "test_loss": 1.8773245036981667,
        "train_accuracy": 0.25504,
        "gradient_norm": 0.6840198774766196,
        "samples_per_second": 1273.1877876297776,
        "best_accuracy": 0.2523,
        "best_epoch": 1,
        "cpu_type": "x86_64",
        "cpu_count": 32,
        "total_ram_kb": 131724388.0,
        "gpu_type": "NVIDIA GeForce RTX 3090",
        "gpu_total_memory_kb": 24703168.0,
        "occupied_ram_kb": 17180612.0,
        "ram_usage_percent": 15.4,
        "cpu_usage_percent": 0.0,
        "occupied_gpu_memory_kb": 90745.5,
        "gpu_memory_usage_percent": 0.37,
        "gpu_memory_kb": 6192350.0
    },
    "training_summary": {
        "total_epochs": 1,
        "best_accuracy": 0.2523,
        "final_accuracy": 0.2523
    },
    "uid": "e483338a0d986305a1b448ce631fdd3f"
}