{
    "eval_args": {
        "model_package": "/home/s497466/nn-gpt/out/nngpt/llm/epoch/A0/synth_nn/B45",
        "task": "img-classification",
        "dataset": "imagenette",
        "metric": "acc",
        "prm": {
            "lr": 0.01,
            "batch": 32,
            "dropout": 0.2,
            "momentum": 0.9,
            "transform": "norm_256_flip",
            "stochastic_depth_prob": 0.0,
            "norm_eps": 1e-05,
            "norm_std": 0.5,
            "tie_weights": 0.0,
            "dropout_aux": 0.0,
            "attention_dropout": 0.0,
            "norm_momentum": 0.1,
            "score_thresh": 0.01,
            "nms_thresh": 0.45,
            "iou_thresh": 0.5,
            "detections_per_img": 0.5,
            "topk_candidates": 0.5,
            "neg_to_pos_ratio": 0.5,
            "pretrained": 0.0,
            "patch_size": 0.125,
            "epoch": 1,
            "uid": "b9095d884c36ec05935d296b86e19df1",
            "duration": 209376019778,
            "duration_seconds": 209.38,
            "accuracy": 0.3513375796178344,
            "train_stat": {
                "train_loss": 1.8466594823500286,
                "test_loss": 1.9733132443776944,
                "train_accuracy": 0.35579258633435423,
                "gradient_norm": 2.9999996075310307,
                "samples_per_second": 45.226887864009946,
                "best_accuracy": 0.3513375796178344,
                "best_epoch": 1,
                "epoch_max": 1,
                "cpu_count": 128,
                "cpu_type": "x86_64",
                "cpu_usage_percent": 15.6,
                "total_ram_kb": 1056603672.0,
                "occupied_ram_kb": 194696772.0,
                "ram_usage_percent": 18.4,
                "gpu_type": "NVIDIA L40S",
                "gpu_memory_kb": 21903926.0,
                "gpu_total_memory_kb": 46550528.0,
                "occupied_gpu_memory_kb": 213882.0,
                "gpu_memory_usage_percent": 0.46
            },
            "metric_acc": 0.3513375796178344
        }
    },
    "eval_results": {
        "checksum": "FractalFusion-6b-9ae96a66417957b4f428b278ba977227",
        "accuracy": 0.3513375796178344,
        "full_result": "('FractalFusion-6b-9ae96a66417957b4f428b278ba977227', 0.3513375796178344, 0.12004124440054119, 0.59)"
    },
    "cli_args": {
        "task": "img-classification",
        "dataset": "imagenette",
        "metric": "acc",
        "lr": 0.01,
        "batch": 32,
        "dropout": 0.2,
        "momentum": 0.9,
        "transform": "norm_256_flip"
    }
}