{
    "eval_args": {
        "model_package": "/home/s497466/nn-gpt/out/nngpt/llm/epoch/A0/synth_nn/B45",
        "task": "img-classification",
        "dataset": "imagenette",
        "metric": "acc",
        "prm": {
            "lr": 0.01,
            "batch": 32,
            "dropout": 0.2,
            "momentum": 0.9,
            "transform": "norm_256_flip",
            "stochastic_depth_prob": 0.0,
            "norm_eps": 1e-05,
            "norm_std": 0.5,
            "tie_weights": 0.0,
            "dropout_aux": 0.0,
            "attention_dropout": 0.0,
            "norm_momentum": 0.1,
            "score_thresh": 0.01,
            "nms_thresh": 0.45,
            "iou_thresh": 0.5,
            "detections_per_img": 0.5,
            "topk_candidates": 0.5,
            "neg_to_pos_ratio": 0.5,
            "pretrained": 0.0,
            "patch_size": 0.125,
            "epoch": 1,
            "uid": "b9095d884c36ec05935d296b86e19df1",
            "duration": 200265789538,
            "duration_seconds": 200.27,
            "accuracy": 0.2932484076433121,
            "train_stat": {
                "train_loss": 1.9068191973155146,
                "test_loss": 4.08346417715879,
                "train_accuracy": 0.3235822156510719,
                "gradient_norm": 2.999999518803482,
                "samples_per_second": 47.284550794051256,
                "best_accuracy": 0.2932484076433121,
                "best_epoch": 1,
                "epoch_max": 1,
                "cpu_count": 128,
                "cpu_type": "x86_64",
                "cpu_usage_percent": 18.0,
                "total_ram_kb": 1056603672.0,
                "occupied_ram_kb": 200682632.0,
                "ram_usage_percent": 19.0,
                "gpu_type": "NVIDIA L40S",
                "gpu_memory_kb": 19738782.0,
                "gpu_total_memory_kb": 46550528.0,
                "occupied_gpu_memory_kb": 213882.0,
                "gpu_memory_usage_percent": 0.46
            },
            "metric_acc": 0.2932484076433121
        }
    },
    "eval_results": {
        "checksum": "FractalFusion-2b-9ae96a66417957b4f428b278ba977227",
        "accuracy": 0.2932484076433121,
        "full_result": "('FractalFusion-2b-9ae96a66417957b4f428b278ba977227', 0.2932484076433121, 0.09649596573090365, 0.59)"
    },
    "cli_args": {
        "task": "img-classification",
        "dataset": "imagenette",
        "metric": "acc",
        "lr": 0.01,
        "batch": 32,
        "dropout": 0.2,
        "momentum": 0.9,
        "transform": "norm_256_flip"
    }
}