{
    "config": {
        "task": "img-classification",
        "dataset": "cifar-10",
        "metric": "acc",
        "model": "GenFractalNet-9b5cac91fdf670df32b64940d86659c6"
    },
    "hyperparameters": {
        "lr": 0.001,
        "momentum": 0.95,
        "batch": 64,
        "epoch": 1,
        "transform": "norm_32_flip",
        "max_batches": null,
        "uid": "413233aa5202d01e749eded26a1af0b4",
        "duration": 35262143263,
        "accuracy": 0.5332,
        "train_loss": 1.2688323528412968,
        "test_loss": 1.2880474731421014,
        "train_accuracy": 0.5391,
        "gradient_norm": 2.999999542390739,
        "samples_per_second": 1417.9592329618251,
        "best_accuracy": 0.5332,
        "best_epoch": 1,
        "cpu_type": "x86_64",
        "cpu_count": 128,
        "total_ram_kb": 263708948.0,
        "gpu_type": "NVIDIA GeForce RTX 3090",
        "gpu_total_memory_kb": 24703168.0,
        "occupied_ram_kb": 36766244.0,
        "ram_usage_percent": 15.7,
        "cpu_usage_percent": 4.9,
        "occupied_gpu_memory_kb": 40117.0,
        "gpu_memory_usage_percent": 0.16,
        "gpu_memory_kb": 5542616.0
    },
    "training_summary": {
        "total_epochs": 1,
        "best_accuracy": 0.5332,
        "final_accuracy": 0.5332
    },
    "uid": "9b5cac91fdf670df32b64940d86659c6"
}