{
    "eval_args": {
        "model_package": "/home/s497466/nn-gpt/out/nngpt/llm/epoch/A0/synth_nn/B8",
        "task": "img-classification",
        "dataset": "imagenette",
        "metric": "acc",
        "prm": {
            "lr": 0.01,
            "batch": 32,
            "dropout": 0.2,
            "momentum": 0.9,
            "transform": "norm_256_flip",
            "stochastic_depth_prob": 0.0,
            "norm_eps": 1e-05,
            "norm_std": 0.5,
            "tie_weights": 0.0,
            "dropout_aux": 0.0,
            "attention_dropout": 0.0,
            "norm_momentum": 0.1,
            "score_thresh": 0.01,
            "nms_thresh": 0.45,
            "iou_thresh": 0.5,
            "detections_per_img": 0.5,
            "topk_candidates": 0.5,
            "neg_to_pos_ratio": 0.5,
            "pretrained": 0.0,
            "patch_size": 0.125,
            "epoch": 1,
            "uid": "b9095d884c36ec05935d296b86e19df1",
            "duration": 152297171975,
            "duration_seconds": 152.3,
            "accuracy": 0.3077707006369427,
            "train_stat": {
                "train_loss": 2.1606210774108368,
                "test_loss": 2.9584832414378965,
                "train_accuracy": 0.27394656246699756,
                "gradient_norm": 2.999999635519482,
                "samples_per_second": 62.17799249068106,
                "best_accuracy": 0.3077707006369427,
                "best_epoch": 1,
                "epoch_max": 1,
                "cpu_count": 128,
                "cpu_type": "x86_64",
                "cpu_usage_percent": 0.9,
                "total_ram_kb": 527801156.0,
                "occupied_ram_kb": 46567936.0,
                "ram_usage_percent": 8.8,
                "gpu_type": "NVIDIA L40",
                "gpu_memory_kb": 24324432.5,
                "gpu_total_memory_kb": 49677504.0,
                "occupied_gpu_memory_kb": 236991.0,
                "gpu_memory_usage_percent": 0.48
            },
            "metric_acc": 0.3077707006369427
        }
    },
    "eval_results": {
        "checksum": "FractalFusion-1b-4710f2c842a49c8a69b441e698e293f3",
        "accuracy": 0.3077707006369427,
        "full_result": "('FractalFusion-1b-4710f2c842a49c8a69b441e698e293f3', 0.3077707006369427, 0.13642452971552801, 0.59)"
    },
    "cli_args": {
        "task": "img-classification",
        "dataset": "imagenette",
        "metric": "acc",
        "lr": 0.01,
        "batch": 32,
        "dropout": 0.2,
        "momentum": 0.9,
        "transform": "norm_256_flip"
    }
}