{
    "config": {
        "task": "img-classification",
        "dataset": "cifar-10",
        "metric": "acc",
        "model": "GenFractalNet-453e897b3657646e124d6ce2adad17d8"
    },
    "hyperparameters": {
        "lr": 0.01,
        "momentum": 0.85,
        "batch": 64,
        "epoch": 1,
        "transform": "norm_32_flip",
        "max_batches": null,
        "uid": "9a0ac318ff9595fe2f49aa22f8b190c4",
        "duration": 32804944448,
        "accuracy": 0.4299,
        "train_loss": 1.5340644051046932,
        "test_loss": 1.5316060417017359,
        "train_accuracy": 0.427,
        "gradient_norm": 2.8780900703223207,
        "samples_per_second": 1524.1688209275387,
        "best_accuracy": 0.4299,
        "best_epoch": 1,
        "cpu_type": "x86_64",
        "cpu_count": 32,
        "total_ram_kb": 131724388.0,
        "gpu_type": "NVIDIA GeForce RTX 4090",
        "gpu_total_memory_kb": 24658816.0,
        "occupied_ram_kb": 16949572.0,
        "ram_usage_percent": 15.2,
        "cpu_usage_percent": 0.0,
        "occupied_gpu_memory_kb": 17926.0,
        "gpu_memory_usage_percent": 0.07,
        "gpu_memory_kb": 1076269.5
    },
    "training_summary": {
        "total_epochs": 1,
        "best_accuracy": 0.4299,
        "final_accuracy": 0.4299
    },
    "uid": "453e897b3657646e124d6ce2adad17d8"
}