{
    "config": {
        "task": "img-classification",
        "dataset": "cifar-10",
        "metric": "acc",
        "model": "GenFractalNet-b391190156692ec1b19424fedadbcd57"
    },
    "hyperparameters": {
        "lr": 0.001,
        "momentum": 0.95,
        "batch": 64,
        "epoch": 1,
        "transform": "norm_32_flip",
        "max_batches": null,
        "uid": "413233aa5202d01e749eded26a1af0b4",
        "duration": 35687567366,
        "accuracy": 0.3894,
        "train_loss": 1.6537499924754853,
        "test_loss": 1.650631397393099,
        "train_accuracy": 0.39028,
        "gradient_norm": 0.5568847193165223,
        "samples_per_second": 1401.057625448576,
        "best_accuracy": 0.3894,
        "best_epoch": 1,
        "cpu_type": "x86_64",
        "cpu_count": 128,
        "total_ram_kb": 263708948.0,
        "gpu_type": "NVIDIA GeForce RTX 3090",
        "gpu_total_memory_kb": 24703168.0,
        "occupied_ram_kb": 16911360.0,
        "ram_usage_percent": 8.2,
        "cpu_usage_percent": 0.0,
        "occupied_gpu_memory_kb": 127014.5,
        "gpu_memory_usage_percent": 0.51,
        "gpu_memory_kb": 4694452.5
    },
    "training_summary": {
        "total_epochs": 1,
        "best_accuracy": 0.3894,
        "final_accuracy": 0.3894
    },
    "uid": "b391190156692ec1b19424fedadbcd57"
}