{
    "eval_args": {
        "model_package": "/home/s497466/nn-gpt/out/nngpt/llm/epoch/A0/synth_nn/B69",
        "task": "img-classification",
        "dataset": "imagenette",
        "metric": "acc",
        "prm": {
            "lr": 0.01,
            "batch": 32,
            "dropout": 0.2,
            "momentum": 0.9,
            "transform": "norm_256_flip",
            "stochastic_depth_prob": 0.0,
            "norm_eps": 1e-05,
            "norm_std": 0.5,
            "tie_weights": 0.0,
            "dropout_aux": 0.0,
            "attention_dropout": 0.0,
            "norm_momentum": 0.1,
            "score_thresh": 0.01,
            "nms_thresh": 0.45,
            "iou_thresh": 0.5,
            "detections_per_img": 0.5,
            "topk_candidates": 0.5,
            "neg_to_pos_ratio": 0.5,
            "pretrained": 0.0,
            "patch_size": 0.125,
            "epoch": 1,
            "uid": "b9095d884c36ec05935d296b86e19df1",
            "duration": 260176637624,
            "duration_seconds": 260.18,
            "accuracy": 0.44229299363057323,
            "train_stat": {
                "train_loss": 1.8965657393876194,
                "test_loss": 2.4717335080712792,
                "train_accuracy": 0.33118597528778115,
                "gradient_norm": 2.9999998915184842,
                "samples_per_second": 36.39485030470858,
                "best_accuracy": 0.44229299363057323,
                "best_epoch": 1,
                "epoch_max": 1,
                "cpu_count": 256,
                "cpu_type": "x86_64",
                "cpu_usage_percent": 3.9,
                "total_ram_kb": 527761880.0,
                "occupied_ram_kb": 67772600.0,
                "ram_usage_percent": 12.8,
                "gpu_type": "NVIDIA L40",
                "gpu_memory_kb": 23885545.5,
                "gpu_total_memory_kb": 49677504.0,
                "occupied_gpu_memory_kb": 90494.0,
                "gpu_memory_usage_percent": 0.18
            },
            "metric_acc": 0.44229299363057323
        }
    },
    "eval_results": {
        "checksum": "FractalFusion-1b-dcbb12257500dab548fdf2356bce5d79",
        "accuracy": 0.44229299363057323,
        "full_result": "('FractalFusion-1b-dcbb12257500dab548fdf2356bce5d79', 0.44229299363057323, 0.13156177155507923, 0.58)"
    },
    "cli_args": {
        "task": "img-classification",
        "dataset": "imagenette",
        "metric": "acc",
        "lr": 0.01,
        "batch": 32,
        "dropout": 0.2,
        "momentum": 0.9,
        "transform": "norm_256_flip"
    }
}