{
    "config": {
        "task": "img-classification",
        "dataset": "cifar-10",
        "metric": "acc",
        "model": "GenFractalNet-832b972fb380d7e9c20be07b69df7527"
    },
    "hyperparameters": {
        "lr": 0.001,
        "momentum": 0.75,
        "batch": 64,
        "epoch": 1,
        "transform": "norm_32_flip",
        "max_batches": null,
        "uid": "b6bfaf83998d37f4d3476cb4c42c7314",
        "duration": 33222038173,
        "accuracy": 0.3407,
        "train_loss": 1.8419005642156772,
        "test_loss": 1.839659586074246,
        "train_accuracy": 0.33834,
        "gradient_norm": 2.9999992394112667,
        "samples_per_second": 1505.0347155762397,
        "best_accuracy": 0.3407,
        "best_epoch": 1,
        "cpu_type": "x86_64",
        "cpu_count": 32,
        "total_ram_kb": 131724388.0,
        "gpu_type": "NVIDIA GeForce RTX 3090",
        "gpu_total_memory_kb": 24703168.0,
        "occupied_ram_kb": 17078584.0,
        "ram_usage_percent": 15.2,
        "cpu_usage_percent": 0.0,
        "occupied_gpu_memory_kb": 18641.0,
        "gpu_memory_usage_percent": 0.08,
        "gpu_memory_kb": 5182624.5
    },
    "training_summary": {
        "total_epochs": 1,
        "best_accuracy": 0.3407,
        "final_accuracy": 0.3407
    },
    "uid": "832b972fb380d7e9c20be07b69df7527"
}