{
    "config": {
        "task": "img-classification",
        "dataset": "cifar-10",
        "metric": "acc",
        "model": "GenFractalNet-829aa68514cc7ed4b5b479051cd2bb74"
    },
    "hyperparameters": {
        "lr": 0.01,
        "momentum": 0.9,
        "batch": 64,
        "epoch": 1,
        "transform": "norm_32_flip",
        "max_batches": null,
        "uid": "fddd85ed21879149faee86627a9f4554",
        "duration": 53276750593,
        "accuracy": 0.6154,
        "train_loss": 1.05032633805214,
        "test_loss": 1.0694182701171584,
        "train_accuracy": 0.61962,
        "gradient_norm": 1.1158168222141187,
        "samples_per_second": 938.5018108436738,
        "best_accuracy": 0.6154,
        "best_epoch": 1,
        "cpu_type": "x86_64",
        "cpu_count": 128,
        "total_ram_kb": 263708948.0,
        "gpu_type": "NVIDIA GeForce RTX 3090",
        "gpu_total_memory_kb": 24703168.0,
        "occupied_ram_kb": 28289744.0,
        "ram_usage_percent": 12.5,
        "cpu_usage_percent": 7.6,
        "occupied_gpu_memory_kb": 101944.0,
        "gpu_memory_usage_percent": 0.41,
        "gpu_memory_kb": 6272893.5
    },
    "training_summary": {
        "total_epochs": 1,
        "best_accuracy": 0.6154,
        "final_accuracy": 0.6154
    },
    "uid": "829aa68514cc7ed4b5b479051cd2bb74"
}