{
    "config": {
        "task": "img-classification",
        "dataset": "cifar-10",
        "metric": "acc",
        "model": "GenFractalNet-6b919a263412a96058c2bbcb9a53f9cc"
    },
    "hyperparameters": {
        "lr": 0.01,
        "momentum": 0.9,
        "batch": 64,
        "epoch": 1,
        "transform": "norm_32_flip",
        "max_batches": null,
        "uid": "fddd85ed21879149faee86627a9f4554",
        "duration": 39274957589,
        "accuracy": 0.5225,
        "train_loss": 1.3198517073145912,
        "test_loss": 1.3405882560523452,
        "train_accuracy": 0.53168,
        "gradient_norm": 0.4495255546141652,
        "samples_per_second": 1273.0835581418416,
        "best_accuracy": 0.5225,
        "best_epoch": 1,
        "cpu_type": "x86_64",
        "cpu_count": 128,
        "total_ram_kb": 263708948.0,
        "gpu_type": "NVIDIA GeForce RTX 3090",
        "gpu_total_memory_kb": 24703168.0,
        "occupied_ram_kb": 20691348.0,
        "ram_usage_percent": 10.9,
        "cpu_usage_percent": 0.9,
        "occupied_gpu_memory_kb": 129191.5,
        "gpu_memory_usage_percent": 0.52,
        "gpu_memory_kb": 6318687.0
    },
    "training_summary": {
        "total_epochs": 1,
        "best_accuracy": 0.5225,
        "final_accuracy": 0.5225
    },
    "uid": "6b919a263412a96058c2bbcb9a53f9cc"
}