{
    "config": {
        "task": "img-classification",
        "dataset": "cifar-10",
        "metric": "acc",
        "model": "GenFractalNet-8e45f58a2563f244307ce50935ff243a"
    },
    "hyperparameters": {
        "lr": 0.002,
        "momentum": 0.8,
        "batch": 64,
        "epoch": 1,
        "transform": "norm_32_flip",
        "max_batches": null,
        "uid": "4fcd674ab8be9d549912bf8de066f45e",
        "duration": 35291620913,
        "accuracy": 0.4192,
        "train_loss": 1.5661002574369425,
        "test_loss": 1.5633507648091407,
        "train_accuracy": 0.41424,
        "gradient_norm": 0.842161253511887,
        "samples_per_second": 1416.774708928395,
        "best_accuracy": 0.4192,
        "best_epoch": 1,
        "cpu_type": "x86_64",
        "cpu_count": 128,
        "total_ram_kb": 263708948.0,
        "gpu_type": "NVIDIA GeForce RTX 3090",
        "gpu_total_memory_kb": 24703168.0,
        "occupied_ram_kb": 34783764.0,
        "ram_usage_percent": 14.9,
        "cpu_usage_percent": 4.7,
        "occupied_gpu_memory_kb": 22437.0,
        "gpu_memory_usage_percent": 0.09,
        "gpu_memory_kb": 6272893.5
    },
    "training_summary": {
        "total_epochs": 1,
        "best_accuracy": 0.4192,
        "final_accuracy": 0.4192
    },
    "uid": "8e45f58a2563f244307ce50935ff243a"
}