{
    "eval_args": {
        "model_package": "/home/s497466/nn-gpt/out/nngpt/llm/epoch/A0/synth_nn/B99",
        "task": "img-classification",
        "dataset": "imagenette",
        "metric": "acc",
        "prm": {
            "lr": 0.01,
            "batch": 32,
            "dropout": 0.2,
            "momentum": 0.9,
            "transform": "norm_256_flip",
            "stochastic_depth_prob": 0.0,
            "norm_eps": 1e-05,
            "norm_std": 0.5,
            "tie_weights": 0.0,
            "dropout_aux": 0.0,
            "attention_dropout": 0.0,
            "norm_momentum": 0.1,
            "score_thresh": 0.01,
            "nms_thresh": 0.45,
            "iou_thresh": 0.5,
            "detections_per_img": 0.5,
            "topk_candidates": 0.5,
            "neg_to_pos_ratio": 0.5,
            "pretrained": 0.0,
            "patch_size": 0.125,
            "epoch": 1,
            "uid": "b9095d884c36ec05935d296b86e19df1",
            "duration": 116217513754,
            "duration_seconds": 116.22,
            "accuracy": 0.21834394904458598,
            "train_stat": {
                "train_loss": 1.8871422693210465,
                "test_loss": 2.1034437854115557,
                "train_accuracy": 0.3346710317879396,
                "gradient_norm": 2.9999995947885294,
                "samples_per_second": 81.48262986422698,
                "best_accuracy": 0.21834394904458598,
                "best_epoch": 1,
                "epoch_max": 1,
                "cpu_count": 128,
                "cpu_type": "x86_64",
                "cpu_usage_percent": 10.2,
                "total_ram_kb": 1056603672.0,
                "occupied_ram_kb": 155591536.0,
                "ram_usage_percent": 14.7,
                "gpu_type": "NVIDIA L40S",
                "gpu_memory_kb": 38370065.5,
                "gpu_total_memory_kb": 46550528.0,
                "occupied_gpu_memory_kb": 229875.5,
                "gpu_memory_usage_percent": 0.49
            },
            "metric_acc": 0.21834394904458598
        }
    },
    "eval_results": {
        "checksum": "FractalFusion-6b-1b6b6899a04b87b7761d6d5fa60d9323",
        "accuracy": 0.21834394904458598,
        "full_result": "('FractalFusion-6b-1b6b6899a04b87b7761d6d5fa60d9323', 0.21834394904458598, 0.10182970296119657, 0.59)"
    },
    "cli_args": {
        "task": "img-classification",
        "dataset": "imagenette",
        "metric": "acc",
        "lr": 0.01,
        "batch": 32,
        "dropout": 0.2,
        "momentum": 0.9,
        "transform": "norm_256_flip"
    }
}