{
    "config": {
        "task": "img-classification",
        "dataset": "cifar-10",
        "metric": "acc",
        "model": "GenFractalNet-65c89e1c74a1d770ac4d1320a6022d32"
    },
    "hyperparameters": {
        "lr": 0.01,
        "momentum": 0.92,
        "batch": 64,
        "epoch": 1,
        "transform": "norm_32_flip",
        "max_batches": null,
        "uid": "fb90a55754624e15cc974013a9a25d1f",
        "duration": 33804937653,
        "accuracy": 0.3657,
        "train_loss": 1.7120333463334672,
        "test_loss": 1.6986899011454004,
        "train_accuracy": 0.35978,
        "gradient_norm": 0.6817755845352848,
        "samples_per_second": 1479.0847821419402,
        "best_accuracy": 0.3657,
        "best_epoch": 1,
        "cpu_type": "x86_64",
        "cpu_count": 32,
        "total_ram_kb": 131724388.0,
        "gpu_type": "NVIDIA GeForce RTX 4090",
        "gpu_total_memory_kb": 24658816.0,
        "occupied_ram_kb": 17431748.0,
        "ram_usage_percent": 15.6,
        "cpu_usage_percent": 0.3,
        "occupied_gpu_memory_kb": 17190.5,
        "gpu_memory_usage_percent": 0.07,
        "gpu_memory_kb": 6272025.5
    },
    "training_summary": {
        "total_epochs": 1,
        "best_accuracy": 0.3657,
        "final_accuracy": 0.3657
    },
    "uid": "65c89e1c74a1d770ac4d1320a6022d32"
}