{
    "config": {
        "task": "img-classification",
        "dataset": "cifar-10",
        "metric": "acc",
        "model": "GenFractalNet-8ccb437e528881b04fd8be9e5e000288"
    },
    "hyperparameters": {
        "lr": 0.01,
        "momentum": 0.92,
        "batch": 64,
        "epoch": 1,
        "transform": "norm_32_flip",
        "max_batches": null,
        "uid": "fb90a55754624e15cc974013a9a25d1f",
        "duration": 37448915554,
        "accuracy": 0.2358,
        "train_loss": 1.9477142155018,
        "test_loss": 1.9466972495340238,
        "train_accuracy": 0.2386,
        "gradient_norm": 0.3328889436878252,
        "samples_per_second": 1335.1685214691668,
        "best_accuracy": 0.2358,
        "best_epoch": 1,
        "cpu_type": "x86_64",
        "cpu_count": 32,
        "total_ram_kb": 131724388.0,
        "gpu_type": "NVIDIA GeForce RTX 4090",
        "gpu_total_memory_kb": 24658816.0,
        "occupied_ram_kb": 17319244.0,
        "ram_usage_percent": 15.5,
        "cpu_usage_percent": 0.0,
        "occupied_gpu_memory_kb": 46052.5,
        "gpu_memory_usage_percent": 0.19,
        "gpu_memory_kb": 5559723.0
    },
    "training_summary": {
        "total_epochs": 1,
        "best_accuracy": 0.2358,
        "final_accuracy": 0.2358
    },
    "uid": "8ccb437e528881b04fd8be9e5e000288"
}