{
    "config": {
        "task": "img-classification",
        "dataset": "cifar-10",
        "metric": "acc",
        "model": "GenFractalNet-08f1cf76b98bd4b33772a6f06afeaa99"
    },
    "hyperparameters": {
        "lr": 0.005,
        "momentum": 0.85,
        "batch": 64,
        "epoch": 1,
        "transform": "norm_32_flip",
        "max_batches": null,
        "uid": "66c0389308131baca1c2e07779bf8112",
        "duration": 38473625344,
        "accuracy": 0.4637,
        "train_loss": 1.4473199948020603,
        "test_loss": 1.4476463088564053,
        "train_accuracy": 0.45756,
        "gradient_norm": 0.601867624419437,
        "samples_per_second": 1299.6082997895217,
        "best_accuracy": 0.4637,
        "best_epoch": 1,
        "cpu_type": "x86_64",
        "cpu_count": 32,
        "total_ram_kb": 131724388.0,
        "gpu_type": "NVIDIA GeForce RTX 3090",
        "gpu_total_memory_kb": 24703168.0,
        "occupied_ram_kb": 17457000.0,
        "ram_usage_percent": 15.5,
        "cpu_usage_percent": 3.1,
        "occupied_gpu_memory_kb": 20737.0,
        "gpu_memory_usage_percent": 0.08,
        "gpu_memory_kb": 4036321.5
    },
    "training_summary": {
        "total_epochs": 1,
        "best_accuracy": 0.4637,
        "final_accuracy": 0.4637
    },
    "uid": "08f1cf76b98bd4b33772a6f06afeaa99"
}