{
    "config": {
        "task": "img-classification",
        "dataset": "cifar-10",
        "metric": "acc",
        "model": "GenFractalNet-130235ed13dea1c33b35806a030604a4"
    },
    "hyperparameters": {
        "lr": 0.01,
        "momentum": 0.75,
        "batch": 64,
        "epoch": 1,
        "transform": "norm_32_flip",
        "max_batches": null,
        "uid": "d091050f01990917d03203023019d417",
        "duration": 33533329986,
        "accuracy": 0.4635,
        "train_loss": 1.5146584606841398,
        "test_loss": 1.51489154700261,
        "train_accuracy": 0.46344,
        "gradient_norm": 0.6804784383352056,
        "samples_per_second": 1491.0675026774954,
        "best_accuracy": 0.4635,
        "best_epoch": 1,
        "cpu_type": "x86_64",
        "cpu_count": 32,
        "total_ram_kb": 131724388.0,
        "gpu_type": "NVIDIA GeForce RTX 3090",
        "gpu_total_memory_kb": 24703168.0,
        "occupied_ram_kb": 17137640.0,
        "ram_usage_percent": 15.3,
        "cpu_usage_percent": 0.0,
        "occupied_gpu_memory_kb": 18598.0,
        "gpu_memory_usage_percent": 0.08,
        "gpu_memory_kb": 5182624.5
    },
    "training_summary": {
        "total_epochs": 1,
        "best_accuracy": 0.4635,
        "final_accuracy": 0.4635
    },
    "uid": "130235ed13dea1c33b35806a030604a4"
}