{
    "config": {
        "task": "img-classification",
        "dataset": "cifar-10",
        "metric": "acc",
        "model": "GenFractalNet-6b04f1f04f6cff0a2ac3a7365b08b180"
    },
    "hyperparameters": {
        "lr": 0.001,
        "momentum": 0.95,
        "batch": 64,
        "epoch": 1,
        "transform": "norm_32_flip",
        "max_batches": null,
        "uid": "413233aa5202d01e749eded26a1af0b4",
        "duration": 40116178326,
        "accuracy": 0.5531,
        "train_loss": 1.2418032404406907,
        "test_loss": 1.2552602594825113,
        "train_accuracy": 0.56042,
        "gradient_norm": 2.7992452440788287,
        "samples_per_second": 1246.3902429671382,
        "best_accuracy": 0.5531,
        "best_epoch": 1,
        "cpu_type": "x86_64",
        "cpu_count": 128,
        "total_ram_kb": 263708948.0,
        "gpu_type": "NVIDIA GeForce RTX 3090",
        "gpu_total_memory_kb": 24703168.0,
        "occupied_ram_kb": 32251148.0,
        "ram_usage_percent": 14.0,
        "cpu_usage_percent": 6.3,
        "occupied_gpu_memory_kb": 44598.0,
        "gpu_memory_usage_percent": 0.18,
        "gpu_memory_kb": 5486889.5
    },
    "training_summary": {
        "total_epochs": 1,
        "best_accuracy": 0.5531,
        "final_accuracy": 0.5531
    },
    "uid": "6b04f1f04f6cff0a2ac3a7365b08b180"
}