{
    "eval_args": {
        "model_package": "/home/s497466/nn-gpt/out/nngpt/llm/epoch/A0/synth_nn/B36",
        "task": "img-classification",
        "dataset": "imagenette",
        "metric": "acc",
        "prm": {
            "lr": 0.01,
            "batch": 32,
            "dropout": 0.2,
            "momentum": 0.9,
            "transform": "norm_256_flip",
            "stochastic_depth_prob": 0.0,
            "norm_eps": 1e-05,
            "norm_std": 0.5,
            "tie_weights": 0.0,
            "dropout_aux": 0.0,
            "attention_dropout": 0.0,
            "norm_momentum": 0.1,
            "score_thresh": 0.01,
            "nms_thresh": 0.45,
            "iou_thresh": 0.5,
            "detections_per_img": 0.5,
            "topk_candidates": 0.5,
            "neg_to_pos_ratio": 0.5,
            "pretrained": 0.0,
            "patch_size": 0.125,
            "epoch": 1,
            "uid": "b9095d884c36ec05935d296b86e19df1",
            "duration": 162104967709,
            "duration_seconds": 162.1,
            "accuracy": 0.44993630573248405,
            "train_stat": {
                "train_loss": 1.7219874018763701,
                "test_loss": 1.8761243345291634,
                "train_accuracy": 0.41070862815503223,
                "gradient_norm": 3.0000000863343157,
                "samples_per_second": 58.41711755156529,
                "best_accuracy": 0.44993630573248405,
                "best_epoch": 1,
                "epoch_max": 1,
                "cpu_count": 128,
                "cpu_type": "x86_64",
                "cpu_usage_percent": 12.4,
                "total_ram_kb": 1056603668.0,
                "occupied_ram_kb": 191030504.0,
                "ram_usage_percent": 18.1,
                "gpu_type": "NVIDIA L40S",
                "gpu_memory_kb": 28124269.5,
                "gpu_total_memory_kb": 46550528.0,
                "occupied_gpu_memory_kb": 370757.0,
                "gpu_memory_usage_percent": 0.8
            },
            "metric_acc": 0.44993630573248405
        }
    },
    "eval_results": {
        "checksum": "FractalFusion-4b-3fa322c3a5dd71fcf30f1a243e0a2086",
        "accuracy": 0.44993630573248405,
        "full_result": "('FractalFusion-4b-3fa322c3a5dd71fcf30f1a243e0a2086', 0.44993630573248405, 0.21587019243029384, 0.57)"
    },
    "cli_args": {
        "task": "img-classification",
        "dataset": "imagenette",
        "metric": "acc",
        "lr": 0.01,
        "batch": 32,
        "dropout": 0.2,
        "momentum": 0.9,
        "transform": "norm_256_flip"
    }
}