{
    "config": {
        "task": "img-classification",
        "dataset": "cifar-10",
        "metric": "acc",
        "model": "GenFractalNet-61b036591595c9e1f321e9c7b4a8cb80"
    },
    "hyperparameters": {
        "lr": 0.01,
        "momentum": 0.95,
        "batch": 64,
        "epoch": 1,
        "transform": "norm_32_flip",
        "max_batches": null,
        "uid": "7e0d9d3a4af27bbe52d1557a4daae329",
        "duration": 33423130444,
        "accuracy": 0.5036,
        "train_loss": 1.3572026137500772,
        "test_loss": 1.3600819194392793,
        "train_accuracy": 0.5067,
        "gradient_norm": 1.8534472085285982,
        "samples_per_second": 1495.9794424068025,
        "best_accuracy": 0.5036,
        "best_epoch": 1,
        "cpu_type": "x86_64",
        "cpu_count": 32,
        "total_ram_kb": 131724388.0,
        "gpu_type": "NVIDIA GeForce RTX 4090",
        "gpu_total_memory_kb": 24658816.0,
        "occupied_ram_kb": 21299220.0,
        "ram_usage_percent": 21.5,
        "cpu_usage_percent": 3.4,
        "occupied_gpu_memory_kb": 17956.0,
        "gpu_memory_usage_percent": 0.07,
        "gpu_memory_kb": 5139160.0
    },
    "training_summary": {
        "total_epochs": 1,
        "best_accuracy": 0.5036,
        "final_accuracy": 0.5036
    },
    "uid": "61b036591595c9e1f321e9c7b4a8cb80"
}