{
    "eval_args": {
        "model_package": "/home/s497466/nn-gpt/out/nngpt/llm/epoch/A0/synth_nn/B79",
        "task": "img-classification",
        "dataset": "imagenette",
        "metric": "acc",
        "prm": {
            "lr": 0.01,
            "batch": 32,
            "dropout": 0.2,
            "momentum": 0.9,
            "transform": "norm_256_flip",
            "stochastic_depth_prob": 0.0,
            "norm_eps": 1e-05,
            "norm_std": 0.5,
            "tie_weights": 0.0,
            "dropout_aux": 0.0,
            "attention_dropout": 0.0,
            "norm_momentum": 0.1,
            "score_thresh": 0.01,
            "nms_thresh": 0.45,
            "iou_thresh": 0.5,
            "detections_per_img": 0.5,
            "topk_candidates": 0.5,
            "neg_to_pos_ratio": 0.5,
            "pretrained": 0.0,
            "patch_size": 0.125,
            "epoch": 1,
            "uid": "b9095d884c36ec05935d296b86e19df1",
            "duration": 288889484777,
            "duration_seconds": 288.89,
            "accuracy": 0.15719745222929937,
            "train_stat": {
                "train_loss": 2.011351672066392,
                "test_loss": 2.801478596479912,
                "train_accuracy": 0.30541767874115533,
                "gradient_norm": 2.99999971874981,
                "samples_per_second": 32.77852354668675,
                "best_accuracy": 0.15719745222929937,
                "best_epoch": 1,
                "epoch_max": 1,
                "cpu_count": 128,
                "cpu_type": "x86_64",
                "cpu_usage_percent": 1.3,
                "total_ram_kb": 527801156.0,
                "occupied_ram_kb": 46306092.0,
                "ram_usage_percent": 8.8,
                "gpu_type": "NVIDIA L40",
                "gpu_memory_kb": 24048415.0,
                "gpu_total_memory_kb": 49677504.0,
                "occupied_gpu_memory_kb": 227841.5,
                "gpu_memory_usage_percent": 0.46
            },
            "metric_acc": 0.15719745222929937
        }
    },
    "eval_results": {
        "checksum": "FractalFusion-1b-82d679575786409e1d7e58ff6baed113",
        "accuracy": 0.15719745222929937,
        "full_result": "('FractalFusion-1b-82d679575786409e1d7e58ff6baed113', 0.15719745222929937, 0.01979907724002184, 0.57)"
    },
    "cli_args": {
        "task": "img-classification",
        "dataset": "imagenette",
        "metric": "acc",
        "lr": 0.01,
        "batch": 32,
        "dropout": 0.2,
        "momentum": 0.9,
        "transform": "norm_256_flip"
    }
}