{
    "config": {
        "task": "img-classification",
        "dataset": "cifar-10",
        "metric": "acc",
        "model": "GenFractalNet-9cc3623273f504a50a52442027f5dc26"
    },
    "hyperparameters": {
        "lr": 0.01,
        "momentum": 0.92,
        "batch": 64,
        "epoch": 1,
        "transform": "norm_32_flip",
        "max_batches": null,
        "uid": "fb90a55754624e15cc974013a9a25d1f",
        "duration": 35538561019,
        "accuracy": 0.397,
        "train_loss": 1.601255052687262,
        "test_loss": 1.5996720509923947,
        "train_accuracy": 0.39752,
        "gradient_norm": 1.5008902273870746,
        "samples_per_second": 1406.9353456069111,
        "best_accuracy": 0.397,
        "best_epoch": 1,
        "cpu_type": "x86_64",
        "cpu_count": 128,
        "total_ram_kb": 263708948.0,
        "gpu_type": "NVIDIA GeForce RTX 3090",
        "gpu_total_memory_kb": 24703168.0,
        "occupied_ram_kb": 34982372.0,
        "ram_usage_percent": 15.0,
        "cpu_usage_percent": 4.9,
        "occupied_gpu_memory_kb": 18578.0,
        "gpu_memory_usage_percent": 0.08,
        "gpu_memory_kb": 4728746.0
    },
    "training_summary": {
        "total_epochs": 1,
        "best_accuracy": 0.397,
        "final_accuracy": 0.397
    },
    "uid": "9cc3623273f504a50a52442027f5dc26"
}