{
    "config": {
        "task": "img-classification",
        "dataset": "cifar-10",
        "metric": "acc",
        "model": "GenFractalNet-f894c6971be4d26d929f72dd6d885f02"
    },
    "hyperparameters": {
        "lr": 0.01,
        "momentum": 0.8,
        "batch": 64,
        "epoch": 1,
        "transform": "norm_32_flip",
        "max_batches": null,
        "uid": "cac9e1582511f93cefcb9518dad95595",
        "duration": 40290044780,
        "accuracy": 0.4423,
        "train_loss": 1.5258595972414821,
        "test_loss": 1.5366588846133773,
        "train_accuracy": 0.443,
        "gradient_norm": 0.8370953165986098,
        "samples_per_second": 1241.0148793689705,
        "best_accuracy": 0.4423,
        "best_epoch": 1,
        "cpu_type": "x86_64",
        "cpu_count": 128,
        "total_ram_kb": 263708948.0,
        "gpu_type": "NVIDIA GeForce RTX 3090",
        "gpu_total_memory_kb": 24703168.0,
        "occupied_ram_kb": 33336896.0,
        "ram_usage_percent": 14.4,
        "cpu_usage_percent": 7.6,
        "occupied_gpu_memory_kb": 47218.5,
        "gpu_memory_usage_percent": 0.19,
        "gpu_memory_kb": 6272893.5
    },
    "training_summary": {
        "total_epochs": 1,
        "best_accuracy": 0.4423,
        "final_accuracy": 0.4423
    },
    "uid": "f894c6971be4d26d929f72dd6d885f02"
}