{
    "config": {
        "task": "img-classification",
        "dataset": "cifar-10",
        "metric": "acc",
        "model": "GenFractalNet-e767615262b7eb2045532f98f98a9b1d"
    },
    "hyperparameters": {
        "lr": 0.005,
        "momentum": 0.95,
        "batch": 64,
        "epoch": 1,
        "transform": "norm_32_flip",
        "max_batches": null,
        "uid": "c3bab3e9931db53638d2791332ae0024",
        "duration": 30676292916,
        "accuracy": 0.3327,
        "train_loss": 1.7096930717873147,
        "test_loss": 1.7157229124360782,
        "train_accuracy": 0.33086,
        "gradient_norm": 0.8010169103341122,
        "samples_per_second": 1629.935477015295,
        "best_accuracy": 0.3327,
        "best_epoch": 1,
        "cpu_type": "x86_64",
        "cpu_count": 128,
        "total_ram_kb": 263708948.0,
        "gpu_type": "NVIDIA GeForce RTX 3090",
        "gpu_total_memory_kb": 24703168.0,
        "occupied_ram_kb": 17021852.0,
        "ram_usage_percent": 8.0,
        "cpu_usage_percent": 0.0,
        "occupied_gpu_memory_kb": 17190.5,
        "gpu_memory_usage_percent": 0.07,
        "gpu_memory_kb": 6272893.5
    },
    "training_summary": {
        "total_epochs": 1,
        "best_accuracy": 0.3327,
        "final_accuracy": 0.3327
    },
    "uid": "e767615262b7eb2045532f98f98a9b1d"
}