{
    "config": {
        "task": "img-classification",
        "dataset": "cifar-10",
        "metric": "acc",
        "model": "GenFractalNet-b837dcb239a9a4e1243f54e8e67594ca"
    },
    "hyperparameters": {
        "lr": 0.002,
        "momentum": 0.75,
        "batch": 64,
        "epoch": 1,
        "transform": "norm_32_flip",
        "max_batches": null,
        "uid": "6bfdc27f6d9d8f236e46fa967d0411b8",
        "duration": 36396145516,
        "accuracy": 0.4974,
        "train_loss": 1.400656971632672,
        "test_loss": 1.4164766855300612,
        "train_accuracy": 0.50394,
        "gradient_norm": 1.471524635898552,
        "samples_per_second": 1373.7907685251382,
        "best_accuracy": 0.4974,
        "best_epoch": 1,
        "cpu_type": "x86_64",
        "cpu_count": 128,
        "total_ram_kb": 263708948.0,
        "gpu_type": "NVIDIA GeForce RTX 3090",
        "gpu_total_memory_kb": 24703168.0,
        "occupied_ram_kb": 32152084.0,
        "ram_usage_percent": 13.9,
        "cpu_usage_percent": 7.4,
        "occupied_gpu_memory_kb": 18221.0,
        "gpu_memory_usage_percent": 0.07,
        "gpu_memory_kb": 6272893.5
    },
    "training_summary": {
        "total_epochs": 1,
        "best_accuracy": 0.4974,
        "final_accuracy": 0.4974
    },
    "uid": "b837dcb239a9a4e1243f54e8e67594ca"
}