{
    "config": {
        "task": "img-classification",
        "dataset": "cifar-10",
        "metric": "acc",
        "model": "GenFractalNet-2e45e1d620b6a424ce25fe459ba024f9"
    },
    "hyperparameters": {
        "lr": 0.001,
        "momentum": 0.95,
        "batch": 64,
        "epoch": 1,
        "transform": "norm_32_flip",
        "max_batches": null,
        "uid": "413233aa5202d01e749eded26a1af0b4",
        "duration": 35735958376,
        "accuracy": 0.3263,
        "train_loss": 1.7509511416525487,
        "test_loss": 1.7564368445402498,
        "train_accuracy": 0.33134,
        "gradient_norm": 2.139860317546793,
        "samples_per_second": 1399.1585797107073,
        "best_accuracy": 0.3263,
        "best_epoch": 1,
        "cpu_type": "x86_64",
        "cpu_count": 128,
        "total_ram_kb": 263708948.0,
        "gpu_type": "NVIDIA GeForce RTX 3090",
        "gpu_total_memory_kb": 24703168.0,
        "occupied_ram_kb": 32284612.0,
        "ram_usage_percent": 14.0,
        "cpu_usage_percent": 6.7,
        "occupied_gpu_memory_kb": 19079.0,
        "gpu_memory_usage_percent": 0.08,
        "gpu_memory_kb": 6195581.5
    },
    "training_summary": {
        "total_epochs": 1,
        "best_accuracy": 0.3263,
        "final_accuracy": 0.3263
    },
    "uid": "2e45e1d620b6a424ce25fe459ba024f9"
}