{
    "eval_args": {
        "model_package": "/home/ghaffar/nn-dataset/scratch/auto_train_loop/run_Blip2Fast-A5-B12/Blip2Fast-A5-B12",
        "task": "img-captioning",
        "dataset": "coco",
        "metric": "bleu",
        "prm": {
            "lr": 0.0001,
            "batch": 32,
            "dropout": 0.2,
            "momentum": 0.9,
            "transform": "cached_blip2",
            "epoch": 5,
            "limit": 7000,
            "num_workers": 8,
            "pin_memory": false,
            "feature_cache_dir": null,
            "feature_cache_mode": "read",
            "freeze_gpt2": false,
            "uid": "4a69fa80209c77505b3d55adc84021cc",
            "duration": 1245331659833,
            "accuracy": 0.045748875249621575,
            "train_loss": 1.3445279434270914,
            "test_loss": 1.1122257076203823,
            "train_accuracy": 0.0,
            "gradient_norm": 0.9999996361936202,
            "samples_per_second": 475.13643467466744,
            "best_accuracy": 0.045748875249621575,
            "best_epoch": 5,
            "cpu_type": "x86_64",
            "cpu_count": 16,
            "total_ram_kb": 31935912.0,
            "gpu_type": "NVIDIA GeForce RTX 4090",
            "gpu_total_memory_kb": 24635840.0,
            "occupied_ram_kb": 19849908.0,
            "ram_usage_percent": 64.8,
            "cpu_usage_percent": 0.0,
            "occupied_gpu_memory_kb": 4650805.0,
            "gpu_memory_usage_percent": 18.88,
            "gpu_memory_kb": 8145221.0,
            "metric_bleu": 0.045748875249621575
        }
    },
    "eval_results": [
        "aba83cc808ad19ef0facab6d3b73bdbe",
        0.045748875249621575,
        0.003593329929122852,
        0.98
    ],
    "cli_args": {
        "task": "img-captioning",
        "dataset": "coco",
        "metric": "bleu"
    }
}