{
    "config": {
        "task": "img-classification",
        "dataset": "cifar-10",
        "metric": "acc",
        "model": "GenFractalNet-f70a6ee718e5066a04195eb1e45a89e3"
    },
    "hyperparameters": {
        "lr": 0.001,
        "momentum": 0.92,
        "batch": 64,
        "epoch": 1,
        "transform": "norm_32_flip",
        "max_batches": null,
        "uid": "54e9167499a10144dbbbdd76b20bb2cc",
        "duration": 34610700621,
        "accuracy": 0.5203,
        "train_loss": 1.330202944824458,
        "test_loss": 1.326526117932265,
        "train_accuracy": 0.52734,
        "gradient_norm": 1.270039268519184,
        "samples_per_second": 1444.651221438054,
        "best_accuracy": 0.5203,
        "best_epoch": 1,
        "cpu_type": "x86_64",
        "cpu_count": 128,
        "total_ram_kb": 263708948.0,
        "gpu_type": "NVIDIA GeForce RTX 3090",
        "gpu_total_memory_kb": 24703168.0,
        "occupied_ram_kb": 22451868.0,
        "ram_usage_percent": 10.2,
        "cpu_usage_percent": 2.7,
        "occupied_gpu_memory_kb": 18111.5,
        "gpu_memory_usage_percent": 0.07,
        "gpu_memory_kb": 4356355.5
    },
    "training_summary": {
        "total_epochs": 1,
        "best_accuracy": 0.5203,
        "final_accuracy": 0.5203
    },
    "uid": "f70a6ee718e5066a04195eb1e45a89e3"
}