{
    "config": {
        "task": "img-classification",
        "dataset": "cifar-10",
        "metric": "acc",
        "model": "GenFractalNet-9e528b93cb61ab015053e08a3a022789"
    },
    "hyperparameters": {
        "lr": 0.01,
        "momentum": 0.95,
        "batch": 64,
        "epoch": 1,
        "transform": "norm_32_flip",
        "max_batches": null,
        "uid": "7e0d9d3a4af27bbe52d1557a4daae329",
        "duration": 33733252273,
        "accuracy": 0.3672,
        "train_loss": 1.6904908827198741,
        "test_loss": 1.692878279716346,
        "train_accuracy": 0.36574,
        "gradient_norm": 0.8553981169048493,
        "samples_per_second": 1482.2277926613444,
        "best_accuracy": 0.3672,
        "best_epoch": 1,
        "cpu_type": "x86_64",
        "cpu_count": 32,
        "total_ram_kb": 131724388.0,
        "gpu_type": "NVIDIA GeForce RTX 4090",
        "gpu_total_memory_kb": 24658816.0,
        "occupied_ram_kb": 17327560.0,
        "ram_usage_percent": 15.5,
        "cpu_usage_percent": 2.5,
        "occupied_gpu_memory_kb": 21603.5,
        "gpu_memory_usage_percent": 0.09,
        "gpu_memory_kb": 5184612.5
    },
    "training_summary": {
        "total_epochs": 1,
        "best_accuracy": 0.3672,
        "final_accuracy": 0.3672
    },
    "uid": "9e528b93cb61ab015053e08a3a022789"
}