{
    "eval_args": {
        "model_package": "/home/s497466/nn-gpt/out/nngpt/llm/epoch/A0/synth_nn/B59",
        "task": "img-classification",
        "dataset": "imagenette",
        "metric": "acc",
        "prm": {
            "lr": 0.01,
            "batch": 32,
            "dropout": 0.2,
            "momentum": 0.9,
            "transform": "norm_256_flip",
            "stochastic_depth_prob": 0.0,
            "norm_eps": 1e-05,
            "norm_std": 0.5,
            "tie_weights": 0.0,
            "dropout_aux": 0.0,
            "attention_dropout": 0.0,
            "norm_momentum": 0.1,
            "score_thresh": 0.01,
            "nms_thresh": 0.45,
            "iou_thresh": 0.5,
            "detections_per_img": 0.5,
            "topk_candidates": 0.5,
            "neg_to_pos_ratio": 0.5,
            "pretrained": 0.0,
            "patch_size": 0.125,
            "epoch": 1,
            "uid": "b9095d884c36ec05935d296b86e19df1",
            "duration": 235462828513,
            "duration_seconds": 235.46,
            "accuracy": 0.2980891719745223,
            "train_stat": {
                "train_loss": 1.824438557099586,
                "test_loss": 2.6410029060472318,
                "train_accuracy": 0.3591720350617805,
                "gradient_norm": 2.9999996723898086,
                "samples_per_second": 40.21656044105235,
                "best_accuracy": 0.2980891719745223,
                "best_epoch": 1,
                "epoch_max": 1,
                "cpu_count": 128,
                "cpu_type": "x86_64",
                "cpu_usage_percent": 53.2,
                "total_ram_kb": 1056603700.0,
                "occupied_ram_kb": 165433156.0,
                "ram_usage_percent": 15.7,
                "gpu_type": "NVIDIA L40S",
                "gpu_memory_kb": 37819293.0,
                "gpu_total_memory_kb": 46550528.0,
                "occupied_gpu_memory_kb": 307881.0,
                "gpu_memory_usage_percent": 0.66
            },
            "metric_acc": 0.2980891719745223
        }
    },
    "eval_results": {
        "checksum": "FractalFusion-3b-57ba1d486a45e81988e24d06be601d34",
        "accuracy": 0.2980891719745223,
        "full_result": "('FractalFusion-3b-57ba1d486a45e81988e24d06be601d34', 0.2980891719745223, 0.08412757683473836, 0.57)"
    },
    "cli_args": {
        "task": "img-classification",
        "dataset": "imagenette",
        "metric": "acc",
        "lr": 0.01,
        "batch": 32,
        "dropout": 0.2,
        "momentum": 0.9,
        "transform": "norm_256_flip"
    }
}