{
    "config": {
        "task": "img-classification",
        "dataset": "cifar-10",
        "metric": "acc",
        "model": "GenFractalNet-27cd434e0f1493ef04c03a12c7c25ce4"
    },
    "hyperparameters": {
        "lr": 0.003,
        "momentum": 0.8,
        "batch": 64,
        "epoch": 1,
        "transform": "norm_32_flip",
        "max_batches": null,
        "uid": "ee92ba477c9167c48f5eac9c5b9e4293",
        "duration": 33590697704,
        "accuracy": 0.5403,
        "train_loss": 1.2543844084453095,
        "test_loss": 1.2703790573557472,
        "train_accuracy": 0.54724,
        "gradient_norm": 0.920306805284563,
        "samples_per_second": 1488.5191235974626,
        "best_accuracy": 0.5403,
        "best_epoch": 1,
        "cpu_type": "x86_64",
        "cpu_count": 32,
        "total_ram_kb": 131724388.0,
        "gpu_type": "NVIDIA GeForce RTX 4090",
        "gpu_total_memory_kb": 24658816.0,
        "occupied_ram_kb": 17043616.0,
        "ram_usage_percent": 15.3,
        "cpu_usage_percent": 0.0,
        "occupied_gpu_memory_kb": 22238.5,
        "gpu_memory_usage_percent": 0.09,
        "gpu_memory_kb": 2304849.5
    },
    "training_summary": {
        "total_epochs": 1,
        "best_accuracy": 0.5403,
        "final_accuracy": 0.5403
    },
    "uid": "27cd434e0f1493ef04c03a12c7c25ce4"
}