{
    "eval_args": {
        "model_package": "/home/s497466/nn-gpt/out/nngpt/llm/epoch/A0/synth_nn/B44",
        "task": "img-classification",
        "dataset": "imagenette",
        "metric": "acc",
        "prm": {
            "lr": 0.01,
            "batch": 32,
            "dropout": 0.2,
            "momentum": 0.9,
            "transform": "norm_256_flip",
            "stochastic_depth_prob": 0.0,
            "norm_eps": 1e-05,
            "norm_std": 0.5,
            "tie_weights": 0.0,
            "dropout_aux": 0.0,
            "attention_dropout": 0.0,
            "norm_momentum": 0.1,
            "score_thresh": 0.01,
            "nms_thresh": 0.45,
            "iou_thresh": 0.5,
            "detections_per_img": 0.5,
            "topk_candidates": 0.5,
            "neg_to_pos_ratio": 0.5,
            "pretrained": 0.0,
            "patch_size": 0.125,
            "epoch": 1,
            "uid": "b9095d884c36ec05935d296b86e19df1",
            "duration": 115848954952,
            "duration_seconds": 115.85,
            "accuracy": 0.1424203821656051,
            "train_stat": {
                "train_loss": 1.876994038348289,
                "test_loss": 2.757591273241896,
                "train_accuracy": 0.3469215334248601,
                "gradient_norm": 2.999999907486789,
                "samples_per_second": 81.74116862917168,
                "best_accuracy": 0.1424203821656051,
                "best_epoch": 1,
                "epoch_max": 1,
                "cpu_count": 128,
                "cpu_type": "x86_64",
                "cpu_usage_percent": 0.6,
                "total_ram_kb": 527801156.0,
                "occupied_ram_kb": 44618400.0,
                "ram_usage_percent": 8.5,
                "gpu_type": "NVIDIA L40",
                "gpu_memory_kb": 27583695.0,
                "gpu_total_memory_kb": 49677504.0,
                "occupied_gpu_memory_kb": 237563.5,
                "gpu_memory_usage_percent": 0.48
            },
            "metric_acc": 0.1424203821656051
        }
    },
    "eval_results": {
        "checksum": "FractalFusion-1b-16216f18bd229fe2e5c84cc94f677d93",
        "accuracy": 0.1424203821656051,
        "full_result": "('FractalFusion-1b-16216f18bd229fe2e5c84cc94f677d93', 0.1424203821656051, 0.03661697438978301, 0.57)"
    },
    "cli_args": {
        "task": "img-classification",
        "dataset": "imagenette",
        "metric": "acc",
        "lr": 0.01,
        "batch": 32,
        "dropout": 0.2,
        "momentum": 0.9,
        "transform": "norm_256_flip"
    }
}