{
    "config": {
        "task": "img-classification",
        "dataset": "cifar-10",
        "metric": "acc",
        "model": "GenFractalNet-59d69d2328599671005c22c6ce99e5ed"
    },
    "hyperparameters": {
        "lr": 0.005,
        "momentum": 0.9,
        "batch": 64,
        "epoch": 1,
        "transform": "norm_32_flip",
        "max_batches": null,
        "uid": "2a64534394dffeddd8342f36ba57f478",
        "duration": 35552171385,
        "accuracy": 0.5459,
        "train_loss": 1.317120444210594,
        "test_loss": 1.3270812717972287,
        "train_accuracy": 0.55558,
        "gradient_norm": 2.112260004803341,
        "samples_per_second": 1406.3924749061089,
        "best_accuracy": 0.5459,
        "best_epoch": 1,
        "cpu_type": "x86_64",
        "cpu_count": 128,
        "total_ram_kb": 263708948.0,
        "gpu_type": "NVIDIA GeForce RTX 3090",
        "gpu_total_memory_kb": 24703168.0,
        "occupied_ram_kb": 34116888.0,
        "ram_usage_percent": 14.7,
        "cpu_usage_percent": 7.2,
        "occupied_gpu_memory_kb": 18158.0,
        "gpu_memory_usage_percent": 0.07,
        "gpu_memory_kb": 5710255.0
    },
    "training_summary": {
        "total_epochs": 1,
        "best_accuracy": 0.5459,
        "final_accuracy": 0.5459
    },
    "uid": "59d69d2328599671005c22c6ce99e5ed"
}