{
    "config": {
        "task": "img-classification",
        "dataset": "cifar-10",
        "metric": "acc",
        "model": "GenFractalNet-a503e09e5567eed184304d90111f202e"
    },
    "hyperparameters": {
        "lr": 0.003,
        "momentum": 0.95,
        "batch": 64,
        "epoch": 1,
        "transform": "norm_32_flip",
        "max_batches": null,
        "uid": "9ea869fde7b3127470ef4c9a9f95d4c3",
        "duration": 32117035574,
        "accuracy": 0.597,
        "train_loss": 1.0842268226091818,
        "test_loss": 1.110216992296231,
        "train_accuracy": 0.60812,
        "gradient_norm": 2.9999992241837283,
        "samples_per_second": 1556.8158664370617,
        "best_accuracy": 0.597,
        "best_epoch": 1,
        "cpu_type": "x86_64",
        "cpu_count": 128,
        "total_ram_kb": 263708948.0,
        "gpu_type": "NVIDIA GeForce RTX 3090",
        "gpu_total_memory_kb": 24703168.0,
        "occupied_ram_kb": 21346520.0,
        "ram_usage_percent": 11.3,
        "cpu_usage_percent": 1.6,
        "occupied_gpu_memory_kb": 26743.5,
        "gpu_memory_usage_percent": 0.11,
        "gpu_memory_kb": 6194557.5
    },
    "training_summary": {
        "total_epochs": 1,
        "best_accuracy": 0.597,
        "final_accuracy": 0.597
    },
    "uid": "a503e09e5567eed184304d90111f202e"
}