{
    "config": {
        "task": "img-classification",
        "dataset": "cifar-10",
        "metric": "acc",
        "model": "GenFractalNet-b9b163d1c95cd477606c085f91dcd43e"
    },
    "hyperparameters": {
        "lr": 0.003,
        "momentum": 0.85,
        "batch": 64,
        "epoch": 1,
        "transform": "norm_32_flip",
        "max_batches": null,
        "uid": "2f2d598760b629b9174e1f9aaeecca8a",
        "duration": 34386136099,
        "accuracy": 0.3149,
        "train_loss": 1.8442855404161127,
        "test_loss": 1.8416999381059294,
        "train_accuracy": 0.31088,
        "gradient_norm": 0.5282659811558353,
        "samples_per_second": 1454.0829946058022,
        "best_accuracy": 0.3149,
        "best_epoch": 1,
        "cpu_type": "x86_64",
        "cpu_count": 128,
        "total_ram_kb": 263708948.0,
        "gpu_type": "NVIDIA GeForce RTX 3090",
        "gpu_total_memory_kb": 24703168.0,
        "occupied_ram_kb": 24177056.0,
        "ram_usage_percent": 10.9,
        "cpu_usage_percent": 0.4,
        "occupied_gpu_memory_kb": 17112.0,
        "gpu_memory_usage_percent": 0.07,
        "gpu_memory_kb": 1827162.5
    },
    "training_summary": {
        "total_epochs": 1,
        "best_accuracy": 0.3149,
        "final_accuracy": 0.3149
    },
    "uid": "b9b163d1c95cd477606c085f91dcd43e"
}