{
    "config": {
        "task": "img-classification",
        "dataset": "cifar-10",
        "metric": "acc",
        "model": "GenFractalNet-ba4725c6de0661b0366e30e82f106d24"
    },
    "hyperparameters": {
        "lr": 0.005,
        "momentum": 0.8,
        "batch": 64,
        "epoch": 1,
        "transform": "norm_32_flip",
        "max_batches": null,
        "uid": "f4cce3862c7c6d42c62fdd6855331be8",
        "duration": 33205045828,
        "accuracy": 0.5432,
        "train_loss": 1.2072865439345464,
        "test_loss": 1.2157112743444503,
        "train_accuracy": 0.5534,
        "gradient_norm": 2.502133215873958,
        "samples_per_second": 1505.8045231448662,
        "best_accuracy": 0.5432,
        "best_epoch": 1,
        "cpu_type": "x86_64",
        "cpu_count": 32,
        "total_ram_kb": 131724388.0,
        "gpu_type": "NVIDIA GeForce RTX 3090",
        "gpu_total_memory_kb": 24703168.0,
        "occupied_ram_kb": 17457984.0,
        "ram_usage_percent": 15.6,
        "cpu_usage_percent": 0.3,
        "occupied_gpu_memory_kb": 16836.5,
        "gpu_memory_usage_percent": 0.07,
        "gpu_memory_kb": 6268638.0
    },
    "training_summary": {
        "total_epochs": 1,
        "best_accuracy": 0.5432,
        "final_accuracy": 0.5432
    },
    "uid": "ba4725c6de0661b0366e30e82f106d24"
}