{
    "config": {
        "task": "img-classification",
        "dataset": "cifar-10",
        "metric": "acc",
        "model": "GenFractalNet-5e513b266e932352a08baf1ca83fdb09"
    },
    "hyperparameters": {
        "lr": 0.005,
        "momentum": 0.95,
        "batch": 64,
        "epoch": 1,
        "transform": "norm_32_flip",
        "max_batches": null,
        "uid": "c3bab3e9931db53638d2791332ae0024",
        "duration": 30512009091,
        "accuracy": 0.4139,
        "train_loss": 1.5628632148513404,
        "test_loss": 1.5651509374569936,
        "train_accuracy": 0.41252,
        "gradient_norm": 2.208860940715783,
        "samples_per_second": 1638.7094593470893,
        "best_accuracy": 0.4139,
        "best_epoch": 1,
        "cpu_type": "x86_64",
        "cpu_count": 128,
        "total_ram_kb": 263708948.0,
        "gpu_type": "NVIDIA GeForce RTX 3090",
        "gpu_total_memory_kb": 24703168.0,
        "occupied_ram_kb": 16879856.0,
        "ram_usage_percent": 8.1,
        "cpu_usage_percent": 0.0,
        "occupied_gpu_memory_kb": 16777.0,
        "gpu_memory_usage_percent": 0.07,
        "gpu_memory_kb": 4694452.5
    },
    "training_summary": {
        "total_epochs": 1,
        "best_accuracy": 0.4139,
        "final_accuracy": 0.4139
    },
    "uid": "5e513b266e932352a08baf1ca83fdb09"
}