{
    "eval_args": {
        "model_package": "/home/s497466/nn-gpt/out/nngpt/llm/epoch/A0/synth_nn/B11",
        "task": "img-classification",
        "dataset": "imagenette",
        "metric": "acc",
        "prm": {
            "lr": 0.01,
            "batch": 32,
            "dropout": 0.2,
            "momentum": 0.9,
            "transform": "norm_256_flip",
            "stochastic_depth_prob": 0.0,
            "norm_eps": 1e-05,
            "norm_std": 0.5,
            "tie_weights": 0.0,
            "dropout_aux": 0.0,
            "attention_dropout": 0.0,
            "norm_momentum": 0.1,
            "score_thresh": 0.01,
            "nms_thresh": 0.45,
            "iou_thresh": 0.5,
            "detections_per_img": 0.5,
            "topk_candidates": 0.5,
            "neg_to_pos_ratio": 0.5,
            "pretrained": 0.0,
            "patch_size": 0.125,
            "epoch": 1,
            "uid": "b9095d884c36ec05935d296b86e19df1",
            "duration": 144286588917,
            "duration_seconds": 144.29,
            "accuracy": 0.20178343949044586,
            "train_stat": {
                "train_loss": 2.172332247530524,
                "test_loss": 2.114498926372063,
                "train_accuracy": 0.21132115323687822,
                "gradient_norm": 0.9245430955251224,
                "samples_per_second": 65.6266528262935,
                "best_accuracy": 0.20178343949044586,
                "best_epoch": 1,
                "epoch_max": 1,
                "cpu_count": 256,
                "cpu_type": "x86_64",
                "cpu_usage_percent": 4.0,
                "total_ram_kb": 527761880.0,
                "occupied_ram_kb": 49608336.0,
                "ram_usage_percent": 9.4,
                "gpu_type": "NVIDIA L40",
                "gpu_memory_kb": 7917492.5,
                "gpu_total_memory_kb": 49677504.0,
                "occupied_gpu_memory_kb": 26982.5,
                "gpu_memory_usage_percent": 0.05
            },
            "metric_acc": 0.20178343949044586
        }
    },
    "eval_results": {
        "checksum": "FractalFusion-1b-d8d66f2ab3e43c799d06ffc073233e94",
        "accuracy": 0.20178343949044586,
        "full_result": "('FractalFusion-1b-d8d66f2ab3e43c799d06ffc073233e94', 0.20178343949044586, 0.0705425502497645, 0.6)"
    },
    "cli_args": {
        "task": "img-classification",
        "dataset": "imagenette",
        "metric": "acc",
        "lr": 0.01,
        "batch": 32,
        "dropout": 0.2,
        "momentum": 0.9,
        "transform": "norm_256_flip"
    }
}