{
    "config": {
        "task": "img-classification",
        "dataset": "cifar-10",
        "metric": "acc",
        "model": "GenFractalNet-41869ff3f4e54357177b7c10b3ba771c"
    },
    "hyperparameters": {
        "lr": 0.002,
        "momentum": 0.95,
        "batch": 64,
        "epoch": 1,
        "transform": "norm_32_flip",
        "max_batches": null,
        "uid": "5d4cbfc901888801ca1aca78f120bc98",
        "duration": 31883424964,
        "accuracy": 0.5081,
        "train_loss": 1.3603057631141389,
        "test_loss": 1.3665037291824438,
        "train_accuracy": 0.51536,
        "gradient_norm": 2.9999992650781357,
        "samples_per_second": 1568.2227852477133,
        "best_accuracy": 0.5081,
        "best_epoch": 1,
        "cpu_type": "x86_64",
        "cpu_count": 128,
        "total_ram_kb": 263708948.0,
        "gpu_type": "NVIDIA GeForce RTX 3090",
        "gpu_total_memory_kb": 24703168.0,
        "occupied_ram_kb": 22061428.0,
        "ram_usage_percent": 10.7,
        "cpu_usage_percent": 0.8,
        "occupied_gpu_memory_kb": 17302.0,
        "gpu_memory_usage_percent": 0.07,
        "gpu_memory_kb": 5663001.0
    },
    "training_summary": {
        "total_epochs": 1,
        "best_accuracy": 0.5081,
        "final_accuracy": 0.5081
    },
    "uid": "41869ff3f4e54357177b7c10b3ba771c"
}