{
    "config": {
        "task": "img-classification",
        "dataset": "cifar-10",
        "metric": "acc",
        "model": "GenFractalNet-d4d8233f3f9e7e1a763a356395942431"
    },
    "hyperparameters": {
        "lr": 0.01,
        "momentum": 0.95,
        "batch": 64,
        "epoch": 1,
        "transform": "norm_32_flip",
        "max_batches": null,
        "uid": "7e0d9d3a4af27bbe52d1557a4daae329",
        "duration": 34479306001,
        "accuracy": 0.5264,
        "train_loss": 1.2784909799580684,
        "test_loss": 1.285524000407784,
        "train_accuracy": 0.5293,
        "gradient_norm": 2.999999013934647,
        "samples_per_second": 1450.1551166584907,
        "best_accuracy": 0.5264,
        "best_epoch": 1,
        "cpu_type": "x86_64",
        "cpu_count": 128,
        "total_ram_kb": 263708948.0,
        "gpu_type": "NVIDIA GeForce RTX 3090",
        "gpu_total_memory_kb": 24703168.0,
        "occupied_ram_kb": 31653688.0,
        "ram_usage_percent": 16.9,
        "cpu_usage_percent": 5.3,
        "occupied_gpu_memory_kb": 37651.0,
        "gpu_memory_usage_percent": 0.15,
        "gpu_memory_kb": 4430453.0
    },
    "training_summary": {
        "total_epochs": 1,
        "best_accuracy": 0.5264,
        "final_accuracy": 0.5264
    },
    "uid": "d4d8233f3f9e7e1a763a356395942431"
}