{
    "config": {
        "task": "img-classification",
        "dataset": "cifar-10",
        "metric": "acc",
        "model": "GenFractalNet-272a4a16c6b743cb2078e344ac9fc031"
    },
    "hyperparameters": {
        "lr": 0.002,
        "momentum": 0.75,
        "batch": 64,
        "epoch": 1,
        "transform": "norm_32_flip",
        "max_batches": null,
        "uid": "6bfdc27f6d9d8f236e46fa967d0411b8",
        "duration": 35290789924,
        "accuracy": 0.3254,
        "train_loss": 1.827209573877437,
        "test_loss": 1.8271018122411837,
        "train_accuracy": 0.32028,
        "gradient_norm": 1.6448044661114567,
        "samples_per_second": 1416.8154317533335,
        "best_accuracy": 0.3254,
        "best_epoch": 1,
        "cpu_type": "x86_64",
        "cpu_count": 128,
        "total_ram_kb": 263708948.0,
        "gpu_type": "NVIDIA GeForce RTX 3090",
        "gpu_total_memory_kb": 24703168.0,
        "occupied_ram_kb": 27944552.0,
        "ram_usage_percent": 12.3,
        "cpu_usage_percent": 5.8,
        "occupied_gpu_memory_kb": 16802.5,
        "gpu_memory_usage_percent": 0.07,
        "gpu_memory_kb": 579694.5
    },
    "training_summary": {
        "total_epochs": 1,
        "best_accuracy": 0.3254,
        "final_accuracy": 0.3254
    },
    "uid": "272a4a16c6b743cb2078e344ac9fc031"
}