{
    "config": {
        "task": "img-classification",
        "dataset": "cifar-10",
        "metric": "acc",
        "model": "GenFractalNet-8a717b377ba3228997b648dccc847871"
    },
    "hyperparameters": {
        "lr": 0.001,
        "momentum": 0.9,
        "batch": 64,
        "epoch": 1,
        "transform": "norm_32_flip",
        "max_batches": null,
        "uid": "844fa18fcaaac2a828a4ea18152f334d",
        "duration": 33177790576,
        "accuracy": 0.4449,
        "train_loss": 1.5350721191872112,
        "test_loss": 1.5421010696204605,
        "train_accuracy": 0.4463,
        "gradient_norm": 1.7694178255125346,
        "samples_per_second": 1507.043442321993,
        "best_accuracy": 0.4449,
        "best_epoch": 1,
        "cpu_type": "x86_64",
        "cpu_count": 32,
        "total_ram_kb": 131724388.0,
        "gpu_type": "NVIDIA GeForce RTX 4090",
        "gpu_total_memory_kb": 24658816.0,
        "occupied_ram_kb": 17167036.0,
        "ram_usage_percent": 15.4,
        "cpu_usage_percent": 0.3,
        "occupied_gpu_memory_kb": 129703.5,
        "gpu_memory_usage_percent": 0.53,
        "gpu_memory_kb": 4585198.5
    },
    "training_summary": {
        "total_epochs": 1,
        "best_accuracy": 0.4449,
        "final_accuracy": 0.4449
    },
    "uid": "8a717b377ba3228997b648dccc847871"
}