{
    "config": {
        "task": "img-classification",
        "dataset": "cifar-10",
        "metric": "acc",
        "model": "GenFractalNet-0cb32471f2bbac51f93c6e3282ab2563"
    },
    "hyperparameters": {
        "lr": 0.005,
        "momentum": 0.95,
        "batch": 64,
        "epoch": 1,
        "transform": "norm_32_flip",
        "max_batches": null,
        "uid": "c3bab3e9931db53638d2791332ae0024",
        "duration": 34891156182,
        "accuracy": 0.4217,
        "train_loss": 1.5838939414914612,
        "test_loss": 1.60197550627836,
        "train_accuracy": 0.43028,
        "gradient_norm": 0.7543450342982332,
        "samples_per_second": 1433.0380681195782,
        "best_accuracy": 0.4217,
        "best_epoch": 1,
        "cpu_type": "x86_64",
        "cpu_count": 128,
        "total_ram_kb": 263708948.0,
        "gpu_type": "NVIDIA GeForce RTX 3090",
        "gpu_total_memory_kb": 24703168.0,
        "occupied_ram_kb": 32796064.0,
        "ram_usage_percent": 14.5,
        "cpu_usage_percent": 7.9,
        "occupied_gpu_memory_kb": 18100.0,
        "gpu_memory_usage_percent": 0.07,
        "gpu_memory_kb": 5390012.5
    },
    "training_summary": {
        "total_epochs": 1,
        "best_accuracy": 0.4217,
        "final_accuracy": 0.4217
    },
    "uid": "0cb32471f2bbac51f93c6e3282ab2563"
}