{
    "eval_args": {
        "model_package": "/home/s497466/nn-gpt/out/nngpt/llm/epoch/A0/synth_nn/B24",
        "task": "img-classification",
        "dataset": "imagenette",
        "metric": "acc",
        "prm": {
            "lr": 0.01,
            "batch": 32,
            "dropout": 0.2,
            "momentum": 0.9,
            "transform": "norm_256_flip",
            "stochastic_depth_prob": 0.0,
            "norm_eps": 1e-05,
            "norm_std": 0.5,
            "tie_weights": 0.0,
            "dropout_aux": 0.0,
            "attention_dropout": 0.0,
            "norm_momentum": 0.1,
            "score_thresh": 0.01,
            "nms_thresh": 0.45,
            "iou_thresh": 0.5,
            "detections_per_img": 0.5,
            "topk_candidates": 0.5,
            "neg_to_pos_ratio": 0.5,
            "pretrained": 0.0,
            "patch_size": 0.125,
            "epoch": 1,
            "uid": "b9095d884c36ec05935d296b86e19df1",
            "duration": 202113766780,
            "duration_seconds": 202.11,
            "accuracy": 0.2445859872611465,
            "train_stat": {
                "train_loss": 2.0080919917124054,
                "test_loss": 3.2183512463802244,
                "train_accuracy": 0.31080367515049107,
                "gradient_norm": 2.9999996872293315,
                "samples_per_second": 46.85250061403954,
                "best_accuracy": 0.2445859872611465,
                "best_epoch": 1,
                "epoch_max": 1,
                "cpu_count": 128,
                "cpu_type": "x86_64",
                "cpu_usage_percent": 11.8,
                "total_ram_kb": 1056603672.0,
                "occupied_ram_kb": 181428172.0,
                "ram_usage_percent": 17.2,
                "gpu_type": "NVIDIA L40S",
                "gpu_memory_kb": 26536169.0,
                "gpu_total_memory_kb": 46550528.0,
                "occupied_gpu_memory_kb": 353245.0,
                "gpu_memory_usage_percent": 0.76
            },
            "metric_acc": 0.2445859872611465
        }
    },
    "eval_results": {
        "checksum": "FractalFusion-2b-057ac41297c143571d995b6805d4bf62",
        "accuracy": 0.2445859872611465,
        "full_result": "('FractalFusion-2b-057ac41297c143571d995b6805d4bf62', 0.2445859872611465, 0.07153693168191147, 0.57)"
    },
    "cli_args": {
        "task": "img-classification",
        "dataset": "imagenette",
        "metric": "acc",
        "lr": 0.01,
        "batch": 32,
        "dropout": 0.2,
        "momentum": 0.9,
        "transform": "norm_256_flip"
    }
}