{
    "config": {
        "task": "img-classification",
        "dataset": "cifar-10",
        "metric": "acc",
        "model": "GenFractalNet-b4c34388d43c479e820db7ac25744e69"
    },
    "hyperparameters": {
        "lr": 0.005,
        "momentum": 0.95,
        "batch": 64,
        "epoch": 1,
        "transform": "norm_32_flip",
        "max_batches": null,
        "uid": "c3bab3e9931db53638d2791332ae0024",
        "duration": 35074011348,
        "accuracy": 0.5479,
        "train_loss": 1.2256550362805272,
        "test_loss": 1.2466748068287115,
        "train_accuracy": 0.558,
        "gradient_norm": 2.9999995865160223,
        "samples_per_second": 1425.5662658855347,
        "best_accuracy": 0.5479,
        "best_epoch": 1,
        "cpu_type": "x86_64",
        "cpu_count": 128,
        "total_ram_kb": 263708948.0,
        "gpu_type": "NVIDIA GeForce RTX 3090",
        "gpu_total_memory_kb": 24703168.0,
        "occupied_ram_kb": 34382492.0,
        "ram_usage_percent": 14.8,
        "cpu_usage_percent": 5.5,
        "occupied_gpu_memory_kb": 49290.0,
        "gpu_memory_usage_percent": 0.2,
        "gpu_memory_kb": 6272893.5
    },
    "training_summary": {
        "total_epochs": 1,
        "best_accuracy": 0.5479,
        "final_accuracy": 0.5479
    },
    "uid": "b4c34388d43c479e820db7ac25744e69"
}