{
    "config": {
        "task": "img-classification",
        "dataset": "cifar-10",
        "metric": "acc",
        "model": "GenFractalNet-8dc1872e9146d0ed2ab0f696396c8bc1"
    },
    "hyperparameters": {
        "lr": 0.003,
        "momentum": 0.92,
        "batch": 64,
        "epoch": 1,
        "transform": "norm_32_flip",
        "max_batches": null,
        "uid": "69a6050c3922e50596d976d13608a704",
        "duration": 33105958141,
        "accuracy": 0.5562,
        "train_loss": 1.2391937460435931,
        "test_loss": 1.2417180811523632,
        "train_accuracy": 0.56512,
        "gradient_norm": 2.999999310278896,
        "samples_per_second": 1510.3103787122097,
        "best_accuracy": 0.5562,
        "best_epoch": 1,
        "cpu_type": "x86_64",
        "cpu_count": 32,
        "total_ram_kb": 131724388.0,
        "gpu_type": "NVIDIA GeForce RTX 4090",
        "gpu_total_memory_kb": 24658816.0,
        "occupied_ram_kb": 17158800.0,
        "ram_usage_percent": 15.3,
        "cpu_usage_percent": 0.0,
        "occupied_gpu_memory_kb": 22449.0,
        "gpu_memory_usage_percent": 0.09,
        "gpu_memory_kb": 4082955.0
    },
    "training_summary": {
        "total_epochs": 1,
        "best_accuracy": 0.5562,
        "final_accuracy": 0.5562
    },
    "uid": "8dc1872e9146d0ed2ab0f696396c8bc1"
}