{
    "config": {
        "task": "img-classification",
        "dataset": "cifar-10",
        "metric": "acc",
        "model": "GenFractalNet-1d5e7f961d857944094fc6dde3722603"
    },
    "hyperparameters": {
        "lr": 0.01,
        "momentum": 0.9,
        "batch": 64,
        "epoch": 1,
        "transform": "norm_32_flip",
        "max_batches": null,
        "uid": "fddd85ed21879149faee86627a9f4554",
        "duration": 35070316205,
        "accuracy": 0.484,
        "train_loss": 1.422075110323289,
        "test_loss": 1.4295244140989463,
        "train_accuracy": 0.49092,
        "gradient_norm": 2.785300803709612,
        "samples_per_second": 1425.7267602475258,
        "best_accuracy": 0.484,
        "best_epoch": 1,
        "cpu_type": "x86_64",
        "cpu_count": 128,
        "total_ram_kb": 263708948.0,
        "gpu_type": "NVIDIA GeForce RTX 3090",
        "gpu_total_memory_kb": 24703168.0,
        "occupied_ram_kb": 21696780.0,
        "ram_usage_percent": 11.4,
        "cpu_usage_percent": 1.2,
        "occupied_gpu_memory_kb": 17660.5,
        "gpu_memory_usage_percent": 0.07,
        "gpu_memory_kb": 5663001.0
    },
    "training_summary": {
        "total_epochs": 1,
        "best_accuracy": 0.484,
        "final_accuracy": 0.484
    },
    "uid": "1d5e7f961d857944094fc6dde3722603"
}