{
    "config": {
        "task": "img-classification",
        "dataset": "cifar-10",
        "metric": "acc",
        "model": "GenFractalNet-c4d9353705b3f7254e10fc27450200b5"
    },
    "hyperparameters": {
        "lr": 0.003,
        "momentum": 0.8,
        "batch": 64,
        "epoch": 1,
        "transform": "norm_32_flip",
        "max_batches": null,
        "uid": "ee92ba477c9167c48f5eac9c5b9e4293",
        "duration": 36838756380,
        "accuracy": 0.5365,
        "train_loss": 1.388063280402547,
        "test_loss": 1.3906532210908877,
        "train_accuracy": 0.5405,
        "gradient_norm": 1.067504688158042,
        "samples_per_second": 1357.2785617023103,
        "best_accuracy": 0.5365,
        "best_epoch": 1,
        "cpu_type": "x86_64",
        "cpu_count": 32,
        "total_ram_kb": 131724388.0,
        "gpu_type": "NVIDIA GeForce RTX 3090",
        "gpu_total_memory_kb": 24703168.0,
        "occupied_ram_kb": 17427588.0,
        "ram_usage_percent": 15.5,
        "cpu_usage_percent": 0.0,
        "occupied_gpu_memory_kb": 36832.0,
        "gpu_memory_usage_percent": 0.15,
        "gpu_memory_kb": 6268638.0
    },
    "training_summary": {
        "total_epochs": 1,
        "best_accuracy": 0.5365,
        "final_accuracy": 0.5365
    },
    "uid": "c4d9353705b3f7254e10fc27450200b5"
}