{
    "config": {
        "task": "img-classification",
        "dataset": "cifar-10",
        "metric": "acc",
        "model": "GenFractalNet-ae32a338fdf60f27b9980c212582d775"
    },
    "hyperparameters": {
        "lr": 0.01,
        "momentum": 0.85,
        "batch": 64,
        "epoch": 1,
        "transform": "norm_32_flip",
        "max_batches": null,
        "uid": "9a0ac318ff9595fe2f49aa22f8b190c4",
        "duration": 42612558658,
        "accuracy": 0.5233,
        "train_loss": 1.3126907804433037,
        "test_loss": 1.3250849125491586,
        "train_accuracy": 0.52476,
        "gradient_norm": 0.15564592109246317,
        "samples_per_second": 1173.3717105108728,
        "best_accuracy": 0.5233,
        "best_epoch": 1,
        "cpu_type": "x86_64",
        "cpu_count": 128,
        "total_ram_kb": 263708948.0,
        "gpu_type": "NVIDIA GeForce RTX 3090",
        "gpu_total_memory_kb": 24703168.0,
        "occupied_ram_kb": 39766428.0,
        "ram_usage_percent": 19.9,
        "cpu_usage_percent": 3.6,
        "occupied_gpu_memory_kb": 45713.0,
        "gpu_memory_usage_percent": 0.19,
        "gpu_memory_kb": 4430453.0
    },
    "training_summary": {
        "total_epochs": 1,
        "best_accuracy": 0.5233,
        "final_accuracy": 0.5233
    },
    "uid": "ae32a338fdf60f27b9980c212582d775"
}