{
    "eval_args": {
        "model_package": "/home/s497466/nn-gpt/out/nngpt/llm/epoch/A0/synth_nn/B80",
        "task": "img-classification",
        "dataset": "imagenette",
        "metric": "acc",
        "prm": {
            "lr": 0.01,
            "batch": 32,
            "dropout": 0.2,
            "momentum": 0.9,
            "transform": "norm_256_flip",
            "stochastic_depth_prob": 0.0,
            "norm_eps": 1e-05,
            "norm_std": 0.5,
            "tie_weights": 0.0,
            "dropout_aux": 0.0,
            "attention_dropout": 0.0,
            "norm_momentum": 0.1,
            "score_thresh": 0.01,
            "nms_thresh": 0.45,
            "iou_thresh": 0.5,
            "detections_per_img": 0.5,
            "topk_candidates": 0.5,
            "neg_to_pos_ratio": 0.5,
            "pretrained": 0.0,
            "patch_size": 0.125,
            "epoch": 1,
            "uid": "b9095d884c36ec05935d296b86e19df1",
            "duration": 297905594562,
            "duration_seconds": 297.91,
            "accuracy": 0.2494267515923567,
            "train_stat": {
                "train_loss": 1.885216537870491,
                "test_loss": 3.144968495136354,
                "train_accuracy": 0.3504065899250185,
                "gradient_norm": 2.999999758201804,
                "samples_per_second": 31.786299622666245,
                "best_accuracy": 0.2494267515923567,
                "best_epoch": 1,
                "epoch_max": 1,
                "cpu_count": 128,
                "cpu_type": "x86_64",
                "cpu_usage_percent": 1.5,
                "total_ram_kb": 527801156.0,
                "occupied_ram_kb": 48456348.0,
                "ram_usage_percent": 9.2,
                "gpu_type": "NVIDIA L40",
                "gpu_memory_kb": 26754218.5,
                "gpu_total_memory_kb": 49677504.0,
                "occupied_gpu_memory_kb": 373618.0,
                "gpu_memory_usage_percent": 0.75
            },
            "metric_acc": 0.2494267515923567
        }
    },
    "eval_results": {
        "checksum": "FractalFusion-1b-e8b4f99e21e961c187a083f8e183fa85",
        "accuracy": 0.2494267515923567,
        "full_result": "('FractalFusion-1b-e8b4f99e21e961c187a083f8e183fa85', 0.2494267515923567, 0.05015909547185696, 0.59)"
    },
    "cli_args": {
        "task": "img-classification",
        "dataset": "imagenette",
        "metric": "acc",
        "lr": 0.01,
        "batch": 32,
        "dropout": 0.2,
        "momentum": 0.9,
        "transform": "norm_256_flip"
    }
}