{
    "eval_args": {
        "model_package": "/home/s497466/nn-gpt/out/nngpt/llm/epoch/A0/synth_nn/B9",
        "task": "img-classification",
        "dataset": "imagenette",
        "metric": "acc",
        "prm": {
            "lr": 0.01,
            "batch": 32,
            "dropout": 0.2,
            "momentum": 0.9,
            "transform": "norm_256_flip",
            "stochastic_depth_prob": 0.0,
            "norm_eps": 1e-05,
            "norm_std": 0.5,
            "tie_weights": 0.0,
            "dropout_aux": 0.0,
            "attention_dropout": 0.0,
            "norm_momentum": 0.1,
            "score_thresh": 0.01,
            "nms_thresh": 0.45,
            "iou_thresh": 0.5,
            "detections_per_img": 0.5,
            "topk_candidates": 0.5,
            "neg_to_pos_ratio": 0.5,
            "pretrained": 0.0,
            "patch_size": 0.125,
            "epoch": 1,
            "uid": "b9095d884c36ec05935d296b86e19df1",
            "duration": 142863794152,
            "duration_seconds": 142.86,
            "accuracy": 0.30547770700636945,
            "train_stat": {
                "train_loss": 2.136412789330889,
                "test_loss": 2.4963745266441406,
                "train_accuracy": 0.2777484422853522,
                "gradient_norm": 2.9999998277382725,
                "samples_per_second": 66.2839975264383,
                "best_accuracy": 0.30547770700636945,
                "best_epoch": 1,
                "epoch_max": 1,
                "cpu_count": 128,
                "cpu_type": "x86_64",
                "cpu_usage_percent": 0.6,
                "total_ram_kb": 527801156.0,
                "occupied_ram_kb": 41664552.0,
                "ram_usage_percent": 7.9,
                "gpu_type": "NVIDIA L40",
                "gpu_memory_kb": 16881300.0,
                "gpu_total_memory_kb": 49677504.0,
                "occupied_gpu_memory_kb": 332679.5,
                "gpu_memory_usage_percent": 0.67
            },
            "metric_acc": 0.30547770700636945
        }
    },
    "eval_results": {
        "checksum": "FractalFusion-1b-5f57a3d218341224d136eb51c405f3f1",
        "accuracy": 0.30547770700636945,
        "full_result": "('FractalFusion-1b-5f57a3d218341224d136eb51c405f3f1', 0.30547770700636945, 0.14382769842144286, 0.59)"
    },
    "cli_args": {
        "task": "img-classification",
        "dataset": "imagenette",
        "metric": "acc",
        "lr": 0.01,
        "batch": 32,
        "dropout": 0.2,
        "momentum": 0.9,
        "transform": "norm_256_flip"
    }
}