{
    "config": {
        "task": "img-classification",
        "dataset": "cifar-10",
        "metric": "acc",
        "model": "GenFractalNet-7b58617309549684005ea6e0e8b6ec92"
    },
    "hyperparameters": {
        "lr": 0.01,
        "momentum": 0.9,
        "batch": 64,
        "epoch": 1,
        "transform": "norm_32_flip",
        "max_batches": null,
        "uid": "fddd85ed21879149faee86627a9f4554",
        "duration": 30758662661,
        "accuracy": 0.4399,
        "train_loss": 1.5033113194243681,
        "test_loss": 1.5031502489831037,
        "train_accuracy": 0.43656,
        "gradient_norm": 1.148094633435317,
        "samples_per_second": 1625.568750442537,
        "best_accuracy": 0.4399,
        "best_epoch": 1,
        "cpu_type": "x86_64",
        "cpu_count": 128,
        "total_ram_kb": 263708948.0,
        "gpu_type": "NVIDIA GeForce RTX 3090",
        "gpu_total_memory_kb": 24703168.0,
        "occupied_ram_kb": 16875692.0,
        "ram_usage_percent": 8.1,
        "cpu_usage_percent": 0.3,
        "occupied_gpu_memory_kb": 17990.0,
        "gpu_memory_usage_percent": 0.07,
        "gpu_memory_kb": 4694452.5
    },
    "training_summary": {
        "total_epochs": 1,
        "best_accuracy": 0.4399,
        "final_accuracy": 0.4399
    },
    "uid": "7b58617309549684005ea6e0e8b6ec92"
}