{
    "config": {
        "task": "img-classification",
        "dataset": "cifar-10",
        "metric": "acc",
        "model": "GenFractalNet-5de2410394ad9724666b249e0ad2e835"
    },
    "hyperparameters": {
        "lr": 0.01,
        "momentum": 0.8,
        "batch": 64,
        "epoch": 1,
        "transform": "norm_32_flip",
        "max_batches": null,
        "uid": "cac9e1582511f93cefcb9518dad95595",
        "duration": 34935571278,
        "accuracy": 0.6009,
        "train_loss": 1.0890057050358608,
        "test_loss": 1.1131174788353548,
        "train_accuracy": 0.61154,
        "gradient_norm": 1.1936721028789754,
        "samples_per_second": 1431.2152453497222,
        "best_accuracy": 0.6009,
        "best_epoch": 1,
        "cpu_type": "x86_64",
        "cpu_count": 128,
        "total_ram_kb": 263708948.0,
        "gpu_type": "NVIDIA GeForce RTX 3090",
        "gpu_total_memory_kb": 24703168.0,
        "occupied_ram_kb": 33091416.0,
        "ram_usage_percent": 14.3,
        "cpu_usage_percent": 5.6,
        "occupied_gpu_memory_kb": 18158.0,
        "gpu_memory_usage_percent": 0.07,
        "gpu_memory_kb": 5390012.5
    },
    "training_summary": {
        "total_epochs": 1,
        "best_accuracy": 0.6009,
        "final_accuracy": 0.6009
    },
    "uid": "5de2410394ad9724666b249e0ad2e835"
}