{
    "config": {
        "task": "img-classification",
        "dataset": "cifar-10",
        "metric": "acc",
        "model": "GenFractalNet-75f843e7ca090b764b1d5d4f32987af8"
    },
    "hyperparameters": {
        "lr": 0.01,
        "momentum": 0.75,
        "batch": 64,
        "epoch": 1,
        "transform": "norm_32_flip",
        "max_batches": null,
        "uid": "d091050f01990917d03203023019d417",
        "duration": 37641839583,
        "accuracy": 0.1844,
        "train_loss": 2.0065156139071334,
        "test_loss": 2.005028471825229,
        "train_accuracy": 0.1876,
        "gradient_norm": 0.296405171905724,
        "samples_per_second": 1328.3251996283302,
        "best_accuracy": 0.1844,
        "best_epoch": 1,
        "cpu_type": "x86_64",
        "cpu_count": 32,
        "total_ram_kb": 131724388.0,
        "gpu_type": "NVIDIA GeForce RTX 4090",
        "gpu_total_memory_kb": 24658816.0,
        "occupied_ram_kb": 21830100.0,
        "ram_usage_percent": 22.3,
        "cpu_usage_percent": 3.7,
        "occupied_gpu_memory_kb": 129075.5,
        "gpu_memory_usage_percent": 0.52,
        "gpu_memory_kb": 5139160.0
    },
    "training_summary": {
        "total_epochs": 1,
        "best_accuracy": 0.1844,
        "final_accuracy": 0.1844
    },
    "uid": "75f843e7ca090b764b1d5d4f32987af8"
}