{
    "config": {
        "task": "img-classification",
        "dataset": "cifar-10",
        "metric": "acc",
        "model": "GenFractalNet-2333d2a55f0765c12e9f7fc7af69fa19"
    },
    "hyperparameters": {
        "lr": 0.001,
        "momentum": 0.92,
        "batch": 64,
        "epoch": 1,
        "transform": "norm_32_flip",
        "max_batches": null,
        "uid": "54e9167499a10144dbbbdd76b20bb2cc",
        "duration": 36786623816,
        "accuracy": 0.4948,
        "train_loss": 1.369020645270872,
        "test_loss": 1.367799088453791,
        "train_accuracy": 0.49588,
        "gradient_norm": 0.7751653006798994,
        "samples_per_second": 1359.2048893661888,
        "best_accuracy": 0.4948,
        "best_epoch": 1,
        "cpu_type": "x86_64",
        "cpu_count": 32,
        "total_ram_kb": 131724388.0,
        "gpu_type": "NVIDIA GeForce RTX 3090",
        "gpu_total_memory_kb": 24703168.0,
        "occupied_ram_kb": 17373152.0,
        "ram_usage_percent": 15.5,
        "cpu_usage_percent": 0.3,
        "occupied_gpu_memory_kb": 47277.0,
        "gpu_memory_usage_percent": 0.19,
        "gpu_memory_kb": 5338498.0
    },
    "training_summary": {
        "total_epochs": 1,
        "best_accuracy": 0.4948,
        "final_accuracy": 0.4948
    },
    "uid": "2333d2a55f0765c12e9f7fc7af69fa19"
}