{
    "config": {
        "task": "img-classification",
        "dataset": "cifar-10",
        "metric": "acc",
        "model": "GenFractalNet-22f7ee9224f73f8d07b1e14bde89019e"
    },
    "hyperparameters": {
        "lr": 0.01,
        "momentum": 0.75,
        "batch": 64,
        "epoch": 1,
        "transform": "norm_32_flip",
        "max_batches": null,
        "uid": "d091050f01990917d03203023019d417",
        "duration": 31460949907,
        "accuracy": 0.4301,
        "train_loss": 1.6914090029418927,
        "test_loss": 1.6944301500441923,
        "train_accuracy": 0.42764,
        "gradient_norm": 1.7512715131220598,
        "samples_per_second": 1589.2845614629662,
        "best_accuracy": 0.4301,
        "best_epoch": 1,
        "cpu_type": "x86_64",
        "cpu_count": 128,
        "total_ram_kb": 263708948.0,
        "gpu_type": "NVIDIA GeForce RTX 3090",
        "gpu_total_memory_kb": 24703168.0,
        "occupied_ram_kb": 17080112.0,
        "ram_usage_percent": 8.1,
        "cpu_usage_percent": 0.0,
        "occupied_gpu_memory_kb": 18300.0,
        "gpu_memory_usage_percent": 0.07,
        "gpu_memory_kb": 6194557.5
    },
    "training_summary": {
        "total_epochs": 1,
        "best_accuracy": 0.4301,
        "final_accuracy": 0.4301
    },
    "uid": "22f7ee9224f73f8d07b1e14bde89019e"
}