{
    "config": {
        "task": "img-classification",
        "dataset": "cifar-10",
        "metric": "acc",
        "model": "GenFractalNet-5f89611e3a144ae848c0132d803d3549"
    },
    "hyperparameters": {
        "lr": 0.01,
        "momentum": 0.75,
        "batch": 64,
        "epoch": 1,
        "transform": "norm_32_flip",
        "max_batches": null,
        "uid": "d091050f01990917d03203023019d417",
        "duration": 31857578169,
        "accuracy": 0.5386,
        "train_loss": 1.2648915772700249,
        "test_loss": 1.2727913818541605,
        "train_accuracy": 0.54252,
        "gradient_norm": 0.9034477826893712,
        "samples_per_second": 1569.4958224168442,
        "best_accuracy": 0.5386,
        "best_epoch": 1,
        "cpu_type": "x86_64",
        "cpu_count": 128,
        "total_ram_kb": 263708948.0,
        "gpu_type": "NVIDIA GeForce RTX 3090",
        "gpu_total_memory_kb": 24703168.0,
        "occupied_ram_kb": 21431392.0,
        "ram_usage_percent": 11.2,
        "cpu_usage_percent": 1.2,
        "occupied_gpu_memory_kb": 42953.0,
        "gpu_memory_usage_percent": 0.17,
        "gpu_memory_kb": 6318687.0
    },
    "training_summary": {
        "total_epochs": 1,
        "best_accuracy": 0.5386,
        "final_accuracy": 0.5386
    },
    "uid": "5f89611e3a144ae848c0132d803d3549"
}