{
    "config": {
        "task": "img-classification",
        "dataset": "cifar-10",
        "metric": "acc",
        "model": "GenFractalNet-47c7f749df9ec27775a75070012ac9cd"
    },
    "hyperparameters": {
        "lr": 0.01,
        "momentum": 0.95,
        "batch": 64,
        "epoch": 1,
        "transform": "norm_32_flip",
        "max_batches": null,
        "uid": "7e0d9d3a4af27bbe52d1557a4daae329",
        "duration": 33269976725,
        "accuracy": 0.3534,
        "train_loss": 1.6730350138586196,
        "test_loss": 1.6665138621239146,
        "train_accuracy": 0.34888,
        "gradient_norm": 0.6855817475657998,
        "samples_per_second": 1502.864912193662,
        "best_accuracy": 0.3534,
        "best_epoch": 1,
        "cpu_type": "x86_64",
        "cpu_count": 32,
        "total_ram_kb": 131724388.0,
        "gpu_type": "NVIDIA GeForce RTX 3090",
        "gpu_total_memory_kb": 24703168.0,
        "occupied_ram_kb": 17491720.0,
        "ram_usage_percent": 15.6,
        "cpu_usage_percent": 4.7,
        "occupied_gpu_memory_kb": 18316.0,
        "gpu_memory_usage_percent": 0.07,
        "gpu_memory_kb": 5558673.5
    },
    "training_summary": {
        "total_epochs": 1,
        "best_accuracy": 0.3534,
        "final_accuracy": 0.3534
    },
    "uid": "47c7f749df9ec27775a75070012ac9cd"
}