{
    "eval_args": {
        "model_package": "/home/ghaffar/nn-dataset/scratch/auto_train_loop/run_Blip2Fast-A0-B0/Blip2Fast-A0-B0",
        "task": "img-captioning",
        "dataset": "coco",
        "metric": "bleu",
        "prm": {
            "lr": 0.0001,
            "batch": 32,
            "dropout": 0.2,
            "momentum": 0.9,
            "transform": "cached_blip2",
            "epoch": 5,
            "limit": 7000,
            "num_workers": 8,
            "pin_memory": false,
            "feature_cache_dir": null,
            "feature_cache_mode": "read",
            "freeze_gpt2": false,
            "uid": "33bb0ad5ed9981d28f52ef070fccf096",
            "duration": 2304923097281,
            "accuracy": 0.04240599548193867,
            "train_loss": 1.3399698108732943,
            "test_loss": 1.1082847900688648,
            "train_accuracy": 0.0,
            "gradient_norm": 0.9999994040572512,
            "samples_per_second": 253.1673151979165,
            "best_accuracy": 0.04616704409502678,
            "best_epoch": 3,
            "cpu_type": "x86_64",
            "cpu_count": 16,
            "total_ram_kb": 31935912.0,
            "gpu_type": "NVIDIA GeForce RTX 4090",
            "gpu_total_memory_kb": 24635840.0,
            "occupied_ram_kb": 24672124.0,
            "ram_usage_percent": 78.9,
            "cpu_usage_percent": 16.4,
            "occupied_gpu_memory_kb": 4622340.0,
            "gpu_memory_usage_percent": 18.76,
            "gpu_memory_kb": 8118334.0,
            "metric_bleu": 0.04240599548193867
        }
    },
    "eval_results": [
        "8671b21e1d209e8a79e84b374b2d63a1",
        0.04240599548193867,
        0.001796415486954129,
        0.98
    ],
    "cli_args": {
        "task": "img-captioning",
        "dataset": "coco",
        "metric": "bleu"
    }
}