{
    "eval_args": {
        "model_package": "/home/s497466/nn-gpt/out/nngpt/llm/epoch/A0/synth_nn/B89",
        "task": "img-classification",
        "dataset": "imagenette",
        "metric": "acc",
        "prm": {
            "lr": 0.01,
            "batch": 32,
            "dropout": 0.2,
            "momentum": 0.9,
            "transform": "norm_256_flip",
            "stochastic_depth_prob": 0.0,
            "norm_eps": 1e-05,
            "norm_std": 0.5,
            "tie_weights": 0.0,
            "dropout_aux": 0.0,
            "attention_dropout": 0.0,
            "norm_momentum": 0.1,
            "score_thresh": 0.01,
            "nms_thresh": 0.45,
            "iou_thresh": 0.5,
            "detections_per_img": 0.5,
            "topk_candidates": 0.5,
            "neg_to_pos_ratio": 0.5,
            "pretrained": 0.0,
            "patch_size": 0.125,
            "epoch": 1,
            "uid": "b9095d884c36ec05935d296b86e19df1",
            "duration": 191618172358,
            "duration_seconds": 191.62,
            "accuracy": 0.38369426751592356,
            "train_stat": {
                "train_loss": 1.7781717313961263,
                "test_loss": 2.0749072689351027,
                "train_accuracy": 0.39286091456331185,
                "gradient_norm": 2.99999980983309,
                "samples_per_second": 49.41849439010617,
                "best_accuracy": 0.38369426751592356,
                "best_epoch": 1,
                "epoch_max": 1,
                "cpu_count": 128,
                "cpu_type": "x86_64",
                "cpu_usage_percent": 31.9,
                "total_ram_kb": 1056603668.0,
                "occupied_ram_kb": 166902648.0,
                "ram_usage_percent": 15.8,
                "gpu_type": "NVIDIA L40S",
                "gpu_memory_kb": 27318589.0,
                "gpu_total_memory_kb": 46550528.0,
                "occupied_gpu_memory_kb": 336022.0,
                "gpu_memory_usage_percent": 0.72
            },
            "metric_acc": 0.38369426751592356
        }
    },
    "eval_results": {
        "checksum": "FractalFusion-4b-77da4425d1d89f40b6e6e85a7ceaaad4",
        "accuracy": 0.38369426751592356,
        "full_result": "('FractalFusion-4b-77da4425d1d89f40b6e6e85a7ceaaad4', 0.38369426751592356, 0.14805185960436876, 0.57)"
    },
    "cli_args": {
        "task": "img-classification",
        "dataset": "imagenette",
        "metric": "acc",
        "lr": 0.01,
        "batch": 32,
        "dropout": 0.2,
        "momentum": 0.9,
        "transform": "norm_256_flip"
    }
}