{
    "config": {
        "task": "img-classification",
        "dataset": "cifar-10",
        "metric": "acc",
        "model": "GenFractalNet-0633fb7c998e86e2bee1191f0d07a0d6"
    },
    "hyperparameters": {
        "lr": 0.01,
        "momentum": 0.9,
        "batch": 64,
        "epoch": 1,
        "transform": "norm_32_flip",
        "max_batches": null,
        "uid": "fddd85ed21879149faee86627a9f4554",
        "duration": 36065931315,
        "accuracy": 0.4376,
        "train_loss": 1.55136685694575,
        "test_loss": 1.5463206456725005,
        "train_accuracy": 0.43326,
        "gradient_norm": 0.30348839388920185,
        "samples_per_second": 1386.3590157078074,
        "best_accuracy": 0.4376,
        "best_epoch": 1,
        "cpu_type": "x86_64",
        "cpu_count": 128,
        "total_ram_kb": 263708948.0,
        "gpu_type": "NVIDIA GeForce RTX 3090",
        "gpu_total_memory_kb": 24703168.0,
        "occupied_ram_kb": 19396236.0,
        "ram_usage_percent": 9.1,
        "cpu_usage_percent": 0.8,
        "occupied_gpu_memory_kb": 112417.5,
        "gpu_memory_usage_percent": 0.46,
        "gpu_memory_kb": 5543975.0
    },
    "training_summary": {
        "total_epochs": 1,
        "best_accuracy": 0.4376,
        "final_accuracy": 0.4376
    },
    "uid": "0633fb7c998e86e2bee1191f0d07a0d6"
}