{
    "config": {
        "task": "img-classification",
        "dataset": "cifar-10",
        "metric": "acc",
        "model": "GenFractalNet-80da3aa300c5c7cb574622efc2f0f614"
    },
    "hyperparameters": {
        "lr": 0.003,
        "momentum": 0.92,
        "batch": 64,
        "epoch": 1,
        "transform": "norm_32_flip",
        "max_batches": null,
        "uid": "69a6050c3922e50596d976d13608a704",
        "duration": 36191757306,
        "accuracy": 0.6002,
        "train_loss": 1.0638758569117397,
        "test_loss": 1.0871715036926755,
        "train_accuracy": 0.61038,
        "gradient_norm": 2.2345947306783387,
        "samples_per_second": 1381.547185389579,
        "best_accuracy": 0.6002,
        "best_epoch": 1,
        "cpu_type": "x86_64",
        "cpu_count": 128,
        "total_ram_kb": 263708948.0,
        "gpu_type": "NVIDIA GeForce RTX 3090",
        "gpu_total_memory_kb": 24703168.0,
        "occupied_ram_kb": 20982112.0,
        "ram_usage_percent": 11.1,
        "cpu_usage_percent": 0.8,
        "occupied_gpu_memory_kb": 20832.0,
        "gpu_memory_usage_percent": 0.08,
        "gpu_memory_kb": 5087960.0
    },
    "training_summary": {
        "total_epochs": 1,
        "best_accuracy": 0.6002,
        "final_accuracy": 0.6002
    },
    "uid": "80da3aa300c5c7cb574622efc2f0f614"
}