{
    "config": {
        "task": "img-classification",
        "dataset": "cifar-10",
        "metric": "acc",
        "model": "GenFractalNet-b1b9e774ff0a3d8577c97de5a4360f3d"
    },
    "hyperparameters": {
        "lr": 0.01,
        "momentum": 0.92,
        "batch": 64,
        "epoch": 1,
        "transform": "norm_32_flip",
        "max_batches": null,
        "uid": "fb90a55754624e15cc974013a9a25d1f",
        "duration": 35213150927,
        "accuracy": 0.6186,
        "train_loss": 1.0497186618387853,
        "test_loss": 1.0645974536610257,
        "train_accuracy": 0.6244,
        "gradient_norm": 0.764856159850317,
        "samples_per_second": 1419.9334938803156,
        "best_accuracy": 0.6186,
        "best_epoch": 1,
        "cpu_type": "x86_64",
        "cpu_count": 128,
        "total_ram_kb": 263708948.0,
        "gpu_type": "NVIDIA GeForce RTX 3090",
        "gpu_total_memory_kb": 24703168.0,
        "occupied_ram_kb": 31353256.0,
        "ram_usage_percent": 13.7,
        "cpu_usage_percent": 6.4,
        "occupied_gpu_memory_kb": 46391.5,
        "gpu_memory_usage_percent": 0.19,
        "gpu_memory_kb": 6272893.5
    },
    "training_summary": {
        "total_epochs": 1,
        "best_accuracy": 0.6186,
        "final_accuracy": 0.6186
    },
    "uid": "b1b9e774ff0a3d8577c97de5a4360f3d"
}