{
    "config": {
        "task": "img-classification",
        "dataset": "cifar-10",
        "metric": "acc",
        "model": "GenFractalNet-76d72597b2aee531b1e51c384b4ec5d0"
    },
    "hyperparameters": {
        "lr": 0.001,
        "momentum": 0.95,
        "batch": 64,
        "epoch": 1,
        "transform": "norm_32_flip",
        "max_batches": null,
        "uid": "413233aa5202d01e749eded26a1af0b4",
        "duration": 35968759072,
        "accuracy": 0.4469,
        "train_loss": 1.5039626594699558,
        "test_loss": 1.510998337891451,
        "train_accuracy": 0.44822,
        "gradient_norm": 2.999999541127957,
        "samples_per_second": 1390.1036243380242,
        "best_accuracy": 0.4469,
        "best_epoch": 1,
        "cpu_type": "x86_64",
        "cpu_count": 128,
        "total_ram_kb": 263708948.0,
        "gpu_type": "NVIDIA GeForce RTX 3090",
        "gpu_total_memory_kb": 24703168.0,
        "occupied_ram_kb": 32761476.0,
        "ram_usage_percent": 14.2,
        "cpu_usage_percent": 4.6,
        "occupied_gpu_memory_kb": 18641.0,
        "gpu_memory_usage_percent": 0.08,
        "gpu_memory_kb": 5636869.0
    },
    "training_summary": {
        "total_epochs": 1,
        "best_accuracy": 0.4469,
        "final_accuracy": 0.4469
    },
    "uid": "76d72597b2aee531b1e51c384b4ec5d0"
}