{
    "config": {
        "task": "img-classification",
        "dataset": "cifar-10",
        "metric": "acc",
        "model": "GenFractalNet-817bb65506eaaf9028ce29695e3de246"
    },
    "hyperparameters": {
        "lr": 0.002,
        "momentum": 0.9,
        "batch": 64,
        "epoch": 1,
        "transform": "norm_32_flip",
        "max_batches": null,
        "uid": "bba767d4cfa94763af48f9c07782c09a",
        "duration": 33380964582,
        "accuracy": 0.2971,
        "train_loss": 1.8588515779246455,
        "test_loss": 1.8572922056647623,
        "train_accuracy": 0.29362,
        "gradient_norm": 1.1284012658721327,
        "samples_per_second": 1497.876239409366,
        "best_accuracy": 0.2971,
        "best_epoch": 1,
        "cpu_type": "x86_64",
        "cpu_count": 32,
        "total_ram_kb": 131724388.0,
        "gpu_type": "NVIDIA GeForce RTX 3090",
        "gpu_total_memory_kb": 24703168.0,
        "occupied_ram_kb": 17259836.0,
        "ram_usage_percent": 15.4,
        "cpu_usage_percent": 0.3,
        "occupied_gpu_memory_kb": 17662.5,
        "gpu_memory_usage_percent": 0.07,
        "gpu_memory_kb": 4036321.5
    },
    "training_summary": {
        "total_epochs": 1,
        "best_accuracy": 0.2971,
        "final_accuracy": 0.2971
    },
    "uid": "817bb65506eaaf9028ce29695e3de246"
}