{
    "config": {
        "task": "img-classification",
        "dataset": "cifar-10",
        "metric": "acc",
        "model": "GenFractalNet-709cad88b818482cc00b440f182966db"
    },
    "hyperparameters": {
        "lr": 0.01,
        "momentum": 0.8,
        "batch": 64,
        "epoch": 1,
        "transform": "norm_32_flip",
        "max_batches": null,
        "uid": "cac9e1582511f93cefcb9518dad95595",
        "duration": 31425935676,
        "accuracy": 0.5043,
        "train_loss": 1.3525357565001759,
        "test_loss": 1.3570891444090825,
        "train_accuracy": 0.50654,
        "gradient_norm": 1.6598495321409286,
        "samples_per_second": 1591.0523123541138,
        "best_accuracy": 0.5043,
        "best_epoch": 1,
        "cpu_type": "x86_64",
        "cpu_count": 128,
        "total_ram_kb": 263708948.0,
        "gpu_type": "NVIDIA GeForce RTX 3090",
        "gpu_total_memory_kb": 24703168.0,
        "occupied_ram_kb": 19545036.0,
        "ram_usage_percent": 9.0,
        "cpu_usage_percent": 1.3,
        "occupied_gpu_memory_kb": 18003.0,
        "gpu_memory_usage_percent": 0.07,
        "gpu_memory_kb": 6245014.5
    },
    "training_summary": {
        "total_epochs": 1,
        "best_accuracy": 0.5043,
        "final_accuracy": 0.5043
    },
    "uid": "709cad88b818482cc00b440f182966db"
}