{
    "config": {
        "task": "img-classification",
        "dataset": "cifar-10",
        "metric": "acc",
        "model": "GenFractalNet-5f793173cba24012312b1c1327acfbe5"
    },
    "hyperparameters": {
        "lr": 0.002,
        "momentum": 0.92,
        "batch": 64,
        "epoch": 1,
        "transform": "norm_32_flip",
        "max_batches": null,
        "uid": "fdc3164628af2fb61d044e254a1789b9",
        "duration": 34277978282,
        "accuracy": 0.3586,
        "train_loss": 1.7419143881639252,
        "test_loss": 1.730691426878522,
        "train_accuracy": 0.35146,
        "gradient_norm": 0.3584588228572219,
        "samples_per_second": 1458.6722567256204,
        "best_accuracy": 0.3586,
        "best_epoch": 1,
        "cpu_type": "x86_64",
        "cpu_count": 32,
        "total_ram_kb": 131724388.0,
        "gpu_type": "NVIDIA GeForce RTX 4090",
        "gpu_total_memory_kb": 24658816.0,
        "occupied_ram_kb": 17409060.0,
        "ram_usage_percent": 15.5,
        "cpu_usage_percent": 0.0,
        "occupied_gpu_memory_kb": 23586.5,
        "gpu_memory_usage_percent": 0.1,
        "gpu_memory_kb": 5660059.5
    },
    "training_summary": {
        "total_epochs": 1,
        "best_accuracy": 0.3586,
        "final_accuracy": 0.3586
    },
    "uid": "5f793173cba24012312b1c1327acfbe5"
}