{
    "config": {
        "task": "img-classification",
        "dataset": "cifar-10",
        "metric": "acc",
        "model": "GenFractalNet-c81e6d610eef79d3672f2076d8ee09ab"
    },
    "hyperparameters": {
        "lr": 0.003,
        "momentum": 0.75,
        "batch": 64,
        "epoch": 1,
        "transform": "norm_32_flip",
        "max_batches": null,
        "uid": "a63387910132d79fd15b7eb6df3c7f86",
        "duration": 44672804487,
        "accuracy": 0.4217,
        "train_loss": 1.5641843367110737,
        "test_loss": 1.5569054245189498,
        "train_accuracy": 0.42074,
        "gradient_norm": 2.684226079530639,
        "samples_per_second": 1119.2648438205852,
        "best_accuracy": 0.4217,
        "best_epoch": 1,
        "cpu_type": "x86_64",
        "cpu_count": 128,
        "total_ram_kb": 263708948.0,
        "gpu_type": "NVIDIA GeForce RTX 3090",
        "gpu_total_memory_kb": 24703168.0,
        "occupied_ram_kb": 29151660.0,
        "ram_usage_percent": 12.8,
        "cpu_usage_percent": 0.6,
        "occupied_gpu_memory_kb": 122990.5,
        "gpu_memory_usage_percent": 0.5,
        "gpu_memory_kb": 3607862.0
    },
    "training_summary": {
        "total_epochs": 1,
        "best_accuracy": 0.4217,
        "final_accuracy": 0.4217
    },
    "uid": "c81e6d610eef79d3672f2076d8ee09ab"
}