{
    "config": {
        "task": "img-classification",
        "dataset": "cifar-10",
        "metric": "acc",
        "model": "GenFractalNet-dc52d971c65f049f3cf617925c55b74a"
    },
    "hyperparameters": {
        "lr": 0.01,
        "momentum": 0.92,
        "batch": 64,
        "epoch": 1,
        "transform": "norm_32_flip",
        "max_batches": null,
        "uid": "fb90a55754624e15cc974013a9a25d1f",
        "duration": 34839511471,
        "accuracy": 0.3675,
        "train_loss": 1.6643668498529498,
        "test_loss": 1.6659577712891207,
        "train_accuracy": 0.36498,
        "gradient_norm": 2.480769669202244,
        "samples_per_second": 1435.1705731089482,
        "best_accuracy": 0.3675,
        "best_epoch": 1,
        "cpu_type": "x86_64",
        "cpu_count": 128,
        "total_ram_kb": 263708948.0,
        "gpu_type": "NVIDIA GeForce RTX 3090",
        "gpu_total_memory_kb": 24703168.0,
        "occupied_ram_kb": 21577576.0,
        "ram_usage_percent": 11.3,
        "cpu_usage_percent": 0.9,
        "occupied_gpu_memory_kb": 17476.0,
        "gpu_memory_usage_percent": 0.07,
        "gpu_memory_kb": 5663001.0
    },
    "training_summary": {
        "total_epochs": 1,
        "best_accuracy": 0.3675,
        "final_accuracy": 0.3675
    },
    "uid": "dc52d971c65f049f3cf617925c55b74a"
}