{
    "config": {
        "task": "img-classification",
        "dataset": "cifar-10",
        "metric": "acc",
        "model": "GenFractalNet-2d84c673b3ba1d2d8344eb260f755484"
    },
    "hyperparameters": {
        "lr": 0.01,
        "momentum": 0.95,
        "batch": 64,
        "epoch": 1,
        "transform": "norm_32_flip",
        "max_batches": null,
        "uid": "7e0d9d3a4af27bbe52d1557a4daae329",
        "duration": 38555557045,
        "accuracy": 0.5215,
        "train_loss": 1.2618948657951696,
        "test_loss": 1.2797539765667763,
        "train_accuracy": 0.52846,
        "gradient_norm": 2.9999993634225572,
        "samples_per_second": 1296.8440438828297,
        "best_accuracy": 0.5215,
        "best_epoch": 1,
        "cpu_type": "x86_64",
        "cpu_count": 128,
        "total_ram_kb": 263708948.0,
        "gpu_type": "NVIDIA GeForce RTX 3090",
        "gpu_total_memory_kb": 24703168.0,
        "occupied_ram_kb": 21084856.0,
        "ram_usage_percent": 9.6,
        "cpu_usage_percent": 1.2,
        "occupied_gpu_memory_kb": 40334.0,
        "gpu_memory_usage_percent": 0.16,
        "gpu_memory_kb": 6245014.5
    },
    "training_summary": {
        "total_epochs": 1,
        "best_accuracy": 0.5215,
        "final_accuracy": 0.5215
    },
    "uid": "2d84c673b3ba1d2d8344eb260f755484"
}