{
    "config": {
        "task": "img-classification",
        "dataset": "cifar-10",
        "metric": "acc",
        "model": "GenFractalNet-08412f8e8fa40b8baba146db5e626489"
    },
    "hyperparameters": {
        "lr": 0.003,
        "momentum": 0.95,
        "batch": 64,
        "epoch": 1,
        "transform": "norm_32_flip",
        "max_batches": null,
        "uid": "9ea869fde7b3127470ef4c9a9f95d4c3",
        "duration": 52568609878,
        "accuracy": 0.4025,
        "train_loss": 1.6569324239440586,
        "test_loss": 1.6511691550540317,
        "train_accuracy": 0.39628,
        "gradient_norm": 0.49363765692451234,
        "samples_per_second": 951.1462384324174,
        "best_accuracy": 0.4025,
        "best_epoch": 1,
        "cpu_type": "x86_64",
        "cpu_count": 32,
        "total_ram_kb": 131724388.0,
        "gpu_type": "NVIDIA GeForce RTX 3090",
        "gpu_total_memory_kb": 24703168.0,
        "occupied_ram_kb": 17118564.0,
        "ram_usage_percent": 15.3,
        "cpu_usage_percent": 6.3,
        "occupied_gpu_memory_kb": 139523.5,
        "gpu_memory_usage_percent": 0.56,
        "gpu_memory_kb": 6192350.0
    },
    "training_summary": {
        "total_epochs": 1,
        "best_accuracy": 0.4025,
        "final_accuracy": 0.4025
    },
    "uid": "08412f8e8fa40b8baba146db5e626489"
}