{
    "config": {
        "task": "img-classification",
        "dataset": "cifar-10",
        "metric": "acc",
        "model": "GenFractalNet-88b51852c31c6c7994c6c0e5f194f1d4"
    },
    "hyperparameters": {
        "lr": 0.005,
        "momentum": 0.95,
        "batch": 64,
        "epoch": 1,
        "transform": "norm_32_flip",
        "max_batches": null,
        "uid": "c3bab3e9931db53638d2791332ae0024",
        "duration": 31979396813,
        "accuracy": 0.526,
        "train_loss": 1.317375713068506,
        "test_loss": 1.3215310421718913,
        "train_accuracy": 0.5311,
        "gradient_norm": 2.9999990078252328,
        "samples_per_second": 1563.5208411285428,
        "best_accuracy": 0.526,
        "best_epoch": 1,
        "cpu_type": "x86_64",
        "cpu_count": 128,
        "total_ram_kb": 263708948.0,
        "gpu_type": "NVIDIA GeForce RTX 3090",
        "gpu_total_memory_kb": 24703168.0,
        "occupied_ram_kb": 21075036.0,
        "ram_usage_percent": 11.2,
        "cpu_usage_percent": 1.9,
        "occupied_gpu_memory_kb": 17208.5,
        "gpu_memory_usage_percent": 0.07,
        "gpu_memory_kb": 5718054.0
    },
    "training_summary": {
        "total_epochs": 1,
        "best_accuracy": 0.526,
        "final_accuracy": 0.526
    },
    "uid": "88b51852c31c6c7994c6c0e5f194f1d4"
}