{
    "config": {
        "task": "img-classification",
        "dataset": "cifar-10",
        "metric": "acc",
        "model": "GenFractalNet-9b51747e6d3728671b81e06f1a2713e8"
    },
    "hyperparameters": {
        "lr": 0.01,
        "momentum": 0.75,
        "batch": 64,
        "epoch": 1,
        "transform": "norm_32_flip",
        "max_batches": null,
        "uid": "d091050f01990917d03203023019d417",
        "duration": 36845418382,
        "accuracy": 0.2562,
        "train_loss": 2.1994538974883917,
        "test_loss": 2.199084458077789,
        "train_accuracy": 0.25238,
        "gradient_norm": 1.8930126528071778,
        "samples_per_second": 1357.0300423869592,
        "best_accuracy": 0.2562,
        "best_epoch": 1,
        "cpu_type": "x86_64",
        "cpu_count": 32,
        "total_ram_kb": 131724388.0,
        "gpu_type": "NVIDIA GeForce RTX 3090",
        "gpu_total_memory_kb": 24703168.0,
        "occupied_ram_kb": 17403080.0,
        "ram_usage_percent": 15.5,
        "cpu_usage_percent": 3.4,
        "occupied_gpu_memory_kb": 86045.0,
        "gpu_memory_usage_percent": 0.35,
        "gpu_memory_kb": 6319711.0
    },
    "training_summary": {
        "total_epochs": 1,
        "best_accuracy": 0.2562,
        "final_accuracy": 0.2562
    },
    "uid": "9b51747e6d3728671b81e06f1a2713e8"
}