{
    "config": {
        "task": "img-classification",
        "dataset": "cifar-10",
        "metric": "acc",
        "model": "GenFractalNet-b95de7eb75c7ea6d5cea0060561c23c6"
    },
    "hyperparameters": {
        "lr": 0.01,
        "momentum": 0.92,
        "batch": 64,
        "epoch": 1,
        "transform": "norm_32_flip",
        "max_batches": null,
        "uid": "fb90a55754624e15cc974013a9a25d1f",
        "duration": 74684801471,
        "accuracy": 0.5632,
        "train_loss": 1.1617535441885214,
        "test_loss": 1.1886867550527973,
        "train_accuracy": 0.57448,
        "gradient_norm": 2.9999994292108574,
        "samples_per_second": 669.4839560225255,
        "best_accuracy": 0.5632,
        "best_epoch": 1,
        "cpu_type": "x86_64",
        "cpu_count": 128,
        "total_ram_kb": 263708948.0,
        "gpu_type": "NVIDIA GeForce RTX 3090",
        "gpu_total_memory_kb": 24703168.0,
        "occupied_ram_kb": 21427420.0,
        "ram_usage_percent": 11.4,
        "cpu_usage_percent": 0.8,
        "occupied_gpu_memory_kb": 273121.0,
        "gpu_memory_usage_percent": 1.11,
        "gpu_memory_kb": 5784103.5
    },
    "training_summary": {
        "total_epochs": 1,
        "best_accuracy": 0.5632,
        "final_accuracy": 0.5632
    },
    "uid": "b95de7eb75c7ea6d5cea0060561c23c6"
}