{
    "config": {
        "task": "img-classification",
        "dataset": "cifar-10",
        "metric": "acc",
        "model": "GenFractalNet-a307d99f56f52cd98a95b9f502436a88"
    },
    "hyperparameters": {
        "lr": 0.005,
        "momentum": 0.8,
        "batch": 64,
        "epoch": 1,
        "transform": "norm_32_flip",
        "max_batches": null,
        "uid": "f4cce3862c7c6d42c62fdd6855331be8",
        "duration": 33097796802,
        "accuracy": 0.3475,
        "train_loss": 1.768731017704205,
        "test_loss": 1.7669820914602583,
        "train_accuracy": 0.34066,
        "gradient_norm": 0.5359949638556178,
        "samples_per_second": 1510.6831465456764,
        "best_accuracy": 0.3475,
        "best_epoch": 1,
        "cpu_type": "x86_64",
        "cpu_count": 32,
        "total_ram_kb": 131724388.0,
        "gpu_type": "NVIDIA GeForce RTX 3090",
        "gpu_total_memory_kb": 24703168.0,
        "occupied_ram_kb": 17168964.0,
        "ram_usage_percent": 15.3,
        "cpu_usage_percent": 0.0,
        "occupied_gpu_memory_kb": 18304.0,
        "gpu_memory_usage_percent": 0.07,
        "gpu_memory_kb": 6090967.5
    },
    "training_summary": {
        "total_epochs": 1,
        "best_accuracy": 0.3475,
        "final_accuracy": 0.3475
    },
    "uid": "a307d99f56f52cd98a95b9f502436a88"
}