{
    "config": {
        "task": "img-classification",
        "dataset": "cifar-10",
        "metric": "acc",
        "model": "GenFractalNet-8e7bc97c46d2c30c43488ce800185084"
    },
    "hyperparameters": {
        "lr": 0.002,
        "momentum": 0.92,
        "batch": 64,
        "epoch": 1,
        "transform": "norm_32_flip",
        "max_batches": null,
        "uid": "fdc3164628af2fb61d044e254a1789b9",
        "duration": 38172727814,
        "accuracy": 0.5208,
        "train_loss": 1.320623556747461,
        "test_loss": 1.3290036780059717,
        "train_accuracy": 0.52674,
        "gradient_norm": 0.6076929393197253,
        "samples_per_second": 1309.848695256427,
        "best_accuracy": 0.5208,
        "best_epoch": 1,
        "cpu_type": "x86_64",
        "cpu_count": 32,
        "total_ram_kb": 131724388.0,
        "gpu_type": "NVIDIA GeForce RTX 3090",
        "gpu_total_memory_kb": 24703168.0,
        "occupied_ram_kb": 17578748.0,
        "ram_usage_percent": 15.6,
        "cpu_usage_percent": 5.0,
        "occupied_gpu_memory_kb": 20912.0,
        "gpu_memory_usage_percent": 0.08,
        "gpu_memory_kb": 6319711.0
    },
    "training_summary": {
        "total_epochs": 1,
        "best_accuracy": 0.5208,
        "final_accuracy": 0.5208
    },
    "uid": "8e7bc97c46d2c30c43488ce800185084"
}