{
    "eval_args": {
        "model_package": "/home/s497466/nn-gpt/out/nngpt/llm/epoch/A0/synth_nn/B73",
        "task": "img-classification",
        "dataset": "imagenette",
        "metric": "acc",
        "prm": {
            "lr": 0.01,
            "batch": 32,
            "dropout": 0.2,
            "momentum": 0.9,
            "transform": "norm_256_flip",
            "stochastic_depth_prob": 0.0,
            "norm_eps": 1e-05,
            "norm_std": 0.5,
            "tie_weights": 0.0,
            "dropout_aux": 0.0,
            "attention_dropout": 0.0,
            "norm_momentum": 0.1,
            "score_thresh": 0.01,
            "nms_thresh": 0.45,
            "iou_thresh": 0.5,
            "detections_per_img": 0.5,
            "topk_candidates": 0.5,
            "neg_to_pos_ratio": 0.5,
            "pretrained": 0.0,
            "patch_size": 0.125,
            "epoch": 1,
            "uid": "b9095d884c36ec05935d296b86e19df1",
            "duration": 186931592546,
            "duration_seconds": 186.93,
            "accuracy": 0.4063694267515924,
            "train_stat": {
                "train_loss": 2.0110085148382795,
                "test_loss": 3.8177630111453977,
                "train_accuracy": 0.294856901467948,
                "gradient_norm": 2.9999996264349997,
                "samples_per_second": 50.65773517613003,
                "best_accuracy": 0.4063694267515924,
                "best_epoch": 1,
                "epoch_max": 1,
                "cpu_count": 128,
                "cpu_type": "x86_64",
                "cpu_usage_percent": 45.4,
                "total_ram_kb": 1056603668.0,
                "occupied_ram_kb": 197641692.0,
                "ram_usage_percent": 18.7,
                "gpu_type": "NVIDIA L40S",
                "gpu_memory_kb": 30864076.0,
                "gpu_total_memory_kb": 46550528.0,
                "occupied_gpu_memory_kb": 261701.5,
                "gpu_memory_usage_percent": 0.56
            },
            "metric_acc": 0.4063694267515924
        }
    },
    "eval_results": {
        "checksum": "FractalFusion-4b-c8b5496bc7601582a1e2871b9d30a543",
        "accuracy": 0.4063694267515924,
        "full_result": "('FractalFusion-4b-c8b5496bc7601582a1e2871b9d30a543', 0.4063694267515924, 0.1638938729290509, 0.57)"
    },
    "cli_args": {
        "task": "img-classification",
        "dataset": "imagenette",
        "metric": "acc",
        "lr": 0.01,
        "batch": 32,
        "dropout": 0.2,
        "momentum": 0.9,
        "transform": "norm_256_flip"
    }
}