{
    "eval_args": {
        "model_package": "/home/s497466/nn-gpt/out/nngpt/llm/epoch/A0/synth_nn/B73",
        "task": "img-classification",
        "dataset": "imagenette",
        "metric": "acc",
        "prm": {
            "lr": 0.01,
            "batch": 32,
            "dropout": 0.2,
            "momentum": 0.9,
            "transform": "norm_256_flip",
            "stochastic_depth_prob": 0.0,
            "norm_eps": 1e-05,
            "norm_std": 0.5,
            "tie_weights": 0.0,
            "dropout_aux": 0.0,
            "attention_dropout": 0.0,
            "norm_momentum": 0.1,
            "score_thresh": 0.01,
            "nms_thresh": 0.45,
            "iou_thresh": 0.5,
            "detections_per_img": 0.5,
            "topk_candidates": 0.5,
            "neg_to_pos_ratio": 0.5,
            "pretrained": 0.0,
            "patch_size": 0.125,
            "epoch": 1,
            "uid": "b9095d884c36ec05935d296b86e19df1",
            "duration": 233848066541,
            "duration_seconds": 233.85,
            "accuracy": 0.45554140127388537,
            "train_stat": {
                "train_loss": 1.9999910273261376,
                "test_loss": 2.115509714052929,
                "train_accuracy": 0.3029886999683177,
                "gradient_norm": 2.999999741638804,
                "samples_per_second": 40.49363593511158,
                "best_accuracy": 0.45554140127388537,
                "best_epoch": 1,
                "epoch_max": 1,
                "cpu_count": 128,
                "cpu_type": "x86_64",
                "cpu_usage_percent": 0.9,
                "total_ram_kb": 527801156.0,
                "occupied_ram_kb": 42554072.0,
                "ram_usage_percent": 8.1,
                "gpu_type": "NVIDIA L40",
                "gpu_memory_kb": 22636242.5,
                "gpu_total_memory_kb": 49677504.0,
                "occupied_gpu_memory_kb": 261701.5,
                "gpu_memory_usage_percent": 0.53
            },
            "metric_acc": 0.45554140127388537
        }
    },
    "eval_results": {
        "checksum": "FractalFusion-1b-c8b5496bc7601582a1e2871b9d30a543",
        "accuracy": 0.45554140127388537,
        "full_result": "('FractalFusion-1b-c8b5496bc7601582a1e2871b9d30a543', 0.45554140127388537, 0.15203948723328406, 0.57)"
    },
    "cli_args": {
        "task": "img-classification",
        "dataset": "imagenette",
        "metric": "acc",
        "lr": 0.01,
        "batch": 32,
        "dropout": 0.2,
        "momentum": 0.9,
        "transform": "norm_256_flip"
    }
}