{
    "config": {
        "task": "img-classification",
        "dataset": "cifar-10",
        "metric": "acc",
        "model": "GenFractalNet-b6420ed5cf7251c363d11927e69ab68a"
    },
    "hyperparameters": {
        "lr": 0.005,
        "momentum": 0.95,
        "batch": 64,
        "epoch": 1,
        "transform": "norm_32_flip",
        "max_batches": null,
        "uid": "c3bab3e9931db53638d2791332ae0024",
        "duration": 31496601041,
        "accuracy": 0.4175,
        "train_loss": 1.5751860510662694,
        "test_loss": 1.5750206746872824,
        "train_accuracy": 0.41722,
        "gradient_norm": 0.6127764791945374,
        "samples_per_second": 1587.4824887426014,
        "best_accuracy": 0.4175,
        "best_epoch": 1,
        "cpu_type": "x86_64",
        "cpu_count": 128,
        "total_ram_kb": 263708948.0,
        "gpu_type": "NVIDIA GeForce RTX 3090",
        "gpu_total_memory_kb": 24703168.0,
        "occupied_ram_kb": 21264232.0,
        "ram_usage_percent": 11.3,
        "cpu_usage_percent": 1.2,
        "occupied_gpu_memory_kb": 18342.0,
        "gpu_memory_usage_percent": 0.07,
        "gpu_memory_kb": 5718054.0
    },
    "training_summary": {
        "total_epochs": 1,
        "best_accuracy": 0.4175,
        "final_accuracy": 0.4175
    },
    "uid": "b6420ed5cf7251c363d11927e69ab68a"
}