{
    "eval_args": {
        "model_package": "/home/s497466/nn-gpt/out/nngpt/llm/epoch/A0/synth_nn/B15",
        "task": "img-classification",
        "dataset": "imagenette",
        "metric": "acc",
        "prm": {
            "lr": 0.01,
            "batch": 32,
            "dropout": 0.2,
            "momentum": 0.9,
            "transform": "norm_256_flip",
            "stochastic_depth_prob": 0.0,
            "norm_eps": 1e-05,
            "norm_std": 0.5,
            "tie_weights": 0.0,
            "dropout_aux": 0.0,
            "attention_dropout": 0.0,
            "norm_momentum": 0.1,
            "score_thresh": 0.01,
            "nms_thresh": 0.45,
            "iou_thresh": 0.5,
            "detections_per_img": 0.5,
            "topk_candidates": 0.5,
            "neg_to_pos_ratio": 0.5,
            "pretrained": 0.0,
            "patch_size": 0.125,
            "epoch": 1,
            "uid": "b9095d884c36ec05935d296b86e19df1",
            "duration": 263567842085,
            "duration_seconds": 263.57,
            "accuracy": 0.25961783439490443,
            "train_stat": {
                "train_loss": 2.185591244977056,
                "test_loss": 2.5443637947726057,
                "train_accuracy": 0.2534586545569754,
                "gradient_norm": 3.0000000585442357,
                "samples_per_second": 35.92786013557519,
                "best_accuracy": 0.25961783439490443,
                "best_epoch": 1,
                "epoch_max": 1,
                "cpu_count": 128,
                "cpu_type": "x86_64",
                "cpu_usage_percent": 5.9,
                "total_ram_kb": 1056603672.0,
                "occupied_ram_kb": 176463748.0,
                "ram_usage_percent": 16.7,
                "gpu_type": "NVIDIA L40S",
                "gpu_memory_kb": 26536169.0,
                "gpu_total_memory_kb": 46550528.0,
                "occupied_gpu_memory_kb": 298523.5,
                "gpu_memory_usage_percent": 0.64
            },
            "metric_acc": 0.25961783439490443
        }
    },
    "eval_results": {
        "checksum": "FractalFusion-5b-72b02d0859e832bfda1a0a6339ed82c5",
        "accuracy": 0.25961783439490443,
        "full_result": "('FractalFusion-5b-72b02d0859e832bfda1a0a6339ed82c5', 0.25961783439490443, 0.06056043602748322, 0.59)"
    },
    "cli_args": {
        "task": "img-classification",
        "dataset": "imagenette",
        "metric": "acc",
        "lr": 0.01,
        "batch": 32,
        "dropout": 0.2,
        "momentum": 0.9,
        "transform": "norm_256_flip"
    }
}