{
    "eval_args": {
        "model_package": "/home/ghaffar/nn-dataset/scratch/auto_train_loop/run_Blip2Fast-A2-B3/Blip2Fast-A2-B3",
        "task": "img-captioning",
        "dataset": "coco",
        "metric": "bleu",
        "prm": {
            "lr": 0.0001,
            "batch": 32,
            "dropout": 0.2,
            "momentum": 0.9,
            "transform": "cached_blip2",
            "epoch": 5,
            "limit": 7000,
            "num_workers": 8,
            "pin_memory": false,
            "feature_cache_dir": null,
            "feature_cache_mode": "read",
            "freeze_gpt2": false,
            "uid": "d583ee9eb35b53639508f36b3cd8206a",
            "duration": 1237062763100,
            "accuracy": 0.04588624905633264,
            "train_loss": 1.3393295638168505,
            "test_loss": 1.1103843785822392,
            "train_accuracy": 0.0,
            "gradient_norm": 0.9999995579100586,
            "samples_per_second": 480.1268491253362,
            "best_accuracy": 0.050999403505622834,
            "best_epoch": 4,
            "cpu_type": "x86_64",
            "cpu_count": 16,
            "total_ram_kb": 31935912.0,
            "gpu_type": "NVIDIA GeForce RTX 4090",
            "gpu_total_memory_kb": 24635840.0,
            "occupied_ram_kb": 21746088.0,
            "ram_usage_percent": 68.1,
            "cpu_usage_percent": 3.7,
            "occupied_gpu_memory_kb": 4595521.0,
            "gpu_memory_usage_percent": 18.65,
            "gpu_memory_kb": 8090718.0,
            "metric_bleu": 0.04588624905633264
        }
    },
    "eval_results": [
        "0774c4861989cccd622e7340b3c49d34",
        0.04588624905633264,
        0.0036284536561306375,
        0.98
    ],
    "cli_args": {
        "task": "img-captioning",
        "dataset": "coco",
        "metric": "bleu"
    }
}