{
    "config": {
        "task": "img-classification",
        "dataset": "cifar-10",
        "metric": "acc",
        "model": "GenFractalNet-60f3e89a7f5a5dd91224389042d8ef38"
    },
    "hyperparameters": {
        "lr": 0.01,
        "momentum": 0.95,
        "batch": 64,
        "epoch": 1,
        "transform": "norm_32_flip",
        "max_batches": null,
        "uid": "7e0d9d3a4af27bbe52d1557a4daae329",
        "duration": 34833622387,
        "accuracy": 0.3443,
        "train_loss": 1.7856739030774598,
        "test_loss": 1.7879047591215487,
        "train_accuracy": 0.33648,
        "gradient_norm": 0.7194439674191531,
        "samples_per_second": 1435.4109474496777,
        "best_accuracy": 0.3443,
        "best_epoch": 1,
        "cpu_type": "x86_64",
        "cpu_count": 128,
        "total_ram_kb": 263708948.0,
        "gpu_type": "NVIDIA GeForce RTX 3090",
        "gpu_total_memory_kb": 24703168.0,
        "occupied_ram_kb": 21284480.0,
        "ram_usage_percent": 11.2,
        "cpu_usage_percent": 0.9,
        "occupied_gpu_memory_kb": 44000.5,
        "gpu_memory_usage_percent": 0.18,
        "gpu_memory_kb": 6318687.0
    },
    "training_summary": {
        "total_epochs": 1,
        "best_accuracy": 0.3443,
        "final_accuracy": 0.3443
    },
    "uid": "60f3e89a7f5a5dd91224389042d8ef38"
}