{
    "eval_args": {
        "model_package": "/home/s497466/nn-gpt/out/nngpt/llm/epoch/A0/synth_nn/B3",
        "task": "img-classification",
        "dataset": "imagenette",
        "metric": "acc",
        "prm": {
            "lr": 0.01,
            "batch": 32,
            "dropout": 0.2,
            "momentum": 0.9,
            "transform": "norm_256_flip",
            "stochastic_depth_prob": 0.0,
            "norm_eps": 1e-05,
            "norm_std": 0.5,
            "tie_weights": 0.0,
            "dropout_aux": 0.0,
            "attention_dropout": 0.0,
            "norm_momentum": 0.1,
            "score_thresh": 0.01,
            "nms_thresh": 0.45,
            "iou_thresh": 0.5,
            "detections_per_img": 0.5,
            "topk_candidates": 0.5,
            "neg_to_pos_ratio": 0.5,
            "pretrained": 0.0,
            "patch_size": 0.125,
            "epoch": 1,
            "uid": "b9095d884c36ec05935d296b86e19df1",
            "duration": 166659306797,
            "duration_seconds": 166.66,
            "accuracy": 0.23439490445859873,
            "train_stat": {
                "train_loss": 2.1084219340425014,
                "test_loss": 2.61443652563948,
                "train_accuracy": 0.27574189460344284,
                "gradient_norm": 2.999999717599382,
                "samples_per_second": 56.819516493330944,
                "best_accuracy": 0.23439490445859873,
                "best_epoch": 1,
                "epoch_max": 1,
                "cpu_count": 128,
                "cpu_type": "x86_64",
                "cpu_usage_percent": 0.4,
                "total_ram_kb": 527801156.0,
                "occupied_ram_kb": 34062708.0,
                "ram_usage_percent": 6.5,
                "gpu_type": "NVIDIA L40",
                "gpu_memory_kb": 29177853.0,
                "gpu_total_memory_kb": 49677504.0,
                "occupied_gpu_memory_kb": 375451.0,
                "gpu_memory_usage_percent": 0.76
            },
            "metric_acc": 0.23439490445859873
        }
    },
    "eval_results": {
        "checksum": "FractalFusion-1b-3f15db13a3b6845be324c5e6384b943f",
        "accuracy": 0.23439490445859873,
        "full_result": "('FractalFusion-1b-3f15db13a3b6845be324c5e6384b943f', 0.23439490445859873, 0.08064050369674161, 0.59)"
    },
    "cli_args": {
        "task": "img-classification",
        "dataset": "imagenette",
        "metric": "acc",
        "lr": 0.01,
        "batch": 32,
        "dropout": 0.2,
        "momentum": 0.9,
        "transform": "norm_256_flip"
    }
}