{
    "config": {
        "task": "img-classification",
        "dataset": "cifar-10",
        "metric": "acc",
        "model": "GenFractalNet-230df9d5e641c9ac4a11e29e32cbd81e"
    },
    "hyperparameters": {
        "lr": 0.01,
        "momentum": 0.75,
        "batch": 64,
        "epoch": 1,
        "transform": "norm_32_flip",
        "max_batches": null,
        "uid": "d091050f01990917d03203023019d417",
        "duration": 32966707961,
        "accuracy": 0.4004,
        "train_loss": 1.5777334038863706,
        "test_loss": 1.5788137859599605,
        "train_accuracy": 0.40152,
        "gradient_norm": 2.9999991624218403,
        "samples_per_second": 1516.6963514137838,
        "best_accuracy": 0.4004,
        "best_epoch": 1,
        "cpu_type": "x86_64",
        "cpu_count": 32,
        "total_ram_kb": 131724388.0,
        "gpu_type": "NVIDIA GeForce RTX 3090",
        "gpu_total_memory_kb": 24703168.0,
        "occupied_ram_kb": 17394884.0,
        "ram_usage_percent": 15.5,
        "cpu_usage_percent": 0.0,
        "occupied_gpu_memory_kb": 17981.0,
        "gpu_memory_usage_percent": 0.07,
        "gpu_memory_kb": 5791538.5
    },
    "training_summary": {
        "total_epochs": 1,
        "best_accuracy": 0.4004,
        "final_accuracy": 0.4004
    },
    "uid": "230df9d5e641c9ac4a11e29e32cbd81e"
}