{
    "config": {
        "task": "img-classification",
        "dataset": "cifar-10",
        "metric": "acc",
        "model": "GenFractalNet-e9e9876704b0c964f872e7109b3500e4"
    },
    "hyperparameters": {
        "lr": 0.001,
        "momentum": 0.95,
        "batch": 64,
        "epoch": 1,
        "transform": "norm_32_flip",
        "max_batches": null,
        "uid": "413233aa5202d01e749eded26a1af0b4",
        "duration": 39049206937,
        "accuracy": 0.4666,
        "train_loss": 1.4573247400696014,
        "test_loss": 1.4599841544582586,
        "train_accuracy": 0.45998,
        "gradient_norm": 0.5459774456986758,
        "samples_per_second": 1280.4463796862678,
        "best_accuracy": 0.4666,
        "best_epoch": 1,
        "cpu_type": "x86_64",
        "cpu_count": 128,
        "total_ram_kb": 263708948.0,
        "gpu_type": "NVIDIA GeForce RTX 3090",
        "gpu_total_memory_kb": 24703168.0,
        "occupied_ram_kb": 31755372.0,
        "ram_usage_percent": 13.8,
        "cpu_usage_percent": 5.3,
        "occupied_gpu_memory_kb": 36793.0,
        "gpu_memory_usage_percent": 0.15,
        "gpu_memory_kb": 5542616.0
    },
    "training_summary": {
        "total_epochs": 1,
        "best_accuracy": 0.4666,
        "final_accuracy": 0.4666
    },
    "uid": "e9e9876704b0c964f872e7109b3500e4"
}