{
    "config": {
        "task": "img-classification",
        "dataset": "cifar-10",
        "metric": "acc",
        "model": "GenFractalNet-6e4d0763b736dee4044a1d64f771fa7e"
    },
    "hyperparameters": {
        "lr": 0.01,
        "momentum": 0.9,
        "batch": 64,
        "epoch": 1,
        "transform": "norm_32_flip",
        "max_batches": null,
        "uid": "fddd85ed21879149faee86627a9f4554",
        "duration": 32037797760,
        "accuracy": 0.5158,
        "train_loss": 1.3380251667078804,
        "test_loss": 1.3449455567985584,
        "train_accuracy": 0.52422,
        "gradient_norm": 2.999999448021682,
        "samples_per_second": 1560.6679289919039,
        "best_accuracy": 0.5158,
        "best_epoch": 1,
        "cpu_type": "x86_64",
        "cpu_count": 128,
        "total_ram_kb": 263708948.0,
        "gpu_type": "NVIDIA GeForce RTX 3090",
        "gpu_total_memory_kb": 24703168.0,
        "occupied_ram_kb": 21147612.0,
        "ram_usage_percent": 11.1,
        "cpu_usage_percent": 0.8,
        "occupied_gpu_memory_kb": 21755.0,
        "gpu_memory_usage_percent": 0.09,
        "gpu_memory_kb": 6318687.0
    },
    "training_summary": {
        "total_epochs": 1,
        "best_accuracy": 0.5158,
        "final_accuracy": 0.5158
    },
    "uid": "6e4d0763b736dee4044a1d64f771fa7e"
}