{
    "config": {
        "task": "img-classification",
        "dataset": "cifar-10",
        "metric": "acc",
        "model": "GenFractalNet-dffb48f8319a6b1522b09798f7d31c78"
    },
    "hyperparameters": {
        "lr": 0.005,
        "momentum": 0.8,
        "batch": 64,
        "epoch": 1,
        "transform": "norm_32_flip",
        "max_batches": null,
        "uid": "f4cce3862c7c6d42c62fdd6855331be8",
        "duration": 31986821159,
        "accuracy": 0.3071,
        "train_loss": 1.8497112868996837,
        "test_loss": 1.8475045557993992,
        "train_accuracy": 0.30706,
        "gradient_norm": 1.5829000260569668,
        "samples_per_second": 1563.1526500834343,
        "best_accuracy": 0.3071,
        "best_epoch": 1,
        "cpu_type": "x86_64",
        "cpu_count": 128,
        "total_ram_kb": 263708948.0,
        "gpu_type": "NVIDIA GeForce RTX 3090",
        "gpu_total_memory_kb": 24703168.0,
        "occupied_ram_kb": 20909768.0,
        "ram_usage_percent": 11.0,
        "cpu_usage_percent": 1.6,
        "occupied_gpu_memory_kb": 16764.0,
        "gpu_memory_usage_percent": 0.07,
        "gpu_memory_kb": 5087960.0
    },
    "training_summary": {
        "total_epochs": 1,
        "best_accuracy": 0.3071,
        "final_accuracy": 0.3071
    },
    "uid": "dffb48f8319a6b1522b09798f7d31c78"
}