{
    "eval_args": {
        "model_package": "/home/s497466/nn-gpt/out/nngpt/llm/epoch/A0/synth_nn/B57",
        "task": "img-classification",
        "dataset": "imagenette",
        "metric": "acc",
        "prm": {
            "lr": 0.01,
            "batch": 32,
            "dropout": 0.2,
            "momentum": 0.9,
            "transform": "norm_256_flip",
            "stochastic_depth_prob": 0.0,
            "norm_eps": 1e-05,
            "norm_std": 0.5,
            "tie_weights": 0.0,
            "dropout_aux": 0.0,
            "attention_dropout": 0.0,
            "norm_momentum": 0.1,
            "score_thresh": 0.01,
            "nms_thresh": 0.45,
            "iou_thresh": 0.5,
            "detections_per_img": 0.5,
            "topk_candidates": 0.5,
            "neg_to_pos_ratio": 0.5,
            "pretrained": 0.0,
            "patch_size": 0.125,
            "epoch": 1,
            "uid": "b9095d884c36ec05935d296b86e19df1",
            "duration": 202949090046,
            "duration_seconds": 202.95,
            "accuracy": 0.4361783439490446,
            "train_stat": {
                "train_loss": 1.8325011058296343,
                "test_loss": 2.3703722028228325,
                "train_accuracy": 0.3707888900623086,
                "gradient_norm": 2.999999674238001,
                "samples_per_second": 46.65935623056796,
                "best_accuracy": 0.4361783439490446,
                "best_epoch": 1,
                "epoch_max": 1,
                "cpu_count": 128,
                "cpu_type": "x86_64",
                "cpu_usage_percent": 0.5,
                "total_ram_kb": 527801156.0,
                "occupied_ram_kb": 42667908.0,
                "ram_usage_percent": 8.1,
                "gpu_type": "NVIDIA L40",
                "gpu_memory_kb": 22500490.0,
                "gpu_total_memory_kb": 49677504.0,
                "occupied_gpu_memory_kb": 340389.0,
                "gpu_memory_usage_percent": 0.69
            },
            "metric_acc": 0.4361783439490446
        }
    },
    "eval_results": {
        "checksum": "FractalFusion-1b-bf17ad82f0a0bc7b0443880735049a44",
        "accuracy": 0.4361783439490446,
        "full_result": "('FractalFusion-1b-bf17ad82f0a0bc7b0443880735049a44', 0.4361783439490446, 0.1656466377222224, 0.59)"
    },
    "cli_args": {
        "task": "img-classification",
        "dataset": "imagenette",
        "metric": "acc",
        "lr": 0.01,
        "batch": 32,
        "dropout": 0.2,
        "momentum": 0.9,
        "transform": "norm_256_flip"
    }
}