{
    "eval_args": {
        "model_package": "/home/s497466/nn-gpt/out/nngpt/llm/epoch/A0/synth_nn/B82",
        "task": "img-classification",
        "dataset": "imagenette",
        "metric": "acc",
        "prm": {
            "lr": 0.01,
            "batch": 32,
            "dropout": 0.2,
            "momentum": 0.9,
            "transform": "norm_256_flip",
            "stochastic_depth_prob": 0.0,
            "norm_eps": 1e-05,
            "norm_std": 0.5,
            "tie_weights": 0.0,
            "dropout_aux": 0.0,
            "attention_dropout": 0.0,
            "norm_momentum": 0.1,
            "score_thresh": 0.01,
            "nms_thresh": 0.45,
            "iou_thresh": 0.5,
            "detections_per_img": 0.5,
            "topk_candidates": 0.5,
            "neg_to_pos_ratio": 0.5,
            "pretrained": 0.0,
            "patch_size": 0.125,
            "epoch": 1,
            "uid": "b9095d884c36ec05935d296b86e19df1",
            "duration": 224966182107,
            "duration_seconds": 224.97,
            "accuracy": 0.23439490445859873,
            "train_stat": {
                "train_loss": 1.8861285020915064,
                "test_loss": 2.236473691172716,
                "train_accuracy": 0.32981307424226425,
                "gradient_norm": 2.9999997660998434,
                "samples_per_second": 42.092581084044,
                "best_accuracy": 0.23439490445859873,
                "best_epoch": 1,
                "epoch_max": 1,
                "cpu_count": 128,
                "cpu_type": "x86_64",
                "cpu_usage_percent": 13.5,
                "total_ram_kb": 1056603672.0,
                "occupied_ram_kb": 181939664.0,
                "ram_usage_percent": 17.2,
                "gpu_type": "NVIDIA L40S",
                "gpu_memory_kb": 26754218.5,
                "gpu_total_memory_kb": 46550528.0,
                "occupied_gpu_memory_kb": 179486.0,
                "gpu_memory_usage_percent": 0.39
            },
            "metric_acc": 0.23439490445859873
        }
    },
    "eval_results": {
        "checksum": "FractalFusion-2b-3f3a41bf9c2caaaa042a38b459075319",
        "accuracy": 0.23439490445859873,
        "full_result": "('FractalFusion-2b-3f3a41bf9c2caaaa042a38b459075319', 0.23439490445859873, 0.05974004768177862, 0.59)"
    },
    "cli_args": {
        "task": "img-classification",
        "dataset": "imagenette",
        "metric": "acc",
        "lr": 0.01,
        "batch": 32,
        "dropout": 0.2,
        "momentum": 0.9,
        "transform": "norm_256_flip"
    }
}