{
    "eval_args": {
        "model_package": "/home/s497466/nn-gpt/out/nngpt/llm/epoch/A0/synth_nn/B24",
        "task": "img-classification",
        "dataset": "imagenette",
        "metric": "acc",
        "prm": {
            "lr": 0.01,
            "batch": 32,
            "dropout": 0.2,
            "momentum": 0.9,
            "transform": "norm_256_flip",
            "stochastic_depth_prob": 0.0,
            "norm_eps": 1e-05,
            "norm_std": 0.5,
            "tie_weights": 0.0,
            "dropout_aux": 0.0,
            "attention_dropout": 0.0,
            "norm_momentum": 0.1,
            "score_thresh": 0.01,
            "nms_thresh": 0.45,
            "iou_thresh": 0.5,
            "detections_per_img": 0.5,
            "topk_candidates": 0.5,
            "neg_to_pos_ratio": 0.5,
            "pretrained": 0.0,
            "patch_size": 0.125,
            "epoch": 1,
            "uid": "b9095d884c36ec05935d296b86e19df1",
            "duration": 150480218150,
            "duration_seconds": 150.48,
            "accuracy": 0.2349044585987261,
            "train_stat": {
                "train_loss": 1.941402460204622,
                "test_loss": 2.3978811119630086,
                "train_accuracy": 0.3374168338789735,
                "gradient_norm": 2.999999537807869,
                "samples_per_second": 62.92973533210506,
                "best_accuracy": 0.2349044585987261,
                "best_epoch": 1,
                "epoch_max": 1,
                "cpu_count": 128,
                "cpu_type": "x86_64",
                "cpu_usage_percent": 25.9,
                "total_ram_kb": 1056603668.0,
                "occupied_ram_kb": 182732088.0,
                "ram_usage_percent": 17.3,
                "gpu_type": "NVIDIA L40S",
                "gpu_memory_kb": 25941977.5,
                "gpu_total_memory_kb": 46550528.0,
                "occupied_gpu_memory_kb": 353245.0,
                "gpu_memory_usage_percent": 0.76
            },
            "metric_acc": 0.2349044585987261
        }
    },
    "eval_results": {
        "checksum": "FractalFusion-4b-057ac41297c143571d995b6805d4bf62",
        "accuracy": 0.2349044585987261,
        "full_result": "('FractalFusion-4b-057ac41297c143571d995b6805d4bf62', 0.2349044585987261, 0.08964929760020161, 0.57)"
    },
    "cli_args": {
        "task": "img-classification",
        "dataset": "imagenette",
        "metric": "acc",
        "lr": 0.01,
        "batch": 32,
        "dropout": 0.2,
        "momentum": 0.9,
        "transform": "norm_256_flip"
    }
}