{
    "eval_args": {
        "model_package": "/home/s497466/nn-gpt/out/nngpt/llm/epoch/A0/synth_nn/B27",
        "task": "img-classification",
        "dataset": "imagenette",
        "metric": "acc",
        "prm": {
            "lr": 0.01,
            "batch": 32,
            "dropout": 0.2,
            "momentum": 0.9,
            "transform": "norm_256_flip",
            "stochastic_depth_prob": 0.0,
            "norm_eps": 1e-05,
            "norm_std": 0.5,
            "tie_weights": 0.0,
            "dropout_aux": 0.0,
            "attention_dropout": 0.0,
            "norm_momentum": 0.1,
            "score_thresh": 0.01,
            "nms_thresh": 0.45,
            "iou_thresh": 0.5,
            "detections_per_img": 0.5,
            "topk_candidates": 0.5,
            "neg_to_pos_ratio": 0.5,
            "pretrained": 0.0,
            "patch_size": 0.125,
            "epoch": 1,
            "uid": "b9095d884c36ec05935d296b86e19df1",
            "duration": 124149544271,
            "duration_seconds": 124.15,
            "accuracy": 0.2180891719745223,
            "train_stat": {
                "train_loss": 1.8599497798579663,
                "test_loss": 2.320202249821609,
                "train_accuracy": 0.3430140458337734,
                "gradient_norm": 2.999999766845108,
                "samples_per_second": 76.27747493167064,
                "best_accuracy": 0.2180891719745223,
                "best_epoch": 1,
                "epoch_max": 1,
                "cpu_count": 128,
                "cpu_type": "x86_64",
                "cpu_usage_percent": 4.6,
                "total_ram_kb": 1056603672.0,
                "occupied_ram_kb": 186634616.0,
                "ram_usage_percent": 17.7,
                "gpu_type": "NVIDIA L40S",
                "gpu_memory_kb": 17296417.5,
                "gpu_total_memory_kb": 46550528.0,
                "occupied_gpu_memory_kb": 213414.5,
                "gpu_memory_usage_percent": 0.46
            },
            "metric_acc": 0.2180891719745223
        }
    },
    "eval_results": {
        "checksum": "FractalFusion-6b-842721f79ae3a29e09fc2b1715878166",
        "accuracy": 0.2180891719745223,
        "full_result": "('FractalFusion-6b-842721f79ae3a29e09fc2b1715878166', 0.2180891719745223, 0.0951184900983214, 0.57)"
    },
    "cli_args": {
        "task": "img-classification",
        "dataset": "imagenette",
        "metric": "acc",
        "lr": 0.01,
        "batch": 32,
        "dropout": 0.2,
        "momentum": 0.9,
        "transform": "norm_256_flip"
    }
}