{
    "eval_args": {
        "model_package": "/home/s497466/nn-gpt/out/nngpt/llm/epoch/A0/synth_nn/B27",
        "task": "img-classification",
        "dataset": "imagenette",
        "metric": "acc",
        "prm": {
            "lr": 0.01,
            "batch": 32,
            "dropout": 0.2,
            "momentum": 0.9,
            "transform": "norm_256_flip",
            "stochastic_depth_prob": 0.0,
            "norm_eps": 1e-05,
            "norm_std": 0.5,
            "tie_weights": 0.0,
            "dropout_aux": 0.0,
            "attention_dropout": 0.0,
            "norm_momentum": 0.1,
            "score_thresh": 0.01,
            "nms_thresh": 0.45,
            "iou_thresh": 0.5,
            "detections_per_img": 0.5,
            "topk_candidates": 0.5,
            "neg_to_pos_ratio": 0.5,
            "pretrained": 0.0,
            "patch_size": 0.125,
            "epoch": 1,
            "uid": "b9095d884c36ec05935d296b86e19df1",
            "duration": 219019703580,
            "duration_seconds": 219.02,
            "accuracy": 0.20535031847133758,
            "train_stat": {
                "train_loss": 1.8229286647016691,
                "test_loss": 2.47289179786434,
                "train_accuracy": 0.3589608195163164,
                "gradient_norm": 2.999999530797,
                "samples_per_second": 43.2351173178514,
                "best_accuracy": 0.20535031847133758,
                "best_epoch": 1,
                "epoch_max": 1,
                "cpu_count": 128,
                "cpu_type": "x86_64",
                "cpu_usage_percent": 1.6,
                "total_ram_kb": 527801156.0,
                "occupied_ram_kb": 49194776.0,
                "ram_usage_percent": 9.3,
                "gpu_type": "NVIDIA L40",
                "gpu_memory_kb": 18149573.0,
                "gpu_total_memory_kb": 49677504.0,
                "occupied_gpu_memory_kb": 213414.5,
                "gpu_memory_usage_percent": 0.43
            },
            "metric_acc": 0.20535031847133758
        }
    },
    "eval_results": {
        "checksum": "FractalFusion-1b-842721f79ae3a29e09fc2b1715878166",
        "accuracy": 0.20535031847133758,
        "full_result": "('FractalFusion-1b-842721f79ae3a29e09fc2b1715878166', 0.20535031847133758, 0.048100840586179, 0.57)"
    },
    "cli_args": {
        "task": "img-classification",
        "dataset": "imagenette",
        "metric": "acc",
        "lr": 0.01,
        "batch": 32,
        "dropout": 0.2,
        "momentum": 0.9,
        "transform": "norm_256_flip"
    }
}