{
    "config": {
        "task": "img-classification",
        "dataset": "cifar-10",
        "metric": "acc",
        "model": "GenFractalNet-fe37119bb38190c45115b765297fe99c"
    },
    "hyperparameters": {
        "lr": 0.01,
        "momentum": 0.8,
        "batch": 64,
        "epoch": 1,
        "transform": "norm_32_flip",
        "max_batches": null,
        "uid": "cac9e1582511f93cefcb9518dad95595",
        "duration": 30836035095,
        "accuracy": 0.4549,
        "train_loss": 1.4576058008176895,
        "test_loss": 1.4552801103348945,
        "train_accuracy": 0.45492,
        "gradient_norm": 1.6728721889758036,
        "samples_per_second": 1621.489709542175,
        "best_accuracy": 0.4549,
        "best_epoch": 1,
        "cpu_type": "x86_64",
        "cpu_count": 128,
        "total_ram_kb": 263708948.0,
        "gpu_type": "NVIDIA GeForce RTX 3090",
        "gpu_total_memory_kb": 24703168.0,
        "occupied_ram_kb": 16914588.0,
        "ram_usage_percent": 8.2,
        "cpu_usage_percent": 0.2,
        "occupied_gpu_memory_kb": 17094.0,
        "gpu_memory_usage_percent": 0.07,
        "gpu_memory_kb": 6194574.5
    },
    "training_summary": {
        "total_epochs": 1,
        "best_accuracy": 0.4549,
        "final_accuracy": 0.4549
    },
    "uid": "fe37119bb38190c45115b765297fe99c"
}