{
    "config": {
        "task": "img-classification",
        "dataset": "cifar-10",
        "metric": "acc",
        "model": "GenFractalNet-8d102795d98299c3ef70603b6e56a8a9"
    },
    "hyperparameters": {
        "lr": 0.003,
        "momentum": 0.85,
        "batch": 64,
        "epoch": 1,
        "transform": "norm_32_flip",
        "max_batches": null,
        "uid": "2f2d598760b629b9174e1f9aaeecca8a",
        "duration": 34242724358,
        "accuracy": 0.3935,
        "train_loss": 1.6880068875029874,
        "test_loss": 1.6820525568761644,
        "train_accuracy": 0.37946,
        "gradient_norm": 2.5800865835010764,
        "samples_per_second": 1460.1745419247363,
        "best_accuracy": 0.3935,
        "best_epoch": 1,
        "cpu_type": "x86_64",
        "cpu_count": 128,
        "total_ram_kb": 263708948.0,
        "gpu_type": "NVIDIA GeForce RTX 3090",
        "gpu_total_memory_kb": 24703168.0,
        "occupied_ram_kb": 23104592.0,
        "ram_usage_percent": 10.5,
        "cpu_usage_percent": 2.8,
        "occupied_gpu_memory_kb": 16841.5,
        "gpu_memory_usage_percent": 0.07,
        "gpu_memory_kb": 5718054.0
    },
    "training_summary": {
        "total_epochs": 1,
        "best_accuracy": 0.3935,
        "final_accuracy": 0.3935
    },
    "uid": "8d102795d98299c3ef70603b6e56a8a9"
}