{
    "config": {
        "task": "img-classification",
        "dataset": "cifar-10",
        "metric": "acc",
        "model": "GenFractalNet-8140f06fd1dabaf334de16d03b432407"
    },
    "hyperparameters": {
        "lr": 0.005,
        "momentum": 0.92,
        "batch": 64,
        "epoch": 1,
        "transform": "norm_32_flip",
        "max_batches": null,
        "uid": "ef1fc8828fb58640dee7e64df834685d",
        "duration": 34019605502,
        "accuracy": 0.3533,
        "train_loss": 1.6593528825913548,
        "test_loss": 1.660131259329,
        "train_accuracy": 0.35346,
        "gradient_norm": 0.44607824222502335,
        "samples_per_second": 1469.7515940696214,
        "best_accuracy": 0.3533,
        "best_epoch": 1,
        "cpu_type": "x86_64",
        "cpu_count": 128,
        "total_ram_kb": 263708948.0,
        "gpu_type": "NVIDIA GeForce RTX 3090",
        "gpu_total_memory_kb": 24703168.0,
        "occupied_ram_kb": 27158424.0,
        "ram_usage_percent": 12.0,
        "cpu_usage_percent": 2.1,
        "occupied_gpu_memory_kb": 17190.5,
        "gpu_memory_usage_percent": 0.07,
        "gpu_memory_kb": 5330199.0
    },
    "training_summary": {
        "total_epochs": 1,
        "best_accuracy": 0.3533,
        "final_accuracy": 0.3533
    },
    "uid": "8140f06fd1dabaf334de16d03b432407"
}