{
    "config": {
        "task": "img-classification",
        "dataset": "cifar-10",
        "metric": "acc",
        "model": "GenFractalNet-d984af9fa927ad3685c01f37795d132e"
    },
    "hyperparameters": {
        "lr": 0.005,
        "momentum": 0.8,
        "batch": 64,
        "epoch": 1,
        "transform": "norm_32_flip",
        "max_batches": null,
        "uid": "f4cce3862c7c6d42c62fdd6855331be8",
        "duration": 33526011107,
        "accuracy": 0.5215,
        "train_loss": 1.3252582567579605,
        "test_loss": 1.3285848957717799,
        "train_accuracy": 0.52424,
        "gradient_norm": 2.999999848162791,
        "samples_per_second": 1491.387722171427,
        "best_accuracy": 0.5215,
        "best_epoch": 1,
        "cpu_type": "x86_64",
        "cpu_count": 32,
        "total_ram_kb": 131724388.0,
        "gpu_type": "NVIDIA GeForce RTX 3090",
        "gpu_total_memory_kb": 24703168.0,
        "occupied_ram_kb": 17237208.0,
        "ram_usage_percent": 15.4,
        "cpu_usage_percent": 0.0,
        "occupied_gpu_memory_kb": 37265.5,
        "gpu_memory_usage_percent": 0.15,
        "gpu_memory_kb": 4411018.0
    },
    "training_summary": {
        "total_epochs": 1,
        "best_accuracy": 0.5215,
        "final_accuracy": 0.5215
    },
    "uid": "d984af9fa927ad3685c01f37795d132e"
}