{
    "eval_args": {
        "model_package": "/home/s497466/nn-gpt/out/nngpt/llm/epoch/A0/synth_nn/B85",
        "task": "img-classification",
        "dataset": "imagenette",
        "metric": "acc",
        "prm": {
            "lr": 0.01,
            "batch": 32,
            "dropout": 0.2,
            "momentum": 0.9,
            "transform": "norm_256_flip",
            "stochastic_depth_prob": 0.0,
            "norm_eps": 1e-05,
            "norm_std": 0.5,
            "tie_weights": 0.0,
            "dropout_aux": 0.0,
            "attention_dropout": 0.0,
            "norm_momentum": 0.1,
            "score_thresh": 0.01,
            "nms_thresh": 0.45,
            "iou_thresh": 0.5,
            "detections_per_img": 0.5,
            "topk_candidates": 0.5,
            "neg_to_pos_ratio": 0.5,
            "pretrained": 0.0,
            "patch_size": 0.125,
            "epoch": 1,
            "uid": "b9095d884c36ec05935d296b86e19df1",
            "duration": 345826008412,
            "duration_seconds": 345.83,
            "accuracy": 0.40687898089171975,
            "train_stat": {
                "train_loss": 2.0543027508408636,
                "test_loss": 2.1567226973006397,
                "train_accuracy": 0.27795965783081633,
                "gradient_norm": 2.99999981862199,
                "samples_per_second": 27.381513089608358,
                "best_accuracy": 0.40687898089171975,
                "best_epoch": 1,
                "epoch_max": 1,
                "cpu_count": 128,
                "cpu_type": "x86_64",
                "cpu_usage_percent": 0.8,
                "total_ram_kb": 527801156.0,
                "occupied_ram_kb": 48146356.0,
                "ram_usage_percent": 9.1,
                "gpu_type": "NVIDIA L40",
                "gpu_memory_kb": 27318589.0,
                "gpu_total_memory_kb": 49677504.0,
                "occupied_gpu_memory_kb": 300409.5,
                "gpu_memory_usage_percent": 0.6
            },
            "metric_acc": 0.40687898089171975
        }
    },
    "eval_results": {
        "checksum": "FractalFusion-1b-9fb9137168c842d599b9aca9c6bef509",
        "accuracy": 0.40687898089171975,
        "full_result": "('FractalFusion-1b-9fb9137168c842d599b9aca9c6bef509', 0.40687898089171975, 0.08873797037443155, 0.57)"
    },
    "cli_args": {
        "task": "img-classification",
        "dataset": "imagenette",
        "metric": "acc",
        "lr": 0.01,
        "batch": 32,
        "dropout": 0.2,
        "momentum": 0.9,
        "transform": "norm_256_flip"
    }
}