{
    "eval_args": {
        "model_package": "/home/s497466/nn-gpt/out/nngpt/llm/epoch/A0/synth_nn/B99",
        "task": "img-classification",
        "dataset": "imagenette",
        "metric": "acc",
        "prm": {
            "lr": 0.01,
            "batch": 32,
            "dropout": 0.2,
            "momentum": 0.9,
            "transform": "norm_256_flip",
            "stochastic_depth_prob": 0.0,
            "norm_eps": 1e-05,
            "norm_std": 0.5,
            "tie_weights": 0.0,
            "dropout_aux": 0.0,
            "attention_dropout": 0.0,
            "norm_momentum": 0.1,
            "score_thresh": 0.01,
            "nms_thresh": 0.45,
            "iou_thresh": 0.5,
            "detections_per_img": 0.5,
            "topk_candidates": 0.5,
            "neg_to_pos_ratio": 0.5,
            "pretrained": 0.0,
            "patch_size": 0.125,
            "epoch": 1,
            "uid": "b9095d884c36ec05935d296b86e19df1",
            "duration": 100026713285,
            "duration_seconds": 100.03,
            "accuracy": 0.25681528662420383,
            "train_stat": {
                "train_loss": 2.206963452608989,
                "test_loss": 2.0724850137059283,
                "train_accuracy": 0.17636498046256205,
                "gradient_norm": 2.1065541429399572,
                "samples_per_second": 94.66552801719223,
                "best_accuracy": 0.25681528662420383,
                "best_epoch": 1,
                "epoch_max": 1,
                "cpu_count": 256,
                "cpu_type": "x86_64",
                "cpu_usage_percent": 4.5,
                "total_ram_kb": 527761880.0,
                "occupied_ram_kb": 134330576.0,
                "ram_usage_percent": 25.5,
                "gpu_type": "NVIDIA L40",
                "gpu_memory_kb": 26971911.0,
                "gpu_total_memory_kb": 49677504.0,
                "occupied_gpu_memory_kb": 35609.0,
                "gpu_memory_usage_percent": 0.07
            },
            "metric_acc": 0.25681528662420383
        }
    },
    "eval_results": {
        "checksum": "FractalFusion-1b-2f61177f5468efec9874e6af6b1858c2",
        "accuracy": 0.25681528662420383,
        "full_result": "('FractalFusion-1b-2f61177f5468efec9874e6af6b1858c2', 0.25681528662420383, 0.15677340729710834, 0.58)"
    },
    "cli_args": {
        "task": "img-classification",
        "dataset": "imagenette",
        "metric": "acc",
        "lr": 0.01,
        "batch": 32,
        "dropout": 0.2,
        "momentum": 0.9,
        "transform": "norm_256_flip"
    }
}