{
    "config": {
        "task": "img-classification",
        "dataset": "cifar-10",
        "metric": "acc",
        "model": "GenFractalNet-8d53555b479cddf873bd628fe5101147"
    },
    "hyperparameters": {
        "lr": 0.01,
        "momentum": 0.95,
        "batch": 64,
        "epoch": 1,
        "transform": "norm_32_flip",
        "max_batches": null,
        "uid": "7e0d9d3a4af27bbe52d1557a4daae329",
        "duration": 35024744163,
        "accuracy": 0.3728,
        "train_loss": 1.7192113260783808,
        "test_loss": 1.7110377952551385,
        "train_accuracy": 0.36308,
        "gradient_norm": 0.5859658720095543,
        "samples_per_second": 1427.5707106397226,
        "best_accuracy": 0.3728,
        "best_epoch": 1,
        "cpu_type": "x86_64",
        "cpu_count": 128,
        "total_ram_kb": 263708948.0,
        "gpu_type": "NVIDIA GeForce RTX 3090",
        "gpu_total_memory_kb": 24703168.0,
        "occupied_ram_kb": 29630672.0,
        "ram_usage_percent": 13.0,
        "cpu_usage_percent": 6.4,
        "occupied_gpu_memory_kb": 17051.0,
        "gpu_memory_usage_percent": 0.07,
        "gpu_memory_kb": 5390012.5
    },
    "training_summary": {
        "total_epochs": 1,
        "best_accuracy": 0.3728,
        "final_accuracy": 0.3728
    },
    "uid": "8d53555b479cddf873bd628fe5101147"
}