{
    "config": {
        "task": "img-classification",
        "dataset": "cifar-10",
        "metric": "acc",
        "model": "GenFractalNet-76efa4cc4a525c7195601fd4e8a7382a"
    },
    "hyperparameters": {
        "lr": 0.001,
        "momentum": 0.95,
        "batch": 64,
        "epoch": 1,
        "transform": "norm_32_flip",
        "max_batches": null,
        "uid": "413233aa5202d01e749eded26a1af0b4",
        "duration": 34792332077,
        "accuracy": 0.4091,
        "train_loss": 1.5896639217196218,
        "test_loss": 1.576383236107553,
        "train_accuracy": 0.39866,
        "gradient_norm": 0.9450420124663778,
        "samples_per_second": 1437.1070017708835,
        "best_accuracy": 0.4091,
        "best_epoch": 1,
        "cpu_type": "x86_64",
        "cpu_count": 128,
        "total_ram_kb": 263708948.0,
        "gpu_type": "NVIDIA GeForce RTX 3090",
        "gpu_total_memory_kb": 24703168.0,
        "occupied_ram_kb": 34033368.0,
        "ram_usage_percent": 14.7,
        "cpu_usage_percent": 5.9,
        "occupied_gpu_memory_kb": 19079.0,
        "gpu_memory_usage_percent": 0.08,
        "gpu_memory_kb": 5390012.5
    },
    "training_summary": {
        "total_epochs": 1,
        "best_accuracy": 0.4091,
        "final_accuracy": 0.4091
    },
    "uid": "76efa4cc4a525c7195601fd4e8a7382a"
}