{
    "config": {
        "task": "img-classification",
        "dataset": "cifar-10",
        "metric": "acc",
        "model": "GenFractalNet-71a98ffa36912a36205bbb4917b9e5d5"
    },
    "hyperparameters": {
        "lr": 0.005,
        "momentum": 0.95,
        "batch": 64,
        "epoch": 1,
        "transform": "norm_32_flip",
        "max_batches": null,
        "uid": "c3bab3e9931db53638d2791332ae0024",
        "duration": 44141313923,
        "accuracy": 0.3054,
        "train_loss": 1.846832722044357,
        "test_loss": 1.8377662327638857,
        "train_accuracy": 0.3078,
        "gradient_norm": 0.534359729294811,
        "samples_per_second": 1132.7379189663964,
        "best_accuracy": 0.3054,
        "best_epoch": 1,
        "cpu_type": "x86_64",
        "cpu_count": 32,
        "total_ram_kb": 131724388.0,
        "gpu_type": "NVIDIA GeForce RTX 4090",
        "gpu_total_memory_kb": 24658816.0,
        "occupied_ram_kb": 17366320.0,
        "ram_usage_percent": 15.5,
        "cpu_usage_percent": 0.3,
        "occupied_gpu_memory_kb": 352257.5,
        "gpu_memory_usage_percent": 1.43,
        "gpu_memory_kb": 5660059.5
    },
    "training_summary": {
        "total_epochs": 1,
        "best_accuracy": 0.3054,
        "final_accuracy": 0.3054
    },
    "uid": "71a98ffa36912a36205bbb4917b9e5d5"
}