{
    "config": {
        "task": "img-classification",
        "dataset": "cifar-10",
        "metric": "acc",
        "model": "GenFractalNet-c2368de601ffc422731d177c43eb914d"
    },
    "hyperparameters": {
        "lr": 0.002,
        "momentum": 0.75,
        "batch": 64,
        "epoch": 1,
        "transform": "norm_32_flip",
        "max_batches": null,
        "uid": "6bfdc27f6d9d8f236e46fa967d0411b8",
        "duration": 33427750303,
        "accuracy": 0.6307,
        "train_loss": 0.9981739868593338,
        "test_loss": 1.0314194161421175,
        "train_accuracy": 0.64248,
        "gradient_norm": 0.9669649834774874,
        "samples_per_second": 1495.7752874049947,
        "best_accuracy": 0.6307,
        "best_epoch": 1,
        "cpu_type": "x86_64",
        "cpu_count": 32,
        "total_ram_kb": 131724388.0,
        "gpu_type": "NVIDIA GeForce RTX 3090",
        "gpu_total_memory_kb": 24703168.0,
        "occupied_ram_kb": 17366924.0,
        "ram_usage_percent": 15.5,
        "cpu_usage_percent": 0.3,
        "occupied_gpu_memory_kb": 22029.5,
        "gpu_memory_usage_percent": 0.09,
        "gpu_memory_kb": 4434780.0
    },
    "training_summary": {
        "total_epochs": 1,
        "best_accuracy": 0.6307,
        "final_accuracy": 0.6307
    },
    "uid": "c2368de601ffc422731d177c43eb914d"
}