{
    "config": {
        "task": "img-classification",
        "dataset": "cifar-10",
        "metric": "acc",
        "model": "GenFractalNet-4545c91b396c721cfd6f43eeda71e37b"
    },
    "hyperparameters": {
        "lr": 0.005,
        "momentum": 0.95,
        "batch": 64,
        "epoch": 1,
        "transform": "norm_32_flip",
        "max_batches": null,
        "uid": "c3bab3e9931db53638d2791332ae0024",
        "duration": 35544591224,
        "accuracy": 0.6724,
        "train_loss": 0.8780417619916179,
        "test_loss": 0.9075925215414375,
        "train_accuracy": 0.68664,
        "gradient_norm": 2.315250764445513,
        "samples_per_second": 1406.6955114714794,
        "best_accuracy": 0.6724,
        "best_epoch": 1,
        "cpu_type": "x86_64",
        "cpu_count": 128,
        "total_ram_kb": 263708948.0,
        "gpu_type": "NVIDIA GeForce RTX 3090",
        "gpu_total_memory_kb": 24703168.0,
        "occupied_ram_kb": 33528896.0,
        "ram_usage_percent": 14.5,
        "cpu_usage_percent": 5.8,
        "occupied_gpu_memory_kb": 22393.5,
        "gpu_memory_usage_percent": 0.09,
        "gpu_memory_kb": 6272893.5
    },
    "training_summary": {
        "total_epochs": 1,
        "best_accuracy": 0.6724,
        "final_accuracy": 0.6724
    },
    "uid": "4545c91b396c721cfd6f43eeda71e37b"
}