{
    "config": {
        "task": "img-classification",
        "dataset": "cifar-10",
        "metric": "acc",
        "model": "GenFractalNet-123900623805b3f4cd6561b498f59196"
    },
    "hyperparameters": {
        "lr": 0.01,
        "momentum": 0.95,
        "batch": 64,
        "epoch": 1,
        "transform": "norm_32_flip",
        "max_batches": null,
        "uid": "7e0d9d3a4af27bbe52d1557a4daae329",
        "duration": 35767143103,
        "accuracy": 0.3238,
        "train_loss": 2.036188377596228,
        "test_loss": 2.042529732558378,
        "train_accuracy": 0.32372,
        "gradient_norm": 0.32582382518067765,
        "samples_per_second": 1397.9384874897264,
        "best_accuracy": 0.3238,
        "best_epoch": 1,
        "cpu_type": "x86_64",
        "cpu_count": 128,
        "total_ram_kb": 263708948.0,
        "gpu_type": "NVIDIA GeForce RTX 3090",
        "gpu_total_memory_kb": 24703168.0,
        "occupied_ram_kb": 31487820.0,
        "ram_usage_percent": 13.7,
        "cpu_usage_percent": 4.8,
        "occupied_gpu_memory_kb": 17302.0,
        "gpu_memory_usage_percent": 0.07,
        "gpu_memory_kb": 6272893.5
    },
    "training_summary": {
        "total_epochs": 1,
        "best_accuracy": 0.3238,
        "final_accuracy": 0.3238
    },
    "uid": "123900623805b3f4cd6561b498f59196"
}