{
    "config": {
        "task": "img-classification",
        "dataset": "cifar-10",
        "metric": "acc",
        "model": "GenFractalNet-3ac5f8740da609a207f073516f4b136d"
    },
    "hyperparameters": {
        "lr": 0.005,
        "momentum": 0.85,
        "batch": 64,
        "epoch": 1,
        "transform": "norm_32_flip",
        "max_batches": null,
        "uid": "66c0389308131baca1c2e07779bf8112",
        "duration": 33356776459,
        "accuracy": 0.4064,
        "train_loss": 1.6166211852941976,
        "test_loss": 1.6102972061011442,
        "train_accuracy": 0.4055,
        "gradient_norm": 1.9745387559561256,
        "samples_per_second": 1498.9602998807459,
        "best_accuracy": 0.4064,
        "best_epoch": 1,
        "cpu_type": "x86_64",
        "cpu_count": 32,
        "total_ram_kb": 131724388.0,
        "gpu_type": "NVIDIA GeForce RTX 3090",
        "gpu_total_memory_kb": 24703168.0,
        "occupied_ram_kb": 17173952.0,
        "ram_usage_percent": 15.3,
        "cpu_usage_percent": 6.5,
        "occupied_gpu_memory_kb": 23125.0,
        "gpu_memory_usage_percent": 0.09,
        "gpu_memory_kb": 6192350.0
    },
    "training_summary": {
        "total_epochs": 1,
        "best_accuracy": 0.4064,
        "final_accuracy": 0.4064
    },
    "uid": "3ac5f8740da609a207f073516f4b136d"
}