{
    "config": {
        "task": "img-classification",
        "dataset": "cifar-10",
        "metric": "acc",
        "model": "GenFractalNet-8069120125fb169db10b8cd21f05ca85"
    },
    "hyperparameters": {
        "lr": 0.001,
        "momentum": 0.85,
        "batch": 64,
        "epoch": 1,
        "transform": "norm_32_flip",
        "max_batches": null,
        "uid": "5f6961db3de4ccef5e8e9c68f113375a",
        "duration": 40481024959,
        "accuracy": 0.4121,
        "train_loss": 1.5572861147963482,
        "test_loss": 1.5637340879744026,
        "train_accuracy": 0.41386,
        "gradient_norm": 0.687492384812281,
        "samples_per_second": 1235.1568052127109,
        "best_accuracy": 0.4121,
        "best_epoch": 1,
        "cpu_type": "x86_64",
        "cpu_count": 128,
        "total_ram_kb": 263708948.0,
        "gpu_type": "NVIDIA GeForce RTX 3090",
        "gpu_total_memory_kb": 24703168.0,
        "occupied_ram_kb": 33202432.0,
        "ram_usage_percent": 14.3,
        "cpu_usage_percent": 6.7,
        "occupied_gpu_memory_kb": 36793.0,
        "gpu_memory_usage_percent": 0.15,
        "gpu_memory_kb": 2135481.5
    },
    "training_summary": {
        "total_epochs": 1,
        "best_accuracy": 0.4121,
        "final_accuracy": 0.4121
    },
    "uid": "8069120125fb169db10b8cd21f05ca85"
}